ISO-10303-21;
HEADER;
FILE_DESCRIPTION(('FreeCAD Model'),'2;1');
FILE_NAME('Open CASCADE Shape Model','2026-09-15T19:42:16',('FreeCAD'),(
    'FreeCAD'),'Open CASCADE STEP processor 7.8','FreeCAD','Unknown');
FILE_SCHEMA(('AUTOMOTIVE_DESIGN { 1 0 10303 214 1 1 1 1 }'));
ENDSEC;
DATA;
#1 = APPLICATION_PROTOCOL_DEFINITION('international standard',
  'automotive_design',2000,#2);
#2 = APPLICATION_CONTEXT(
  'core data for automotive mechanical design processes');
#3 = SHAPE_DEFINITION_REPRESENTATION(#4,#10);
#4 = PRODUCT_DEFINITION_SHAPE('','',#5);
#5 = PRODUCT_DEFINITION('design','',#6,#9);
#6 = PRODUCT_DEFINITION_FORMATION('','',#7);
#7 = PRODUCT('Open CASCADE STEP translator 7.8 22',
  'Open CASCADE STEP translator 7.8 22','',(#8));
#8 = PRODUCT_CONTEXT('',#2,'mechanical');
#9 = PRODUCT_DEFINITION_CONTEXT('part definition',#2,'design');
#10 = SHAPE_REPRESENTATION('',(#11,#15,#1401,#1499,#1597,#1695,#1793,
    #1891,#1989,#6773,#7345),#13486);
#11 = AXIS2_PLACEMENT_3D('',#12,#13,#14);
#12 = CARTESIAN_POINT('',(0.,0.,0.));
#13 = DIRECTION('',(0.,0.,1.));
#14 = DIRECTION('',(1.,0.,-0.));
#15 = MANIFOLD_SOLID_BREP('',#16);
#16 = CLOSED_SHELL('',(#17,#62,#98,#134,#170,#206,#242,#278,#314,#350,
    #386,#422,#458,#494,#530,#566,#602,#638,#674,#710,#746,#782,#818,
    #854,#890,#926,#962,#998,#1034,#1070,#1106,#1142,#1178,#1214,#1250,
    #1286,#1313,#1357));
#17 = ADVANCED_FACE('',(#18),#54,.F.);
#18 = FACE_BOUND('',#19,.F.);
#19 = EDGE_LOOP('',(#20,#30,#39,#47));
#20 = ORIENTED_EDGE('',*,*,#21,.T.);
#21 = EDGE_CURVE('',#22,#24,#26,.T.);
#22 = VERTEX_POINT('',#23);
#23 = CARTESIAN_POINT('',(-48.19886421556,160.9675064123,2.25));
#24 = VERTEX_POINT('',#25);
#25 = CARTESIAN_POINT('',(-48.19886421556,160.9675064123,24.25));
#26 = LINE('',#27,#28);
#27 = CARTESIAN_POINT('',(-48.19886421556,160.9675064123,2.25));
#28 = VECTOR('',#29,1.);
#29 = DIRECTION('',(0.,0.,1.));
#30 = ORIENTED_EDGE('',*,*,#31,.T.);
#31 = EDGE_CURVE('',#24,#32,#34,.T.);
#32 = VERTEX_POINT('',#33);
#33 = CARTESIAN_POINT('',(-60.64320242456,160.17182412138,24.25));
#34 = B_SPLINE_CURVE_WITH_KNOTS('',3,(#35,#36,#37,#38),.UNSPECIFIED.,.F.
  ,.F.,(4,4),(0.,1.),.PIECEWISE_BEZIER_KNOTS.);
#35 = CARTESIAN_POINT('',(-48.19886421556,160.9675064123,24.25));
#36 = CARTESIAN_POINT('',(-52.78818335106,160.76010196611,24.25));
#37 = CARTESIAN_POINT('',(-56.9362960874,160.49486748024,24.25));
#38 = CARTESIAN_POINT('',(-60.64320242456,160.17182412138,24.25));
#39 = ORIENTED_EDGE('',*,*,#40,.F.);
#40 = EDGE_CURVE('',#41,#32,#43,.T.);
#41 = VERTEX_POINT('',#42);
#42 = CARTESIAN_POINT('',(-60.64320242456,160.17182412138,2.25));
#43 = LINE('',#44,#45);
#44 = CARTESIAN_POINT('',(-60.64320242456,160.17182412138,2.25));
#45 = VECTOR('',#46,1.);
#46 = DIRECTION('',(0.,0.,1.));
#47 = ORIENTED_EDGE('',*,*,#48,.F.);
#48 = EDGE_CURVE('',#22,#41,#49,.T.);
#49 = B_SPLINE_CURVE_WITH_KNOTS('',3,(#50,#51,#52,#53),.UNSPECIFIED.,.F.
  ,.F.,(4,4),(0.,1.),.PIECEWISE_BEZIER_KNOTS.);
#50 = CARTESIAN_POINT('',(-48.19886421556,160.9675064123,2.25));
#51 = CARTESIAN_POINT('',(-52.78818335106,160.76010196611,2.25));
#52 = CARTESIAN_POINT('',(-56.9362960874,160.49486748024,2.25));
#53 = CARTESIAN_POINT('',(-60.64320242456,160.17182412138,2.25));
#54 = SURFACE_OF_LINEAR_EXTRUSION('',#55,#60);
#55 = B_SPLINE_CURVE_WITH_KNOTS('',3,(#56,#57,#58,#59),.UNSPECIFIED.,.F.
  ,.F.,(4,4),(0.,1.),.PIECEWISE_BEZIER_KNOTS.);
#56 = CARTESIAN_POINT('',(-48.19886421556,160.9675064123,2.25));
#57 = CARTESIAN_POINT('',(-52.78818335106,160.76010196611,2.25));
#58 = CARTESIAN_POINT('',(-56.9362960874,160.49486748024,2.25));
#59 = CARTESIAN_POINT('',(-60.64320242456,160.17182412138,2.25));
#60 = VECTOR('',#61,1.);
#61 = DIRECTION('',(-0.,-0.,-1.));
#62 = ADVANCED_FACE('',(#63),#90,.F.);
#63 = FACE_BOUND('',#64,.F.);
#64 = EDGE_LOOP('',(#65,#66,#75,#83));
#65 = ORIENTED_EDGE('',*,*,#40,.T.);
#66 = ORIENTED_EDGE('',*,*,#67,.T.);
#67 = EDGE_CURVE('',#32,#68,#70,.T.);
#68 = VERTEX_POINT('',#69);
#69 = CARTESIAN_POINT('',(-88.14330320011,153.17848242869,24.25));
#70 = B_SPLINE_CURVE_WITH_KNOTS('',3,(#71,#72,#73,#74),.UNSPECIFIED.,.F.
  ,.F.,(4,4),(0.,1.),.PIECEWISE_BEZIER_KNOTS.);
#71 = CARTESIAN_POINT('',(-60.64320242456,160.17182412138,24.25));
#72 = CARTESIAN_POINT('',(-70.03490458518,159.35540112126,24.25));
#73 = CARTESIAN_POINT('',(-79.87535906954,158.048744379,24.25));
#74 = CARTESIAN_POINT('',(-88.14330320011,153.17848242869,24.25));
#75 = ORIENTED_EDGE('',*,*,#76,.F.);
#76 = EDGE_CURVE('',#77,#68,#79,.T.);
#77 = VERTEX_POINT('',#78);
#78 = CARTESIAN_POINT('',(-88.14330320011,153.17848242869,2.25));
#79 = LINE('',#80,#81);
#80 = CARTESIAN_POINT('',(-88.14330320011,153.17848242869,2.25));
#81 = VECTOR('',#82,1.);
#82 = DIRECTION('',(0.,0.,1.));
#83 = ORIENTED_EDGE('',*,*,#84,.F.);
#84 = EDGE_CURVE('',#41,#77,#85,.T.);
#85 = B_SPLINE_CURVE_WITH_KNOTS('',3,(#86,#87,#88,#89),.UNSPECIFIED.,.F.
  ,.F.,(4,4),(0.,1.),.PIECEWISE_BEZIER_KNOTS.);
#86 = CARTESIAN_POINT('',(-60.64320242456,160.17182412138,2.25));
#87 = CARTESIAN_POINT('',(-70.03490458518,159.35540112126,2.25));
#88 = CARTESIAN_POINT('',(-79.87535906954,158.048744379,2.25));
#89 = CARTESIAN_POINT('',(-88.14330320011,153.17848242869,2.25));
#90 = SURFACE_OF_LINEAR_EXTRUSION('',#91,#96);
#91 = B_SPLINE_CURVE_WITH_KNOTS('',3,(#92,#93,#94,#95),.UNSPECIFIED.,.F.
  ,.F.,(4,4),(0.,1.),.PIECEWISE_BEZIER_KNOTS.);
#92 = CARTESIAN_POINT('',(-60.64320242456,160.17182412138,2.25));
#93 = CARTESIAN_POINT('',(-70.03490458518,159.35540112126,2.25));
#94 = CARTESIAN_POINT('',(-79.87535906954,158.048744379,2.25));
#95 = CARTESIAN_POINT('',(-88.14330320011,153.17848242869,2.25));
#96 = VECTOR('',#97,1.);
#97 = DIRECTION('',(-0.,-0.,-1.));
#98 = ADVANCED_FACE('',(#99),#126,.F.);
#99 = FACE_BOUND('',#100,.F.);
#100 = EDGE_LOOP('',(#101,#102,#111,#119));
#101 = ORIENTED_EDGE('',*,*,#76,.T.);
#102 = ORIENTED_EDGE('',*,*,#103,.T.);
#103 = EDGE_CURVE('',#68,#104,#106,.T.);
#104 = VERTEX_POINT('',#105);
#105 = CARTESIAN_POINT('',(-104.8922500592,132.40963740492,24.25));
#106 = B_SPLINE_CURVE_WITH_KNOTS('',3,(#107,#108,#109,#110),
  .UNSPECIFIED.,.F.,.F.,(4,4),(0.,1.),.PIECEWISE_BEZIER_KNOTS.);
#107 = CARTESIAN_POINT('',(-88.14330320011,153.17848242869,24.25));
#108 = CARTESIAN_POINT('',(-96.22080798558,148.42323761956,24.25));
#109 = CARTESIAN_POINT('',(-101.8037920358,141.50028310469,24.25));
#110 = CARTESIAN_POINT('',(-104.8922500592,132.40963740492,24.25));
#111 = ORIENTED_EDGE('',*,*,#112,.F.);
#112 = EDGE_CURVE('',#113,#104,#115,.T.);
#113 = VERTEX_POINT('',#114);
#114 = CARTESIAN_POINT('',(-104.8922500592,132.40963740492,2.25));
#115 = LINE('',#116,#117);
#116 = CARTESIAN_POINT('',(-104.8922500592,132.40963740492,2.25));
#117 = VECTOR('',#118,1.);
#118 = DIRECTION('',(0.,0.,1.));
#119 = ORIENTED_EDGE('',*,*,#120,.F.);
#120 = EDGE_CURVE('',#77,#113,#121,.T.);
#121 = B_SPLINE_CURVE_WITH_KNOTS('',3,(#122,#123,#124,#125),
  .UNSPECIFIED.,.F.,.F.,(4,4),(0.,1.),.PIECEWISE_BEZIER_KNOTS.);
#122 = CARTESIAN_POINT('',(-88.14330320011,153.17848242869,2.25));
#123 = CARTESIAN_POINT('',(-96.22080798558,148.42323761956,2.25));
#124 = CARTESIAN_POINT('',(-101.8037920358,141.50028310469,2.25));
#125 = CARTESIAN_POINT('',(-104.8922500592,132.40963740492,2.25));
#126 = SURFACE_OF_LINEAR_EXTRUSION('',#127,#132);
#127 = B_SPLINE_CURVE_WITH_KNOTS('',3,(#128,#129,#130,#131),
  .UNSPECIFIED.,.F.,.F.,(4,4),(0.,1.),.PIECEWISE_BEZIER_KNOTS.);
#128 = CARTESIAN_POINT('',(-88.14330320011,153.17848242869,2.25));
#129 = CARTESIAN_POINT('',(-96.22080798558,148.42323761956,2.25));
#130 = CARTESIAN_POINT('',(-101.8037920358,141.50028310469,2.25));
#131 = CARTESIAN_POINT('',(-104.8922500592,132.40963740492,2.25));
#132 = VECTOR('',#133,1.);
#133 = DIRECTION('',(-0.,-0.,-1.));
#134 = ADVANCED_FACE('',(#135),#162,.F.);
#135 = FACE_BOUND('',#136,.F.);
#136 = EDGE_LOOP('',(#137,#138,#147,#155));
#137 = ORIENTED_EDGE('',*,*,#112,.T.);
#138 = ORIENTED_EDGE('',*,*,#139,.T.);
#139 = EDGE_CURVE('',#104,#140,#142,.T.);
#140 = VERTEX_POINT('',#141);
#141 = CARTESIAN_POINT('',(-108.9951084148,110.30396781567,24.25));
#142 = B_SPLINE_CURVE_WITH_KNOTS('',3,(#143,#144,#145,#146),
  .UNSPECIFIED.,.F.,.F.,(4,4),(0.,1.),.PIECEWISE_BEZIER_KNOTS.);
#143 = CARTESIAN_POINT('',(-104.8922500592,132.40963740492,24.25));
#144 = CARTESIAN_POINT('',(-107.3226648315,125.25791596317,24.25));
#145 = CARTESIAN_POINT('',(-108.3992899372,117.87238992261,24.25));
#146 = CARTESIAN_POINT('',(-108.9951084148,110.30396781567,24.25));
#147 = ORIENTED_EDGE('',*,*,#148,.F.);
#148 = EDGE_CURVE('',#149,#140,#151,.T.);
#149 = VERTEX_POINT('',#150);
#150 = CARTESIAN_POINT('',(-108.9951084148,110.30396781567,2.25));
#151 = LINE('',#152,#153);
#152 = CARTESIAN_POINT('',(-108.9951084148,110.30396781567,2.25));
#153 = VECTOR('',#154,1.);
#154 = DIRECTION('',(0.,0.,1.));
#155 = ORIENTED_EDGE('',*,*,#156,.F.);
#156 = EDGE_CURVE('',#113,#149,#157,.T.);
#157 = B_SPLINE_CURVE_WITH_KNOTS('',3,(#158,#159,#160,#161),
  .UNSPECIFIED.,.F.,.F.,(4,4),(0.,1.),.PIECEWISE_BEZIER_KNOTS.);
#158 = CARTESIAN_POINT('',(-104.8922500592,132.40963740492,2.25));
#159 = CARTESIAN_POINT('',(-107.3226648315,125.25791596317,2.25));
#160 = CARTESIAN_POINT('',(-108.3992899372,117.87238992261,2.25));
#161 = CARTESIAN_POINT('',(-108.9951084148,110.30396781567,2.25));
#162 = SURFACE_OF_LINEAR_EXTRUSION('',#163,#168);
#163 = B_SPLINE_CURVE_WITH_KNOTS('',3,(#164,#165,#166,#167),
  .UNSPECIFIED.,.F.,.F.,(4,4),(0.,1.),.PIECEWISE_BEZIER_KNOTS.);
#164 = CARTESIAN_POINT('',(-104.8922500592,132.40963740492,2.25));
#165 = CARTESIAN_POINT('',(-107.3226648315,125.25791596317,2.25));
#166 = CARTESIAN_POINT('',(-108.3992899372,117.87238992261,2.25));
#167 = CARTESIAN_POINT('',(-108.9951084148,110.30396781567,2.25));
#168 = VECTOR('',#169,1.);
#169 = DIRECTION('',(-0.,-0.,-1.));
#170 = ADVANCED_FACE('',(#171),#198,.F.);
#171 = FACE_BOUND('',#172,.F.);
#172 = EDGE_LOOP('',(#173,#174,#183,#191));
#173 = ORIENTED_EDGE('',*,*,#148,.T.);
#174 = ORIENTED_EDGE('',*,*,#175,.T.);
#175 = EDGE_CURVE('',#140,#176,#178,.T.);
#176 = VERTEX_POINT('',#177);
#177 = CARTESIAN_POINT('',(-110.1773209018,74.622658708638,24.25));
#178 = B_SPLINE_CURVE_WITH_KNOTS('',3,(#179,#180,#181,#182),
  .UNSPECIFIED.,.F.,.F.,(4,4),(0.,1.),.PIECEWISE_BEZIER_KNOTS.);
#179 = CARTESIAN_POINT('',(-108.9951084148,110.30396781567,24.25));
#180 = CARTESIAN_POINT('',(-109.9039240116,98.747704494264,24.25));
#181 = CARTESIAN_POINT('',(-110.0623064065,85.656636629369,24.25));
#182 = CARTESIAN_POINT('',(-110.1773209018,74.622658708638,24.25));
#183 = ORIENTED_EDGE('',*,*,#184,.F.);
#184 = EDGE_CURVE('',#185,#176,#187,.T.);
#185 = VERTEX_POINT('',#186);
#186 = CARTESIAN_POINT('',(-110.1773209018,74.622658708638,2.25));
#187 = LINE('',#188,#189);
#188 = CARTESIAN_POINT('',(-110.1773209018,74.622658708638,2.25));
#189 = VECTOR('',#190,1.);
#190 = DIRECTION('',(0.,0.,1.));
#191 = ORIENTED_EDGE('',*,*,#192,.F.);
#192 = EDGE_CURVE('',#149,#185,#193,.T.);
#193 = B_SPLINE_CURVE_WITH_KNOTS('',3,(#194,#195,#196,#197),
  .UNSPECIFIED.,.F.,.F.,(4,4),(0.,1.),.PIECEWISE_BEZIER_KNOTS.);
#194 = CARTESIAN_POINT('',(-108.9951084148,110.30396781567,2.25));
#195 = CARTESIAN_POINT('',(-109.9039240116,98.747704494264,2.25));
#196 = CARTESIAN_POINT('',(-110.0623064065,85.656636629369,2.25));
#197 = CARTESIAN_POINT('',(-110.1773209018,74.622658708638,2.25));
#198 = SURFACE_OF_LINEAR_EXTRUSION('',#199,#204);
#199 = B_SPLINE_CURVE_WITH_KNOTS('',3,(#200,#201,#202,#203),
  .UNSPECIFIED.,.F.,.F.,(4,4),(0.,1.),.PIECEWISE_BEZIER_KNOTS.);
#200 = CARTESIAN_POINT('',(-108.9951084148,110.30396781567,2.25));
#201 = CARTESIAN_POINT('',(-109.9039240116,98.747704494264,2.25));
#202 = CARTESIAN_POINT('',(-110.0623064065,85.656636629369,2.25));
#203 = CARTESIAN_POINT('',(-110.1773209018,74.622658708638,2.25));
#204 = VECTOR('',#205,1.);
#205 = DIRECTION('',(-0.,-0.,-1.));
#206 = ADVANCED_FACE('',(#207),#234,.F.);
#207 = FACE_BOUND('',#208,.F.);
#208 = EDGE_LOOP('',(#209,#210,#219,#227));
#209 = ORIENTED_EDGE('',*,*,#184,.T.);
#210 = ORIENTED_EDGE('',*,*,#211,.T.);
#211 = EDGE_CURVE('',#176,#212,#214,.T.);
#212 = VERTEX_POINT('',#213);
#213 = CARTESIAN_POINT('',(-110.122642053,49.500180337652,24.25));
#214 = B_SPLINE_CURVE_WITH_KNOTS('',3,(#215,#216,#217,#218),
  .UNSPECIFIED.,.F.,.F.,(4,4),(0.,1.),.PIECEWISE_BEZIER_KNOTS.);
#215 = CARTESIAN_POINT('',(-110.1773209018,74.622658708638,24.25));
#216 = CARTESIAN_POINT('',(-110.2577701944,67.019036398195,24.25));
#217 = CARTESIAN_POINT('',(-110.2395430295,58.644883114817,24.25));
#218 = CARTESIAN_POINT('',(-110.122642053,49.500180337652,24.25));
#219 = ORIENTED_EDGE('',*,*,#220,.F.);
#220 = EDGE_CURVE('',#221,#212,#223,.T.);
#221 = VERTEX_POINT('',#222);
#222 = CARTESIAN_POINT('',(-110.122642053,49.500180337652,2.25));
#223 = LINE('',#224,#225);
#224 = CARTESIAN_POINT('',(-110.122642053,49.500180337652,2.25));
#225 = VECTOR('',#226,1.);
#226 = DIRECTION('',(0.,0.,1.));
#227 = ORIENTED_EDGE('',*,*,#228,.F.);
#228 = EDGE_CURVE('',#185,#221,#229,.T.);
#229 = B_SPLINE_CURVE_WITH_KNOTS('',3,(#230,#231,#232,#233),
  .UNSPECIFIED.,.F.,.F.,(4,4),(0.,1.),.PIECEWISE_BEZIER_KNOTS.);
#230 = CARTESIAN_POINT('',(-110.1773209018,74.622658708638,2.25));
#231 = CARTESIAN_POINT('',(-110.2577701944,67.019036398195,2.25));
#232 = CARTESIAN_POINT('',(-110.2395430295,58.644883114817,2.25));
#233 = CARTESIAN_POINT('',(-110.122642053,49.500180337652,2.25));
#234 = SURFACE_OF_LINEAR_EXTRUSION('',#235,#240);
#235 = B_SPLINE_CURVE_WITH_KNOTS('',3,(#236,#237,#238,#239),
  .UNSPECIFIED.,.F.,.F.,(4,4),(0.,1.),.PIECEWISE_BEZIER_KNOTS.);
#236 = CARTESIAN_POINT('',(-110.1773209018,74.622658708638,2.25));
#237 = CARTESIAN_POINT('',(-110.2577701944,67.019036398195,2.25));
#238 = CARTESIAN_POINT('',(-110.2395430295,58.644883114817,2.25));
#239 = CARTESIAN_POINT('',(-110.122642053,49.500180337652,2.25));
#240 = VECTOR('',#241,1.);
#241 = DIRECTION('',(-0.,-0.,-1.));
#242 = ADVANCED_FACE('',(#243),#270,.F.);
#243 = FACE_BOUND('',#244,.F.);
#244 = EDGE_LOOP('',(#245,#246,#255,#263));
#245 = ORIENTED_EDGE('',*,*,#220,.T.);
#246 = ORIENTED_EDGE('',*,*,#247,.T.);
#247 = EDGE_CURVE('',#212,#248,#250,.T.);
#248 = VERTEX_POINT('',#249);
#249 = CARTESIAN_POINT('',(-109.1289797841,19.660167465751,24.25));
#250 = B_SPLINE_CURVE_WITH_KNOTS('',3,(#251,#252,#253,#254),
  .UNSPECIFIED.,.F.,.F.,(4,4),(0.,1.),.PIECEWISE_BEZIER_KNOTS.);
#251 = CARTESIAN_POINT('',(-110.122642053,49.500180337652,24.25));
#252 = CARTESIAN_POINT('',(-109.9906571649,39.263768543145,24.25));
#253 = CARTESIAN_POINT('',(-109.803990782,29.572271985493,24.25));
#254 = CARTESIAN_POINT('',(-109.1289797841,19.660167465751,24.25));
#255 = ORIENTED_EDGE('',*,*,#256,.F.);
#256 = EDGE_CURVE('',#257,#248,#259,.T.);
#257 = VERTEX_POINT('',#258);
#258 = CARTESIAN_POINT('',(-109.1289797841,19.660167465751,2.25));
#259 = LINE('',#260,#261);
#260 = CARTESIAN_POINT('',(-109.1289797841,19.660167465751,2.25));
#261 = VECTOR('',#262,1.);
#262 = DIRECTION('',(0.,0.,1.));
#263 = ORIENTED_EDGE('',*,*,#264,.F.);
#264 = EDGE_CURVE('',#221,#257,#265,.T.);
#265 = B_SPLINE_CURVE_WITH_KNOTS('',3,(#266,#267,#268,#269),
  .UNSPECIFIED.,.F.,.F.,(4,4),(0.,1.),.PIECEWISE_BEZIER_KNOTS.);
#266 = CARTESIAN_POINT('',(-110.122642053,49.500180337652,2.25));
#267 = CARTESIAN_POINT('',(-109.9906571649,39.263768543145,2.25));
#268 = CARTESIAN_POINT('',(-109.803990782,29.572271985493,2.25));
#269 = CARTESIAN_POINT('',(-109.1289797841,19.660167465751,2.25));
#270 = SURFACE_OF_LINEAR_EXTRUSION('',#271,#276);
#271 = B_SPLINE_CURVE_WITH_KNOTS('',3,(#272,#273,#274,#275),
  .UNSPECIFIED.,.F.,.F.,(4,4),(0.,1.),.PIECEWISE_BEZIER_KNOTS.);
#272 = CARTESIAN_POINT('',(-110.122642053,49.500180337652,2.25));
#273 = CARTESIAN_POINT('',(-109.9906571649,39.263768543145,2.25));
#274 = CARTESIAN_POINT('',(-109.803990782,29.572271985493,2.25));
#275 = CARTESIAN_POINT('',(-109.1289797841,19.660167465751,2.25));
#276 = VECTOR('',#277,1.);
#277 = DIRECTION('',(-0.,-0.,-1.));
#278 = ADVANCED_FACE('',(#279),#306,.F.);
#279 = FACE_BOUND('',#280,.F.);
#280 = EDGE_LOOP('',(#281,#282,#291,#299));
#281 = ORIENTED_EDGE('',*,*,#256,.T.);
#282 = ORIENTED_EDGE('',*,*,#283,.T.);
#283 = EDGE_CURVE('',#248,#284,#286,.T.);
#284 = VERTEX_POINT('',#285);
#285 = CARTESIAN_POINT('',(-107.4414522891,5.475506748209,24.25));
#286 = B_SPLINE_CURVE_WITH_KNOTS('',3,(#287,#288,#289,#290),
  .UNSPECIFIED.,.F.,.F.,(4,4),(0.,1.),.PIECEWISE_BEZIER_KNOTS.);
#287 = CARTESIAN_POINT('',(-109.1289797841,19.660167465751,24.25));
#288 = CARTESIAN_POINT('',(-108.7933607662,14.717629210646,24.25));
#289 = CARTESIAN_POINT('',(-108.2308507193,9.989406325629,24.25));
#290 = CARTESIAN_POINT('',(-107.4414522891,5.475506748209,24.25));
#291 = ORIENTED_EDGE('',*,*,#292,.F.);
#292 = EDGE_CURVE('',#293,#284,#295,.T.);
#293 = VERTEX_POINT('',#294);
#294 = CARTESIAN_POINT('',(-107.4414522891,5.475506748209,2.25));
#295 = LINE('',#296,#297);
#296 = CARTESIAN_POINT('',(-107.4414522891,5.475506748209,2.25));
#297 = VECTOR('',#298,1.);
#298 = DIRECTION('',(0.,0.,1.));
#299 = ORIENTED_EDGE('',*,*,#300,.F.);
#300 = EDGE_CURVE('',#257,#293,#301,.T.);
#301 = B_SPLINE_CURVE_WITH_KNOTS('',3,(#302,#303,#304,#305),
  .UNSPECIFIED.,.F.,.F.,(4,4),(0.,1.),.PIECEWISE_BEZIER_KNOTS.);
#302 = CARTESIAN_POINT('',(-109.1289797841,19.660167465751,2.25));
#303 = CARTESIAN_POINT('',(-108.7933607662,14.717629210646,2.25));
#304 = CARTESIAN_POINT('',(-108.2308507193,9.989406325629,2.25));
#305 = CARTESIAN_POINT('',(-107.4414522891,5.475506748209,2.25));
#306 = SURFACE_OF_LINEAR_EXTRUSION('',#307,#312);
#307 = B_SPLINE_CURVE_WITH_KNOTS('',3,(#308,#309,#310,#311),
  .UNSPECIFIED.,.F.,.F.,(4,4),(0.,1.),.PIECEWISE_BEZIER_KNOTS.);
#308 = CARTESIAN_POINT('',(-109.1289797841,19.660167465751,2.25));
#309 = CARTESIAN_POINT('',(-108.7933607662,14.717629210646,2.25));
#310 = CARTESIAN_POINT('',(-108.2308507193,9.989406325629,2.25));
#311 = CARTESIAN_POINT('',(-107.4414522891,5.475506748209,2.25));
#312 = VECTOR('',#313,1.);
#313 = DIRECTION('',(-0.,-0.,-1.));
#314 = ADVANCED_FACE('',(#315),#342,.F.);
#315 = FACE_BOUND('',#316,.F.);
#316 = EDGE_LOOP('',(#317,#318,#327,#335));
#317 = ORIENTED_EDGE('',*,*,#292,.T.);
#318 = ORIENTED_EDGE('',*,*,#319,.T.);
#319 = EDGE_CURVE('',#284,#320,#322,.T.);
#320 = VERTEX_POINT('',#321);
#321 = CARTESIAN_POINT('',(-105.1090816194,-3.669196028956,24.25));
#322 = B_SPLINE_CURVE_WITH_KNOTS('',3,(#323,#324,#325,#326),
  .UNSPECIFIED.,.F.,.F.,(4,4),(0.,1.),.PIECEWISE_BEZIER_KNOTS.);
#323 = CARTESIAN_POINT('',(-107.4414522891,5.475506748209,24.25));
#324 = CARTESIAN_POINT('',(-106.8933990906,2.33551312925,24.25));
#325 = CARTESIAN_POINT('',(-106.1159413188,-0.712722893695,24.25));
#326 = CARTESIAN_POINT('',(-105.1090816194,-3.669196028956,24.25));
#327 = ORIENTED_EDGE('',*,*,#328,.F.);
#328 = EDGE_CURVE('',#329,#320,#331,.T.);
#329 = VERTEX_POINT('',#330);
#330 = CARTESIAN_POINT('',(-105.1090816194,-3.669196028956,2.25));
#331 = LINE('',#332,#333);
#332 = CARTESIAN_POINT('',(-105.1090816194,-3.669196028956,2.25));
#333 = VECTOR('',#334,1.);
#334 = DIRECTION('',(0.,0.,1.));
#335 = ORIENTED_EDGE('',*,*,#336,.F.);
#336 = EDGE_CURVE('',#293,#329,#337,.T.);
#337 = B_SPLINE_CURVE_WITH_KNOTS('',3,(#338,#339,#340,#341),
  .UNSPECIFIED.,.F.,.F.,(4,4),(0.,1.),.PIECEWISE_BEZIER_KNOTS.);
#338 = CARTESIAN_POINT('',(-107.4414522891,5.475506748209,2.25));
#339 = CARTESIAN_POINT('',(-106.8933990906,2.33551312925,2.25));
#340 = CARTESIAN_POINT('',(-106.1159413188,-0.712722893695,2.25));
#341 = CARTESIAN_POINT('',(-105.1090816194,-3.669196028956,2.25));
#342 = SURFACE_OF_LINEAR_EXTRUSION('',#343,#348);
#343 = B_SPLINE_CURVE_WITH_KNOTS('',3,(#344,#345,#346,#347),
  .UNSPECIFIED.,.F.,.F.,(4,4),(0.,1.),.PIECEWISE_BEZIER_KNOTS.);
#344 = CARTESIAN_POINT('',(-107.4414522891,5.475506748209,2.25));
#345 = CARTESIAN_POINT('',(-106.8933990906,2.33551312925,2.25));
#346 = CARTESIAN_POINT('',(-106.1159413188,-0.712722893695,2.25));
#347 = CARTESIAN_POINT('',(-105.1090816194,-3.669196028956,2.25));
#348 = VECTOR('',#349,1.);
#349 = DIRECTION('',(-0.,-0.,-1.));
#350 = ADVANCED_FACE('',(#351),#378,.F.);
#351 = FACE_BOUND('',#352,.F.);
#352 = EDGE_LOOP('',(#353,#354,#363,#371));
#353 = ORIENTED_EDGE('',*,*,#328,.T.);
#354 = ORIENTED_EDGE('',*,*,#355,.T.);
#355 = EDGE_CURVE('',#320,#356,#358,.T.);
#356 = VERTEX_POINT('',#357);
#357 = CARTESIAN_POINT('',(-92.31969727854,-21.65314774283,24.25));
#358 = B_SPLINE_CURVE_WITH_KNOTS('',3,(#359,#360,#361,#362),
  .UNSPECIFIED.,.F.,.F.,(4,4),(0.,1.),.PIECEWISE_BEZIER_KNOTS.);
#359 = CARTESIAN_POINT('',(-105.1090816194,-3.669196028956,24.25));
#360 = CARTESIAN_POINT('',(-102.6051311243,-11.02266776514,24.25));
#361 = CARTESIAN_POINT('',(-98.34200124682,-17.01731745449,24.25));
#362 = CARTESIAN_POINT('',(-92.31969727854,-21.65314774283,24.25));
#363 = ORIENTED_EDGE('',*,*,#364,.F.);
#364 = EDGE_CURVE('',#365,#356,#367,.T.);
#365 = VERTEX_POINT('',#366);
#366 = CARTESIAN_POINT('',(-92.31969727854,-21.65314774283,2.25));
#367 = LINE('',#368,#369);
#368 = CARTESIAN_POINT('',(-92.31969727854,-21.65314774283,2.25));
#369 = VECTOR('',#370,1.);
#370 = DIRECTION('',(0.,0.,1.));
#371 = ORIENTED_EDGE('',*,*,#372,.F.);
#372 = EDGE_CURVE('',#329,#365,#373,.T.);
#373 = B_SPLINE_CURVE_WITH_KNOTS('',3,(#374,#375,#376,#377),
  .UNSPECIFIED.,.F.,.F.,(4,4),(0.,1.),.PIECEWISE_BEZIER_KNOTS.);
#374 = CARTESIAN_POINT('',(-105.1090816194,-3.669196028956,2.25));
#375 = CARTESIAN_POINT('',(-102.6051311243,-11.02266776514,2.25));
#376 = CARTESIAN_POINT('',(-98.34200124682,-17.01731745449,2.25));
#377 = CARTESIAN_POINT('',(-92.31969727854,-21.65314774283,2.25));
#378 = SURFACE_OF_LINEAR_EXTRUSION('',#379,#384);
#379 = B_SPLINE_CURVE_WITH_KNOTS('',3,(#380,#381,#382,#383),
  .UNSPECIFIED.,.F.,.F.,(4,4),(0.,1.),.PIECEWISE_BEZIER_KNOTS.);
#380 = CARTESIAN_POINT('',(-105.1090816194,-3.669196028956,2.25));
#381 = CARTESIAN_POINT('',(-102.6051311243,-11.02266776514,2.25));
#382 = CARTESIAN_POINT('',(-98.34200124682,-17.01731745449,2.25));
#383 = CARTESIAN_POINT('',(-92.31969727854,-21.65314774283,2.25));
#384 = VECTOR('',#385,1.);
#385 = DIRECTION('',(-0.,-0.,-1.));
#386 = ADVANCED_FACE('',(#387),#414,.F.);
#387 = FACE_BOUND('',#388,.F.);
#388 = EDGE_LOOP('',(#389,#390,#399,#407));
#389 = ORIENTED_EDGE('',*,*,#364,.T.);
#390 = ORIENTED_EDGE('',*,*,#391,.T.);
#391 = EDGE_CURVE('',#356,#392,#394,.T.);
#392 = VERTEX_POINT('',#393);
#393 = CARTESIAN_POINT('',(-90.33237274071,-23.39158377022,24.25));
#394 = B_SPLINE_CURVE_WITH_KNOTS('',3,(#395,#396,#397,#398),
  .UNSPECIFIED.,.F.,.F.,(4,4),(0.,1.),.PIECEWISE_BEZIER_KNOTS.);
#395 = CARTESIAN_POINT('',(-92.31969727854,-21.65314774283,24.25));
#396 = CARTESIAN_POINT('',(-91.19593660266,-22.51922250324,24.25));
#397 = CARTESIAN_POINT('',(-90.53349597199,-23.09870294293,24.25));
#398 = CARTESIAN_POINT('',(-90.33237274071,-23.39158377022,24.25));
#399 = ORIENTED_EDGE('',*,*,#400,.F.);
#400 = EDGE_CURVE('',#401,#392,#403,.T.);
#401 = VERTEX_POINT('',#402);
#402 = CARTESIAN_POINT('',(-90.33237274071,-23.39158377022,2.25));
#403 = LINE('',#404,#405);
#404 = CARTESIAN_POINT('',(-90.33237274071,-23.39158377022,2.25));
#405 = VECTOR('',#406,1.);
#406 = DIRECTION('',(0.,0.,1.));
#407 = ORIENTED_EDGE('',*,*,#408,.F.);
#408 = EDGE_CURVE('',#365,#401,#409,.T.);
#409 = B_SPLINE_CURVE_WITH_KNOTS('',3,(#410,#411,#412,#413),
  .UNSPECIFIED.,.F.,.F.,(4,4),(0.,1.),.PIECEWISE_BEZIER_KNOTS.);
#410 = CARTESIAN_POINT('',(-92.31969727854,-21.65314774283,2.25));
#411 = CARTESIAN_POINT('',(-91.19593660266,-22.51922250324,2.25));
#412 = CARTESIAN_POINT('',(-90.53349597199,-23.09870294293,2.25));
#413 = CARTESIAN_POINT('',(-90.33237274071,-23.39158377022,2.25));
#414 = SURFACE_OF_LINEAR_EXTRUSION('',#415,#420);
#415 = B_SPLINE_CURVE_WITH_KNOTS('',3,(#416,#417,#418,#419),
  .UNSPECIFIED.,.F.,.F.,(4,4),(0.,1.),.PIECEWISE_BEZIER_KNOTS.);
#416 = CARTESIAN_POINT('',(-92.31969727854,-21.65314774283,2.25));
#417 = CARTESIAN_POINT('',(-91.19593660266,-22.51922250324,2.25));
#418 = CARTESIAN_POINT('',(-90.53349597199,-23.09870294293,2.25));
#419 = CARTESIAN_POINT('',(-90.33237274071,-23.39158377022,2.25));
#420 = VECTOR('',#421,1.);
#421 = DIRECTION('',(-0.,-0.,-1.));
#422 = ADVANCED_FACE('',(#423),#450,.F.);
#423 = FACE_BOUND('',#424,.F.);
#424 = EDGE_LOOP('',(#425,#426,#435,#443));
#425 = ORIENTED_EDGE('',*,*,#400,.T.);
#426 = ORIENTED_EDGE('',*,*,#427,.T.);
#427 = EDGE_CURVE('',#392,#428,#430,.T.);
#428 = VERTEX_POINT('',#429);
#429 = CARTESIAN_POINT('',(-89.18598752032,-27.59626104283,24.25));
#430 = B_SPLINE_CURVE_WITH_KNOTS('',3,(#431,#432,#433,#434),
  .UNSPECIFIED.,.F.,.F.,(4,4),(0.,1.),.PIECEWISE_BEZIER_KNOTS.);
#431 = CARTESIAN_POINT('',(-90.33237274071,-23.39158377022,24.25));
#432 = CARTESIAN_POINT('',(-89.40470556168,-24.74726256378,24.25));
#433 = CARTESIAN_POINT('',(-89.18598752032,-25.7824062511,24.25));
#434 = CARTESIAN_POINT('',(-89.18598752032,-27.59626104283,24.25));
#435 = ORIENTED_EDGE('',*,*,#436,.F.);
#436 = EDGE_CURVE('',#437,#428,#439,.T.);
#437 = VERTEX_POINT('',#438);
#438 = CARTESIAN_POINT('',(-89.18598752032,-27.59626104283,2.25));
#439 = LINE('',#440,#441);
#440 = CARTESIAN_POINT('',(-89.18598752032,-27.59626104283,2.25));
#441 = VECTOR('',#442,1.);
#442 = DIRECTION('',(0.,0.,1.));
#443 = ORIENTED_EDGE('',*,*,#444,.F.);
#444 = EDGE_CURVE('',#401,#437,#445,.T.);
#445 = B_SPLINE_CURVE_WITH_KNOTS('',3,(#446,#447,#448,#449),
  .UNSPECIFIED.,.F.,.F.,(4,4),(0.,1.),.PIECEWISE_BEZIER_KNOTS.);
#446 = CARTESIAN_POINT('',(-90.33237274071,-23.39158377022,2.25));
#447 = CARTESIAN_POINT('',(-89.40470556168,-24.74726256378,2.25));
#448 = CARTESIAN_POINT('',(-89.18598752032,-25.7824062511,2.25));
#449 = CARTESIAN_POINT('',(-89.18598752032,-27.59626104283,2.25));
#450 = SURFACE_OF_LINEAR_EXTRUSION('',#451,#456);
#451 = B_SPLINE_CURVE_WITH_KNOTS('',3,(#452,#453,#454,#455),
  .UNSPECIFIED.,.F.,.F.,(4,4),(0.,1.),.PIECEWISE_BEZIER_KNOTS.);
#452 = CARTESIAN_POINT('',(-90.33237274071,-23.39158377022,2.25));
#453 = CARTESIAN_POINT('',(-89.40470556168,-24.74726256378,2.25));
#454 = CARTESIAN_POINT('',(-89.18598752032,-25.7824062511,2.25));
#455 = CARTESIAN_POINT('',(-89.18598752032,-27.59626104283,2.25));
#456 = VECTOR('',#457,1.);
#457 = DIRECTION('',(-0.,-0.,-1.));
#458 = ADVANCED_FACE('',(#459),#486,.F.);
#459 = FACE_BOUND('',#460,.F.);
#460 = EDGE_LOOP('',(#461,#462,#471,#479));
#461 = ORIENTED_EDGE('',*,*,#436,.T.);
#462 = ORIENTED_EDGE('',*,*,#463,.T.);
#463 = EDGE_CURVE('',#428,#464,#466,.T.);
#464 = VERTEX_POINT('',#465);
#465 = CARTESIAN_POINT('',(-89.15393321595,-129.719020527,24.25));
#466 = B_SPLINE_CURVE_WITH_KNOTS('',3,(#467,#468,#469,#470),
  .UNSPECIFIED.,.F.,.F.,(4,4),(0.,1.),.PIECEWISE_BEZIER_KNOTS.);
#467 = CARTESIAN_POINT('',(-89.18598752032,-27.59626104283,24.25));
#468 = CARTESIAN_POINT('',(-89.17217625587,-80.25215126589,24.25));
#469 = CARTESIAN_POINT('',(-89.16148707802,-114.2930710939,24.25));
#470 = CARTESIAN_POINT('',(-89.15393321595,-129.719020527,24.25));
#471 = ORIENTED_EDGE('',*,*,#472,.F.);
#472 = EDGE_CURVE('',#473,#464,#475,.T.);
#473 = VERTEX_POINT('',#474);
#474 = CARTESIAN_POINT('',(-89.15393321595,-129.719020527,2.25));
#475 = LINE('',#476,#477);
#476 = CARTESIAN_POINT('',(-89.15393321595,-129.719020527,2.25));
#477 = VECTOR('',#478,1.);
#478 = DIRECTION('',(0.,0.,1.));
#479 = ORIENTED_EDGE('',*,*,#480,.F.);
#480 = EDGE_CURVE('',#437,#473,#481,.T.);
#481 = B_SPLINE_CURVE_WITH_KNOTS('',3,(#482,#483,#484,#485),
  .UNSPECIFIED.,.F.,.F.,(4,4),(0.,1.),.PIECEWISE_BEZIER_KNOTS.);
#482 = CARTESIAN_POINT('',(-89.18598752032,-27.59626104283,2.25));
#483 = CARTESIAN_POINT('',(-89.17217625587,-80.25215126589,2.25));
#484 = CARTESIAN_POINT('',(-89.16148707802,-114.2930710939,2.25));
#485 = CARTESIAN_POINT('',(-89.15393321595,-129.719020527,2.25));
#486 = SURFACE_OF_LINEAR_EXTRUSION('',#487,#492);
#487 = B_SPLINE_CURVE_WITH_KNOTS('',3,(#488,#489,#490,#491),
  .UNSPECIFIED.,.F.,.F.,(4,4),(0.,1.),.PIECEWISE_BEZIER_KNOTS.);
#488 = CARTESIAN_POINT('',(-89.18598752032,-27.59626104283,2.25));
#489 = CARTESIAN_POINT('',(-89.17217625587,-80.25215126589,2.25));
#490 = CARTESIAN_POINT('',(-89.16148707802,-114.2930710939,2.25));
#491 = CARTESIAN_POINT('',(-89.15393321595,-129.719020527,2.25));
#492 = VECTOR('',#493,1.);
#493 = DIRECTION('',(-0.,-0.,-1.));
#494 = ADVANCED_FACE('',(#495),#522,.F.);
#495 = FACE_BOUND('',#496,.F.);
#496 = EDGE_LOOP('',(#497,#498,#507,#515));
#497 = ORIENTED_EDGE('',*,*,#472,.T.);
#498 = ORIENTED_EDGE('',*,*,#499,.T.);
#499 = EDGE_CURVE('',#464,#500,#502,.T.);
#500 = VERTEX_POINT('',#501);
#501 = CARTESIAN_POINT('',(-87.43812173306,-142.4405285885,24.25));
#502 = B_SPLINE_CURVE_WITH_KNOTS('',3,(#503,#504,#505,#506),
  .UNSPECIFIED.,.F.,.F.,(4,4),(0.,1.),.PIECEWISE_BEZIER_KNOTS.);
#503 = CARTESIAN_POINT('',(-89.15393321595,-129.719020527,24.25));
#504 = CARTESIAN_POINT('',(-89.15208113068,-133.9991181514,24.25));
#505 = CARTESIAN_POINT('',(-88.76363270338,-138.3112700802,24.25));
#506 = CARTESIAN_POINT('',(-87.43812173306,-142.4405285885,24.25));
#507 = ORIENTED_EDGE('',*,*,#508,.F.);
#508 = EDGE_CURVE('',#509,#500,#511,.T.);
#509 = VERTEX_POINT('',#510);
#510 = CARTESIAN_POINT('',(-87.43812173306,-142.4405285885,2.25));
#511 = LINE('',#512,#513);
#512 = CARTESIAN_POINT('',(-87.43812173306,-142.4405285885,2.25));
#513 = VECTOR('',#514,1.);
#514 = DIRECTION('',(0.,0.,1.));
#515 = ORIENTED_EDGE('',*,*,#516,.F.);
#516 = EDGE_CURVE('',#473,#509,#517,.T.);
#517 = B_SPLINE_CURVE_WITH_KNOTS('',3,(#518,#519,#520,#521),
  .UNSPECIFIED.,.F.,.F.,(4,4),(0.,1.),.PIECEWISE_BEZIER_KNOTS.);
#518 = CARTESIAN_POINT('',(-89.15393321595,-129.719020527,2.25));
#519 = CARTESIAN_POINT('',(-89.15208113068,-133.9991181514,2.25));
#520 = CARTESIAN_POINT('',(-88.76363270338,-138.3112700802,2.25));
#521 = CARTESIAN_POINT('',(-87.43812173306,-142.4405285885,2.25));
#522 = SURFACE_OF_LINEAR_EXTRUSION('',#523,#528);
#523 = B_SPLINE_CURVE_WITH_KNOTS('',3,(#524,#525,#526,#527),
  .UNSPECIFIED.,.F.,.F.,(4,4),(0.,1.),.PIECEWISE_BEZIER_KNOTS.);
#524 = CARTESIAN_POINT('',(-89.15393321595,-129.719020527,2.25));
#525 = CARTESIAN_POINT('',(-89.15208113068,-133.9991181514,2.25));
#526 = CARTESIAN_POINT('',(-88.76363270338,-138.3112700802,2.25));
#527 = CARTESIAN_POINT('',(-87.43812173306,-142.4405285885,2.25));
#528 = VECTOR('',#529,1.);
#529 = DIRECTION('',(-0.,-0.,-1.));
#530 = ADVANCED_FACE('',(#531),#558,.F.);
#531 = FACE_BOUND('',#532,.F.);
#532 = EDGE_LOOP('',(#533,#534,#543,#551));
#533 = ORIENTED_EDGE('',*,*,#508,.T.);
#534 = ORIENTED_EDGE('',*,*,#535,.T.);
#535 = EDGE_CURVE('',#500,#536,#538,.T.);
#536 = VERTEX_POINT('',#537);
#537 = CARTESIAN_POINT('',(-70.18385986605,-160.0605799424,24.25));
#538 = B_SPLINE_CURVE_WITH_KNOTS('',3,(#539,#540,#541,#542),
  .UNSPECIFIED.,.F.,.F.,(4,4),(0.,1.),.PIECEWISE_BEZIER_KNOTS.);
#539 = CARTESIAN_POINT('',(-87.43812173306,-142.4405285885,24.25));
#540 = CARTESIAN_POINT('',(-84.78521595711,-150.7084700732,24.25));
#541 = CARTESIAN_POINT('',(-78.3763817927,-157.2247781001,24.25));
#542 = CARTESIAN_POINT('',(-70.18385986605,-160.0605799424,24.25));
#543 = ORIENTED_EDGE('',*,*,#544,.F.);
#544 = EDGE_CURVE('',#545,#536,#547,.T.);
#545 = VERTEX_POINT('',#546);
#546 = CARTESIAN_POINT('',(-70.18385986605,-160.0605799424,2.25));
#547 = LINE('',#548,#549);
#548 = CARTESIAN_POINT('',(-70.18385986605,-160.0605799424,2.25));
#549 = VECTOR('',#550,1.);
#550 = DIRECTION('',(0.,0.,1.));
#551 = ORIENTED_EDGE('',*,*,#552,.F.);
#552 = EDGE_CURVE('',#509,#545,#553,.T.);
#553 = B_SPLINE_CURVE_WITH_KNOTS('',3,(#554,#555,#556,#557),
  .UNSPECIFIED.,.F.,.F.,(4,4),(0.,1.),.PIECEWISE_BEZIER_KNOTS.);
#554 = CARTESIAN_POINT('',(-87.43812173306,-142.4405285885,2.25));
#555 = CARTESIAN_POINT('',(-84.78521595711,-150.7084700732,2.25));
#556 = CARTESIAN_POINT('',(-78.3763817927,-157.2247781001,2.25));
#557 = CARTESIAN_POINT('',(-70.18385986605,-160.0605799424,2.25));
#558 = SURFACE_OF_LINEAR_EXTRUSION('',#559,#564);
#559 = B_SPLINE_CURVE_WITH_KNOTS('',3,(#560,#561,#562,#563),
  .UNSPECIFIED.,.F.,.F.,(4,4),(0.,1.),.PIECEWISE_BEZIER_KNOTS.);
#560 = CARTESIAN_POINT('',(-87.43812173306,-142.4405285885,2.25));
#561 = CARTESIAN_POINT('',(-84.78521595711,-150.7084700732,2.25));
#562 = CARTESIAN_POINT('',(-78.3763817927,-157.2247781001,2.25));
#563 = CARTESIAN_POINT('',(-70.18385986605,-160.0605799424,2.25));
#564 = VECTOR('',#565,1.);
#565 = DIRECTION('',(-0.,-0.,-1.));
#566 = ADVANCED_FACE('',(#567),#594,.F.);
#567 = FACE_BOUND('',#568,.F.);
#568 = EDGE_LOOP('',(#569,#570,#579,#587));
#569 = ORIENTED_EDGE('',*,*,#544,.T.);
#570 = ORIENTED_EDGE('',*,*,#571,.T.);
#571 = EDGE_CURVE('',#536,#572,#574,.T.);
#572 = VERTEX_POINT('',#573);
#573 = CARTESIAN_POINT('',(-55.22991436438,-162.0026500996,24.25));
#574 = B_SPLINE_CURVE_WITH_KNOTS('',3,(#575,#576,#577,#578),
  .UNSPECIFIED.,.F.,.F.,(4,4),(0.,1.),.PIECEWISE_BEZIER_KNOTS.);
#575 = CARTESIAN_POINT('',(-70.18385986605,-160.0605799424,24.25));
#576 = CARTESIAN_POINT('',(-65.34376573897,-161.7349073611,24.25));
#577 = CARTESIAN_POINT('',(-60.33586474881,-162.0026500996,24.25));
#578 = CARTESIAN_POINT('',(-55.22991436438,-162.0026500996,24.25));
#579 = ORIENTED_EDGE('',*,*,#580,.F.);
#580 = EDGE_CURVE('',#581,#572,#583,.T.);
#581 = VERTEX_POINT('',#582);
#582 = CARTESIAN_POINT('',(-55.22991436438,-162.0026500996,2.25));
#583 = LINE('',#584,#585);
#584 = CARTESIAN_POINT('',(-55.22991436438,-162.0026500996,2.25));
#585 = VECTOR('',#586,1.);
#586 = DIRECTION('',(0.,0.,1.));
#587 = ORIENTED_EDGE('',*,*,#588,.F.);
#588 = EDGE_CURVE('',#545,#581,#589,.T.);
#589 = B_SPLINE_CURVE_WITH_KNOTS('',3,(#590,#591,#592,#593),
  .UNSPECIFIED.,.F.,.F.,(4,4),(0.,1.),.PIECEWISE_BEZIER_KNOTS.);
#590 = CARTESIAN_POINT('',(-70.18385986605,-160.0605799424,2.25));
#591 = CARTESIAN_POINT('',(-65.34376573897,-161.7349073611,2.25));
#592 = CARTESIAN_POINT('',(-60.33586474881,-162.0026500996,2.25));
#593 = CARTESIAN_POINT('',(-55.22991436438,-162.0026500996,2.25));
#594 = SURFACE_OF_LINEAR_EXTRUSION('',#595,#600);
#595 = B_SPLINE_CURVE_WITH_KNOTS('',3,(#596,#597,#598,#599),
  .UNSPECIFIED.,.F.,.F.,(4,4),(0.,1.),.PIECEWISE_BEZIER_KNOTS.);
#596 = CARTESIAN_POINT('',(-70.18385986605,-160.0605799424,2.25));
#597 = CARTESIAN_POINT('',(-65.34376573897,-161.7349073611,2.25));
#598 = CARTESIAN_POINT('',(-60.33586474881,-162.0026500996,2.25));
#599 = CARTESIAN_POINT('',(-55.22991436438,-162.0026500996,2.25));
#600 = VECTOR('',#601,1.);
#601 = DIRECTION('',(-0.,-0.,-1.));
#602 = ADVANCED_FACE('',(#603),#630,.F.);
#603 = FACE_BOUND('',#604,.F.);
#604 = EDGE_LOOP('',(#605,#606,#615,#623));
#605 = ORIENTED_EDGE('',*,*,#580,.T.);
#606 = ORIENTED_EDGE('',*,*,#607,.T.);
#607 = EDGE_CURVE('',#572,#608,#610,.T.);
#608 = VERTEX_POINT('',#609);
#609 = CARTESIAN_POINT('',(56.727642806573,-161.9705957952,24.25));
#610 = B_SPLINE_CURVE_WITH_KNOTS('',3,(#611,#612,#613,#614),
  .UNSPECIFIED.,.F.,.F.,(4,4),(0.,1.),.PIECEWISE_BEZIER_KNOTS.);
#611 = CARTESIAN_POINT('',(-55.22991436438,-162.0026500996,24.25));
#612 = CARTESIAN_POINT('',(-6.784986862173,-161.9925959224,24.25));
#613 = CARTESIAN_POINT('',(30.534196127447,-161.9819067445,24.25));
#614 = CARTESIAN_POINT('',(56.727642806573,-161.9705957952,24.25));
#615 = ORIENTED_EDGE('',*,*,#616,.F.);
#616 = EDGE_CURVE('',#617,#608,#619,.T.);
#617 = VERTEX_POINT('',#618);
#618 = CARTESIAN_POINT('',(56.727642806573,-161.9705957952,2.25));
#619 = LINE('',#620,#621);
#620 = CARTESIAN_POINT('',(56.727642806573,-161.9705957952,2.25));
#621 = VECTOR('',#622,1.);
#622 = DIRECTION('',(0.,0.,1.));
#623 = ORIENTED_EDGE('',*,*,#624,.F.);
#624 = EDGE_CURVE('',#581,#617,#625,.T.);
#625 = B_SPLINE_CURVE_WITH_KNOTS('',3,(#626,#627,#628,#629),
  .UNSPECIFIED.,.F.,.F.,(4,4),(0.,1.),.PIECEWISE_BEZIER_KNOTS.);
#626 = CARTESIAN_POINT('',(-55.22991436438,-162.0026500996,2.25));
#627 = CARTESIAN_POINT('',(-6.784986862173,-161.9925959224,2.25));
#628 = CARTESIAN_POINT('',(30.534196127447,-161.9819067445,2.25));
#629 = CARTESIAN_POINT('',(56.727642806573,-161.9705957952,2.25));
#630 = SURFACE_OF_LINEAR_EXTRUSION('',#631,#636);
#631 = B_SPLINE_CURVE_WITH_KNOTS('',3,(#632,#633,#634,#635),
  .UNSPECIFIED.,.F.,.F.,(4,4),(0.,1.),.PIECEWISE_BEZIER_KNOTS.);
#632 = CARTESIAN_POINT('',(-55.22991436438,-162.0026500996,2.25));
#633 = CARTESIAN_POINT('',(-6.784986862173,-161.9925959224,2.25));
#634 = CARTESIAN_POINT('',(30.534196127447,-161.9819067445,2.25));
#635 = CARTESIAN_POINT('',(56.727642806573,-161.9705957952,2.25));
#636 = VECTOR('',#637,1.);
#637 = DIRECTION('',(-0.,-0.,-1.));
#638 = ADVANCED_FACE('',(#639),#666,.F.);
#639 = FACE_BOUND('',#640,.F.);
#640 = EDGE_LOOP('',(#641,#642,#651,#659));
#641 = ORIENTED_EDGE('',*,*,#616,.T.);
#642 = ORIENTED_EDGE('',*,*,#643,.T.);
#643 = EDGE_CURVE('',#608,#644,#646,.T.);
#644 = VERTEX_POINT('',#645);
#645 = CARTESIAN_POINT('',(63.758692955388,-161.529389396,24.25));
#646 = B_SPLINE_CURVE_WITH_KNOTS('',3,(#647,#648,#649,#650),
  .UNSPECIFIED.,.F.,.F.,(4,4),(0.,1.),.PIECEWISE_BEZIER_KNOTS.);
#647 = CARTESIAN_POINT('',(56.727642806573,-161.9705957952,24.25));
#648 = CARTESIAN_POINT('',(58.848209004657,-161.9692728771,24.25));
#649 = CARTESIAN_POINT('',(61.19189326954,-161.8222702233,24.25));
#650 = CARTESIAN_POINT('',(63.758692955388,-161.529389396,24.25));
#651 = ORIENTED_EDGE('',*,*,#652,.F.);
#652 = EDGE_CURVE('',#653,#644,#655,.T.);
#653 = VERTEX_POINT('',#654);
#654 = CARTESIAN_POINT('',(63.758692955388,-161.529389396,2.25));
#655 = LINE('',#656,#657);
#656 = CARTESIAN_POINT('',(63.758692955388,-161.529389396,2.25));
#657 = VECTOR('',#658,1.);
#658 = DIRECTION('',(0.,0.,1.));
#659 = ORIENTED_EDGE('',*,*,#660,.F.);
#660 = EDGE_CURVE('',#617,#653,#661,.T.);
#661 = B_SPLINE_CURVE_WITH_KNOTS('',3,(#662,#663,#664,#665),
  .UNSPECIFIED.,.F.,.F.,(4,4),(0.,1.),.PIECEWISE_BEZIER_KNOTS.);
#662 = CARTESIAN_POINT('',(56.727642806573,-161.9705957952,2.25));
#663 = CARTESIAN_POINT('',(58.848209004657,-161.9692728771,2.25));
#664 = CARTESIAN_POINT('',(61.19189326954,-161.8222702233,2.25));
#665 = CARTESIAN_POINT('',(63.758692955388,-161.529389396,2.25));
#666 = SURFACE_OF_LINEAR_EXTRUSION('',#667,#672);
#667 = B_SPLINE_CURVE_WITH_KNOTS('',3,(#668,#669,#670,#671),
  .UNSPECIFIED.,.F.,.F.,(4,4),(0.,1.),.PIECEWISE_BEZIER_KNOTS.);
#668 = CARTESIAN_POINT('',(56.727642806573,-161.9705957952,2.25));
#669 = CARTESIAN_POINT('',(58.848209004657,-161.9692728771,2.25));
#670 = CARTESIAN_POINT('',(61.19189326954,-161.8222702233,2.25));
#671 = CARTESIAN_POINT('',(63.758692955388,-161.529389396,2.25));
#672 = VECTOR('',#673,1.);
#673 = DIRECTION('',(-0.,-0.,-1.));
#674 = ADVANCED_FACE('',(#675),#702,.F.);
#675 = FACE_BOUND('',#676,.F.);
#676 = EDGE_LOOP('',(#677,#678,#687,#695));
#677 = ORIENTED_EDGE('',*,*,#652,.T.);
#678 = ORIENTED_EDGE('',*,*,#679,.T.);
#679 = EDGE_CURVE('',#644,#680,#682,.T.);
#680 = VERTEX_POINT('',#681);
#681 = CARTESIAN_POINT('',(85.945438900316,-146.3001578771,24.25));
#682 = B_SPLINE_CURVE_WITH_KNOTS('',3,(#683,#684,#685,#686),
  .UNSPECIFIED.,.F.,.F.,(4,4),(0.,1.),.PIECEWISE_BEZIER_KNOTS.);
#683 = CARTESIAN_POINT('',(63.758692955388,-161.529389396,24.25));
#684 = CARTESIAN_POINT('',(73.269185219474,-160.4433371763,24.25));
#685 = CARTESIAN_POINT('',(81.646487047813,-154.9357753299,24.25));
#686 = CARTESIAN_POINT('',(85.945438900316,-146.3001578771,24.25));
#687 = ORIENTED_EDGE('',*,*,#688,.F.);
#688 = EDGE_CURVE('',#689,#680,#691,.T.);
#689 = VERTEX_POINT('',#690);
#690 = CARTESIAN_POINT('',(85.945438900316,-146.3001578771,2.25));
#691 = LINE('',#692,#693);
#692 = CARTESIAN_POINT('',(85.945438900316,-146.3001578771,2.25));
#693 = VECTOR('',#694,1.);
#694 = DIRECTION('',(0.,0.,1.));
#695 = ORIENTED_EDGE('',*,*,#696,.F.);
#696 = EDGE_CURVE('',#653,#689,#697,.T.);
#697 = B_SPLINE_CURVE_WITH_KNOTS('',3,(#698,#699,#700,#701),
  .UNSPECIFIED.,.F.,.F.,(4,4),(0.,1.),.PIECEWISE_BEZIER_KNOTS.);
#698 = CARTESIAN_POINT('',(63.758692955388,-161.529389396,2.25));
#699 = CARTESIAN_POINT('',(73.269185219474,-160.4433371763,2.25));
#700 = CARTESIAN_POINT('',(81.646487047813,-154.9357753299,2.25));
#701 = CARTESIAN_POINT('',(85.945438900316,-146.3001578771,2.25));
#702 = SURFACE_OF_LINEAR_EXTRUSION('',#703,#708);
#703 = B_SPLINE_CURVE_WITH_KNOTS('',3,(#704,#705,#706,#707),
  .UNSPECIFIED.,.F.,.F.,(4,4),(0.,1.),.PIECEWISE_BEZIER_KNOTS.);
#704 = CARTESIAN_POINT('',(63.758692955388,-161.529389396,2.25));
#705 = CARTESIAN_POINT('',(73.269185219474,-160.4433371763,2.25));
#706 = CARTESIAN_POINT('',(81.646487047813,-154.9357753299,2.25));
#707 = CARTESIAN_POINT('',(85.945438900316,-146.3001578771,2.25));
#708 = VECTOR('',#709,1.);
#709 = DIRECTION('',(-0.,-0.,-1.));
#710 = ADVANCED_FACE('',(#711),#738,.F.);
#711 = FACE_BOUND('',#712,.F.);
#712 = EDGE_LOOP('',(#713,#714,#723,#731));
#713 = ORIENTED_EDGE('',*,*,#688,.T.);
#714 = ORIENTED_EDGE('',*,*,#715,.T.);
#715 = EDGE_CURVE('',#680,#716,#718,.T.);
#716 = VERTEX_POINT('',#717);
#717 = CARTESIAN_POINT('',(89.25073112974,-129.7642749077,24.25));
#718 = B_SPLINE_CURVE_WITH_KNOTS('',3,(#719,#720,#721,#722),
  .UNSPECIFIED.,.F.,.F.,(4,4),(0.,1.),.PIECEWISE_BEZIER_KNOTS.);
#719 = CARTESIAN_POINT('',(85.945438900316,-146.3001578771,24.25));
#720 = CARTESIAN_POINT('',(88.517268320592,-141.1319880109,24.25));
#721 = CARTESIAN_POINT('',(89.25073112974,-135.5754014675,24.25));
#722 = CARTESIAN_POINT('',(89.25073112974,-129.7642749077,24.25));
#723 = ORIENTED_EDGE('',*,*,#724,.F.);
#724 = EDGE_CURVE('',#725,#716,#727,.T.);
#725 = VERTEX_POINT('',#726);
#726 = CARTESIAN_POINT('',(89.25073112974,-129.7642749077,2.25));
#727 = LINE('',#728,#729);
#728 = CARTESIAN_POINT('',(89.25073112974,-129.7642749077,2.25));
#729 = VECTOR('',#730,1.);
#730 = DIRECTION('',(0.,0.,1.));
#731 = ORIENTED_EDGE('',*,*,#732,.F.);
#732 = EDGE_CURVE('',#689,#725,#733,.T.);
#733 = B_SPLINE_CURVE_WITH_KNOTS('',3,(#734,#735,#736,#737),
  .UNSPECIFIED.,.F.,.F.,(4,4),(0.,1.),.PIECEWISE_BEZIER_KNOTS.);
#734 = CARTESIAN_POINT('',(85.945438900316,-146.3001578771,2.25));
#735 = CARTESIAN_POINT('',(88.517268320592,-141.1319880109,2.25));
#736 = CARTESIAN_POINT('',(89.25073112974,-135.5754014675,2.25));
#737 = CARTESIAN_POINT('',(89.25073112974,-129.7642749077,2.25));
#738 = SURFACE_OF_LINEAR_EXTRUSION('',#739,#744);
#739 = B_SPLINE_CURVE_WITH_KNOTS('',3,(#740,#741,#742,#743),
  .UNSPECIFIED.,.F.,.F.,(4,4),(0.,1.),.PIECEWISE_BEZIER_KNOTS.);
#740 = CARTESIAN_POINT('',(85.945438900316,-146.3001578771,2.25));
#741 = CARTESIAN_POINT('',(88.517268320592,-141.1319880109,2.25));
#742 = CARTESIAN_POINT('',(89.25073112974,-135.5754014675,2.25));
#743 = CARTESIAN_POINT('',(89.25073112974,-129.7642749077,2.25));
#744 = VECTOR('',#745,1.);
#745 = DIRECTION('',(-0.,-0.,-1.));
#746 = ADVANCED_FACE('',(#747),#774,.F.);
#747 = FACE_BOUND('',#748,.F.);
#748 = EDGE_LOOP('',(#749,#750,#759,#767));
#749 = ORIENTED_EDGE('',*,*,#724,.T.);
#750 = ORIENTED_EDGE('',*,*,#751,.T.);
#751 = EDGE_CURVE('',#716,#752,#754,.T.);
#752 = VERTEX_POINT('',#753);
#753 = CARTESIAN_POINT('',(89.229987774701,-27.77161383048,24.25));
#754 = B_SPLINE_CURVE_WITH_KNOTS('',3,(#755,#756,#757,#758),
  .UNSPECIFIED.,.F.,.F.,(4,4),(0.,1.),.PIECEWISE_BEZIER_KNOTS.);
#755 = CARTESIAN_POINT('',(89.25073112974,-129.7642749077,24.25));
#756 = CARTESIAN_POINT('',(89.25073112974,-117.0484236437,24.25));
#757 = CARTESIAN_POINT('',(89.243746122431,-83.05086906941,24.25));
#758 = CARTESIAN_POINT('',(89.229987774701,-27.77161383048,24.25));
#759 = ORIENTED_EDGE('',*,*,#760,.F.);
#760 = EDGE_CURVE('',#761,#752,#763,.T.);
#761 = VERTEX_POINT('',#762);
#762 = CARTESIAN_POINT('',(89.229987774701,-27.77161383048,2.25));
#763 = LINE('',#764,#765);
#764 = CARTESIAN_POINT('',(89.229987774701,-27.77161383048,2.25));
#765 = VECTOR('',#766,1.);
#766 = DIRECTION('',(0.,0.,1.));
#767 = ORIENTED_EDGE('',*,*,#768,.F.);
#768 = EDGE_CURVE('',#725,#761,#769,.T.);
#769 = B_SPLINE_CURVE_WITH_KNOTS('',3,(#770,#771,#772,#773),
  .UNSPECIFIED.,.F.,.F.,(4,4),(0.,1.),.PIECEWISE_BEZIER_KNOTS.);
#770 = CARTESIAN_POINT('',(89.25073112974,-129.7642749077,2.25));
#771 = CARTESIAN_POINT('',(89.25073112974,-117.0484236437,2.25));
#772 = CARTESIAN_POINT('',(89.243746122431,-83.05086906941,2.25));
#773 = CARTESIAN_POINT('',(89.229987774701,-27.77161383048,2.25));
#774 = SURFACE_OF_LINEAR_EXTRUSION('',#775,#780);
#775 = B_SPLINE_CURVE_WITH_KNOTS('',3,(#776,#777,#778,#779),
  .UNSPECIFIED.,.F.,.F.,(4,4),(0.,1.),.PIECEWISE_BEZIER_KNOTS.);
#776 = CARTESIAN_POINT('',(89.25073112974,-129.7642749077,2.25));
#777 = CARTESIAN_POINT('',(89.25073112974,-117.0484236437,2.25));
#778 = CARTESIAN_POINT('',(89.243746122431,-83.05086906941,2.25));
#779 = CARTESIAN_POINT('',(89.229987774701,-27.77161383048,2.25));
#780 = VECTOR('',#781,1.);
#781 = DIRECTION('',(-0.,-0.,-1.));
#782 = ADVANCED_FACE('',(#783),#810,.F.);
#783 = FACE_BOUND('',#784,.F.);
#784 = EDGE_LOOP('',(#785,#786,#795,#803));
#785 = ORIENTED_EDGE('',*,*,#760,.T.);
#786 = ORIENTED_EDGE('',*,*,#787,.T.);
#787 = EDGE_CURVE('',#752,#788,#790,.T.);
#788 = VERTEX_POINT('',#789);
#789 = CARTESIAN_POINT('',(89.397797283627,-25.40718965015,24.25));
#790 = B_SPLINE_CURVE_WITH_KNOTS('',3,(#791,#792,#793,#794),
  .UNSPECIFIED.,.F.,.F.,(4,4),(0.,1.),.PIECEWISE_BEZIER_KNOTS.);
#791 = CARTESIAN_POINT('',(89.229987774701,-27.77161383048,24.25));
#792 = CARTESIAN_POINT('',(89.229987774701,-26.61391236909,24.25));
#793 = CARTESIAN_POINT('',(89.285931333239,-25.82577150481,24.25));
#794 = CARTESIAN_POINT('',(89.397797283627,-25.40718965015,24.25));
#795 = ORIENTED_EDGE('',*,*,#796,.F.);
#796 = EDGE_CURVE('',#797,#788,#799,.T.);
#797 = VERTEX_POINT('',#798);
#798 = CARTESIAN_POINT('',(89.397797283627,-25.40718965015,2.25));
#799 = LINE('',#800,#801);
#800 = CARTESIAN_POINT('',(89.397797283627,-25.40718965015,2.25));
#801 = VECTOR('',#802,1.);
#802 = DIRECTION('',(0.,0.,1.));
#803 = ORIENTED_EDGE('',*,*,#804,.F.);
#804 = EDGE_CURVE('',#761,#797,#805,.T.);
#805 = B_SPLINE_CURVE_WITH_KNOTS('',3,(#806,#807,#808,#809),
  .UNSPECIFIED.,.F.,.F.,(4,4),(0.,1.),.PIECEWISE_BEZIER_KNOTS.);
#806 = CARTESIAN_POINT('',(89.229987774701,-27.77161383048,2.25));
#807 = CARTESIAN_POINT('',(89.229987774701,-26.61391236909,2.25));
#808 = CARTESIAN_POINT('',(89.285931333239,-25.82577150481,2.25));
#809 = CARTESIAN_POINT('',(89.397797283627,-25.40718965015,2.25));
#810 = SURFACE_OF_LINEAR_EXTRUSION('',#811,#816);
#811 = B_SPLINE_CURVE_WITH_KNOTS('',3,(#812,#813,#814,#815),
  .UNSPECIFIED.,.F.,.F.,(4,4),(0.,1.),.PIECEWISE_BEZIER_KNOTS.);
#812 = CARTESIAN_POINT('',(89.229987774701,-27.77161383048,2.25));
#813 = CARTESIAN_POINT('',(89.229987774701,-26.61391236909,2.25));
#814 = CARTESIAN_POINT('',(89.285931333239,-25.82577150481,2.25));
#815 = CARTESIAN_POINT('',(89.397797283627,-25.40718965015,2.25));
#816 = VECTOR('',#817,1.);
#817 = DIRECTION('',(-0.,-0.,-1.));
#818 = ADVANCED_FACE('',(#819),#846,.F.);
#819 = FACE_BOUND('',#820,.F.);
#820 = EDGE_LOOP('',(#821,#822,#831,#839));
#821 = ORIENTED_EDGE('',*,*,#796,.T.);
#822 = ORIENTED_EDGE('',*,*,#823,.T.);
#823 = EDGE_CURVE('',#788,#824,#826,.T.);
#824 = VERTEX_POINT('',#825);
#825 = CARTESIAN_POINT('',(92.022421717481,-21.86243867016,24.25));
#826 = B_SPLINE_CURVE_WITH_KNOTS('',3,(#827,#828,#829,#830),
  .UNSPECIFIED.,.F.,.F.,(4,4),(0.,1.),.PIECEWISE_BEZIER_KNOTS.);
#827 = CARTESIAN_POINT('',(89.397797283627,-25.40718965015,24.25));
#828 = CARTESIAN_POINT('',(89.814495302985,-23.83467929637,24.25));
#829 = CARTESIAN_POINT('',(90.613947910349,-22.91455275024,24.25));
#830 = CARTESIAN_POINT('',(92.022421717481,-21.86243867016,24.25));
#831 = ORIENTED_EDGE('',*,*,#832,.F.);
#832 = EDGE_CURVE('',#833,#824,#835,.T.);
#833 = VERTEX_POINT('',#834);
#834 = CARTESIAN_POINT('',(92.022421717481,-21.86243867016,2.25));
#835 = LINE('',#836,#837);
#836 = CARTESIAN_POINT('',(92.022421717481,-21.86243867016,2.25));
#837 = VECTOR('',#838,1.);
#838 = DIRECTION('',(0.,0.,1.));
#839 = ORIENTED_EDGE('',*,*,#840,.F.);
#840 = EDGE_CURVE('',#797,#833,#841,.T.);
#841 = B_SPLINE_CURVE_WITH_KNOTS('',3,(#842,#843,#844,#845),
  .UNSPECIFIED.,.F.,.F.,(4,4),(0.,1.),.PIECEWISE_BEZIER_KNOTS.);
#842 = CARTESIAN_POINT('',(89.397797283627,-25.40718965015,2.25));
#843 = CARTESIAN_POINT('',(89.814495302985,-23.83467929637,2.25));
#844 = CARTESIAN_POINT('',(90.613947910349,-22.91455275024,2.25));
#845 = CARTESIAN_POINT('',(92.022421717481,-21.86243867016,2.25));
#846 = SURFACE_OF_LINEAR_EXTRUSION('',#847,#852);
#847 = B_SPLINE_CURVE_WITH_KNOTS('',3,(#848,#849,#850,#851),
  .UNSPECIFIED.,.F.,.F.,(4,4),(0.,1.),.PIECEWISE_BEZIER_KNOTS.);
#848 = CARTESIAN_POINT('',(89.397797283627,-25.40718965015,2.25));
#849 = CARTESIAN_POINT('',(89.814495302985,-23.83467929637,2.25));
#850 = CARTESIAN_POINT('',(90.613947910349,-22.91455275024,2.25));
#851 = CARTESIAN_POINT('',(92.022421717481,-21.86243867016,2.25));
#852 = VECTOR('',#853,1.);
#853 = DIRECTION('',(-0.,-0.,-1.));
#854 = ADVANCED_FACE('',(#855),#882,.F.);
#855 = FACE_BOUND('',#856,.F.);
#856 = EDGE_LOOP('',(#857,#858,#867,#875));
#857 = ORIENTED_EDGE('',*,*,#832,.T.);
#858 = ORIENTED_EDGE('',*,*,#859,.T.);
#859 = EDGE_CURVE('',#824,#860,#862,.T.);
#860 = VERTEX_POINT('',#861);
#861 = CARTESIAN_POINT('',(103.48629773388,-7.726802649753,24.25));
#862 = B_SPLINE_CURVE_WITH_KNOTS('',3,(#863,#864,#865,#866),
  .UNSPECIFIED.,.F.,.F.,(4,4),(0.,1.),.PIECEWISE_BEZIER_KNOTS.);
#863 = CARTESIAN_POINT('',(92.022421717481,-21.86243867016,24.25));
#864 = CARTESIAN_POINT('',(97.000157530249,-18.13668075077,24.25));
#865 = CARTESIAN_POINT('',(100.91258183246,-13.29658662369,24.25));
#866 = CARTESIAN_POINT('',(103.48629773388,-7.726802649753,24.25));
#867 = ORIENTED_EDGE('',*,*,#868,.F.);
#868 = EDGE_CURVE('',#869,#860,#871,.T.);
#869 = VERTEX_POINT('',#870);
#870 = CARTESIAN_POINT('',(103.48629773388,-7.726802649753,2.25));
#871 = LINE('',#872,#873);
#872 = CARTESIAN_POINT('',(103.48629773388,-7.726802649753,2.25));
#873 = VECTOR('',#874,1.);
#874 = DIRECTION('',(0.,0.,1.));
#875 = ORIENTED_EDGE('',*,*,#876,.F.);
#876 = EDGE_CURVE('',#833,#869,#877,.T.);
#877 = B_SPLINE_CURVE_WITH_KNOTS('',3,(#878,#879,#880,#881),
  .UNSPECIFIED.,.F.,.F.,(4,4),(0.,1.),.PIECEWISE_BEZIER_KNOTS.);
#878 = CARTESIAN_POINT('',(92.022421717481,-21.86243867016,2.25));
#879 = CARTESIAN_POINT('',(97.000157530249,-18.13668075077,2.25));
#880 = CARTESIAN_POINT('',(100.91258183246,-13.29658662369,2.25));
#881 = CARTESIAN_POINT('',(103.48629773388,-7.726802649753,2.25));
#882 = SURFACE_OF_LINEAR_EXTRUSION('',#883,#888);
#883 = B_SPLINE_CURVE_WITH_KNOTS('',3,(#884,#885,#886,#887),
  .UNSPECIFIED.,.F.,.F.,(4,4),(0.,1.),.PIECEWISE_BEZIER_KNOTS.);
#884 = CARTESIAN_POINT('',(92.022421717481,-21.86243867016,2.25));
#885 = CARTESIAN_POINT('',(97.000157530249,-18.13668075077,2.25));
#886 = CARTESIAN_POINT('',(100.91258183246,-13.29658662369,2.25));
#887 = CARTESIAN_POINT('',(103.48629773388,-7.726802649753,2.25));
#888 = VECTOR('',#889,1.);
#889 = DIRECTION('',(-0.,-0.,-1.));
#890 = ADVANCED_FACE('',(#891),#918,.F.);
#891 = FACE_BOUND('',#892,.F.);
#892 = EDGE_LOOP('',(#893,#894,#903,#911));
#893 = ORIENTED_EDGE('',*,*,#868,.T.);
#894 = ORIENTED_EDGE('',*,*,#895,.T.);
#895 = EDGE_CURVE('',#860,#896,#898,.T.);
#896 = VERTEX_POINT('',#897);
#897 = CARTESIAN_POINT('',(106.35603507005,0.431778491388,24.25));
#898 = B_SPLINE_CURVE_WITH_KNOTS('',3,(#899,#900,#901,#902),
  .UNSPECIFIED.,.F.,.F.,(4,4),(0.,1.),.PIECEWISE_BEZIER_KNOTS.);
#899 = CARTESIAN_POINT('',(103.48629773388,-7.726802649753,24.25));
#900 = CARTESIAN_POINT('',(104.68296971522,-5.137375773563,24.25));
#901 = CARTESIAN_POINT('',(105.63954529949,-2.41784784457,24.25));
#902 = CARTESIAN_POINT('',(106.35603507005,0.431778491388,24.25));
#903 = ORIENTED_EDGE('',*,*,#904,.F.);
#904 = EDGE_CURVE('',#905,#896,#907,.T.);
#905 = VERTEX_POINT('',#906);
#906 = CARTESIAN_POINT('',(106.35603507005,0.431778491388,2.25));
#907 = LINE('',#908,#909);
#908 = CARTESIAN_POINT('',(106.35603507005,0.431778491388,2.25));
#909 = VECTOR('',#910,1.);
#910 = DIRECTION('',(0.,0.,1.));
#911 = ORIENTED_EDGE('',*,*,#912,.F.);
#912 = EDGE_CURVE('',#869,#905,#913,.T.);
#913 = B_SPLINE_CURVE_WITH_KNOTS('',3,(#914,#915,#916,#917),
  .UNSPECIFIED.,.F.,.F.,(4,4),(0.,1.),.PIECEWISE_BEZIER_KNOTS.);
#914 = CARTESIAN_POINT('',(103.48629773388,-7.726802649753,2.25));
#915 = CARTESIAN_POINT('',(104.68296971522,-5.137375773563,2.25));
#916 = CARTESIAN_POINT('',(105.63954529949,-2.41784784457,2.25));
#917 = CARTESIAN_POINT('',(106.35603507005,0.431778491388,2.25));
#918 = SURFACE_OF_LINEAR_EXTRUSION('',#919,#924);
#919 = B_SPLINE_CURVE_WITH_KNOTS('',3,(#920,#921,#922,#923),
  .UNSPECIFIED.,.F.,.F.,(4,4),(0.,1.),.PIECEWISE_BEZIER_KNOTS.);
#920 = CARTESIAN_POINT('',(103.48629773388,-7.726802649753,2.25));
#921 = CARTESIAN_POINT('',(104.68296971522,-5.137375773563,2.25));
#922 = CARTESIAN_POINT('',(105.63954529949,-2.41784784457,2.25));
#923 = CARTESIAN_POINT('',(106.35603507005,0.431778491388,2.25));
#924 = VECTOR('',#925,1.);
#925 = DIRECTION('',(-0.,-0.,-1.));
#926 = ADVANCED_FACE('',(#927),#954,.F.);
#927 = FACE_BOUND('',#928,.F.);
#928 = EDGE_LOOP('',(#929,#930,#939,#947));
#929 = ORIENTED_EDGE('',*,*,#904,.T.);
#930 = ORIENTED_EDGE('',*,*,#931,.T.);
#931 = EDGE_CURVE('',#896,#932,#934,.T.);
#932 = VERTEX_POINT('',#933);
#933 = CARTESIAN_POINT('',(109.33702187679,22.48842602935,24.25));
#934 = B_SPLINE_CURVE_WITH_KNOTS('',3,(#935,#936,#937,#938),
  .UNSPECIFIED.,.F.,.F.,(4,4),(0.,1.),.PIECEWISE_BEZIER_KNOTS.);
#935 = CARTESIAN_POINT('',(106.35603507005,0.431778491388,24.25));
#936 = CARTESIAN_POINT('',(108.13406868054,7.502426223303,24.25));
#937 = CARTESIAN_POINT('',(108.90335346467,15.163235635252,24.25));
#938 = CARTESIAN_POINT('',(109.33702187679,22.48842602935,24.25));
#939 = ORIENTED_EDGE('',*,*,#940,.F.);
#940 = EDGE_CURVE('',#941,#932,#943,.T.);
#941 = VERTEX_POINT('',#942);
#942 = CARTESIAN_POINT('',(109.33702187679,22.48842602935,2.25));
#943 = LINE('',#944,#945);
#944 = CARTESIAN_POINT('',(109.33702187679,22.48842602935,2.25));
#945 = VECTOR('',#946,1.);
#946 = DIRECTION('',(0.,0.,1.));
#947 = ORIENTED_EDGE('',*,*,#948,.F.);
#948 = EDGE_CURVE('',#905,#941,#949,.T.);
#949 = B_SPLINE_CURVE_WITH_KNOTS('',3,(#950,#951,#952,#953),
  .UNSPECIFIED.,.F.,.F.,(4,4),(0.,1.),.PIECEWISE_BEZIER_KNOTS.);
#950 = CARTESIAN_POINT('',(106.35603507005,0.431778491388,2.25));
#951 = CARTESIAN_POINT('',(108.13406868054,7.502426223303,2.25));
#952 = CARTESIAN_POINT('',(108.90335346467,15.163235635252,2.25));
#953 = CARTESIAN_POINT('',(109.33702187679,22.48842602935,2.25));
#954 = SURFACE_OF_LINEAR_EXTRUSION('',#955,#960);
#955 = B_SPLINE_CURVE_WITH_KNOTS('',3,(#956,#957,#958,#959),
  .UNSPECIFIED.,.F.,.F.,(4,4),(0.,1.),.PIECEWISE_BEZIER_KNOTS.);
#956 = CARTESIAN_POINT('',(106.35603507005,0.431778491388,2.25));
#957 = CARTESIAN_POINT('',(108.13406868054,7.502426223303,2.25));
#958 = CARTESIAN_POINT('',(108.90335346467,15.163235635252,2.25));
#959 = CARTESIAN_POINT('',(109.33702187679,22.48842602935,2.25));
#960 = VECTOR('',#961,1.);
#961 = DIRECTION('',(-0.,-0.,-1.));
#962 = ADVANCED_FACE('',(#963),#990,.F.);
#963 = FACE_BOUND('',#964,.F.);
#964 = EDGE_LOOP('',(#965,#966,#975,#983));
#965 = ORIENTED_EDGE('',*,*,#940,.T.);
#966 = ORIENTED_EDGE('',*,*,#967,.T.);
#967 = EDGE_CURVE('',#932,#968,#970,.T.);
#968 = VERTEX_POINT('',#969);
#969 = CARTESIAN_POINT('',(109.85742079632,34.885626816113,24.25));
#970 = B_SPLINE_CURVE_WITH_KNOTS('',3,(#971,#972,#973,#974),
  .UNSPECIFIED.,.F.,.F.,(4,4),(0.,1.),.PIECEWISE_BEZIER_KNOTS.);
#971 = CARTESIAN_POINT('',(109.33702187679,22.48842602935,24.25));
#972 = CARTESIAN_POINT('',(109.58590774139,26.683053358106,24.25));
#973 = CARTESIAN_POINT('',(109.7593740479,30.815441890487,24.25));
#974 = CARTESIAN_POINT('',(109.85742079632,34.885626816113,24.25));
#975 = ORIENTED_EDGE('',*,*,#976,.F.);
#976 = EDGE_CURVE('',#977,#968,#979,.T.);
#977 = VERTEX_POINT('',#978);
#978 = CARTESIAN_POINT('',(109.85742079632,34.885626816113,2.25));
#979 = LINE('',#980,#981);
#980 = CARTESIAN_POINT('',(109.85742079632,34.885626816113,2.25));
#981 = VECTOR('',#982,1.);
#982 = DIRECTION('',(0.,0.,1.));
#983 = ORIENTED_EDGE('',*,*,#984,.F.);
#984 = EDGE_CURVE('',#941,#977,#985,.T.);
#985 = B_SPLINE_CURVE_WITH_KNOTS('',3,(#986,#987,#988,#989),
  .UNSPECIFIED.,.F.,.F.,(4,4),(0.,1.),.PIECEWISE_BEZIER_KNOTS.);
#986 = CARTESIAN_POINT('',(109.33702187679,22.48842602935,2.25));
#987 = CARTESIAN_POINT('',(109.58590774139,26.683053358106,2.25));
#988 = CARTESIAN_POINT('',(109.7593740479,30.815441890487,2.25));
#989 = CARTESIAN_POINT('',(109.85742079632,34.885626816113,2.25));
#990 = SURFACE_OF_LINEAR_EXTRUSION('',#991,#996);
#991 = B_SPLINE_CURVE_WITH_KNOTS('',3,(#992,#993,#994,#995),
  .UNSPECIFIED.,.F.,.F.,(4,4),(0.,1.),.PIECEWISE_BEZIER_KNOTS.);
#992 = CARTESIAN_POINT('',(109.33702187679,22.48842602935,2.25));
#993 = CARTESIAN_POINT('',(109.58590774139,26.683053358106,2.25));
#994 = CARTESIAN_POINT('',(109.7593740479,30.815441890487,2.25));
#995 = CARTESIAN_POINT('',(109.85742079632,34.885626816113,2.25));
#996 = VECTOR('',#997,1.);
#997 = DIRECTION('',(-0.,-0.,-1.));
#998 = ADVANCED_FACE('',(#999),#1026,.F.);
#999 = FACE_BOUND('',#1000,.F.);
#1000 = EDGE_LOOP('',(#1001,#1002,#1011,#1019));
#1001 = ORIENTED_EDGE('',*,*,#976,.T.);
#1002 = ORIENTED_EDGE('',*,*,#1003,.T.);
#1003 = EDGE_CURVE('',#968,#1004,#1006,.T.);
#1004 = VERTEX_POINT('',#1005);
#1005 = CARTESIAN_POINT('',(110.21378052338,69.516708324208,24.25));
#1006 = B_SPLINE_CURVE_WITH_KNOTS('',3,(#1007,#1008,#1009,#1010),
  .UNSPECIFIED.,.F.,.F.,(4,4),(0.,1.),.PIECEWISE_BEZIER_KNOTS.);
#1007 = CARTESIAN_POINT('',(109.85742079632,34.885626816113,24.25));
#1008 = CARTESIAN_POINT('',(110.13898273678,46.603421077375,24.25));
#1009 = CARTESIAN_POINT('',(110.25777019441,58.14710873979,24.25));
#1010 = CARTESIAN_POINT('',(110.21378052338,69.516708324208,24.25));
#1011 = ORIENTED_EDGE('',*,*,#1012,.F.);
#1012 = EDGE_CURVE('',#1013,#1004,#1015,.T.);
#1013 = VERTEX_POINT('',#1014);
#1014 = CARTESIAN_POINT('',(110.21378052338,69.516708324208,2.25));
#1015 = LINE('',#1016,#1017);
#1016 = CARTESIAN_POINT('',(110.21378052338,69.516708324208,2.25));
#1017 = VECTOR('',#1018,1.);
#1018 = DIRECTION('',(0.,0.,1.));
#1019 = ORIENTED_EDGE('',*,*,#1020,.F.);
#1020 = EDGE_CURVE('',#977,#1013,#1021,.T.);
#1021 = B_SPLINE_CURVE_WITH_KNOTS('',3,(#1022,#1023,#1024,#1025),
  .UNSPECIFIED.,.F.,.F.,(4,4),(0.,1.),.PIECEWISE_BEZIER_KNOTS.);
#1022 = CARTESIAN_POINT('',(109.85742079632,34.885626816113,2.25));
#1023 = CARTESIAN_POINT('',(110.13898273678,46.603421077375,2.25));
#1024 = CARTESIAN_POINT('',(110.25777019441,58.14710873979,2.25));
#1025 = CARTESIAN_POINT('',(110.21378052338,69.516708324208,2.25));
#1026 = SURFACE_OF_LINEAR_EXTRUSION('',#1027,#1032);
#1027 = B_SPLINE_CURVE_WITH_KNOTS('',3,(#1028,#1029,#1030,#1031),
  .UNSPECIFIED.,.F.,.F.,(4,4),(0.,1.),.PIECEWISE_BEZIER_KNOTS.);
#1028 = CARTESIAN_POINT('',(109.85742079632,34.885626816113,2.25));
#1029 = CARTESIAN_POINT('',(110.13898273678,46.603421077375,2.25));
#1030 = CARTESIAN_POINT('',(110.25777019441,58.14710873979,2.25));
#1031 = CARTESIAN_POINT('',(110.21378052338,69.516708324208,2.25));
#1032 = VECTOR('',#1033,1.);
#1033 = DIRECTION('',(-0.,-0.,-1.));
#1034 = ADVANCED_FACE('',(#1035),#1062,.F.);
#1035 = FACE_BOUND('',#1036,.F.);
#1036 = EDGE_LOOP('',(#1037,#1038,#1047,#1055));
#1037 = ORIENTED_EDGE('',*,*,#1012,.T.);
#1038 = ORIENTED_EDGE('',*,*,#1039,.T.);
#1039 = EDGE_CURVE('',#1004,#1040,#1042,.T.);
#1040 = VERTEX_POINT('',#1041);
#1041 = CARTESIAN_POINT('',(109.93095387327,89.753840833267,24.25));
#1042 = B_SPLINE_CURVE_WITH_KNOTS('',3,(#1043,#1044,#1045,#1046),
  .UNSPECIFIED.,.F.,.F.,(4,4),(0.,1.),.PIECEWISE_BEZIER_KNOTS.);
#1043 = CARTESIAN_POINT('',(110.21378052338,69.516708324208,24.25));
#1044 = CARTESIAN_POINT('',(110.18928008108,75.778473688893,24.25));
#1045 = CARTESIAN_POINT('',(110.06294140721,81.649938541008,24.25));
#1046 = CARTESIAN_POINT('',(109.93095387327,89.753840833267,24.25));
#1047 = ORIENTED_EDGE('',*,*,#1048,.F.);
#1048 = EDGE_CURVE('',#1049,#1040,#1051,.T.);
#1049 = VERTEX_POINT('',#1050);
#1050 = CARTESIAN_POINT('',(109.93095387327,89.753840833267,2.25));
#1051 = LINE('',#1052,#1053);
#1052 = CARTESIAN_POINT('',(109.93095387327,89.753840833267,2.25));
#1053 = VECTOR('',#1054,1.);
#1054 = DIRECTION('',(0.,0.,1.));
#1055 = ORIENTED_EDGE('',*,*,#1056,.F.);
#1056 = EDGE_CURVE('',#1013,#1049,#1057,.T.);
#1057 = B_SPLINE_CURVE_WITH_KNOTS('',3,(#1058,#1059,#1060,#1061),
  .UNSPECIFIED.,.F.,.F.,(4,4),(0.,1.),.PIECEWISE_BEZIER_KNOTS.);
#1058 = CARTESIAN_POINT('',(110.21378052338,69.516708324208,2.25));
#1059 = CARTESIAN_POINT('',(110.18928008108,75.778473688893,2.25));
#1060 = CARTESIAN_POINT('',(110.06294140721,81.649938541008,2.25));
#1061 = CARTESIAN_POINT('',(109.93095387327,89.753840833267,2.25));
#1062 = SURFACE_OF_LINEAR_EXTRUSION('',#1063,#1068);
#1063 = B_SPLINE_CURVE_WITH_KNOTS('',3,(#1064,#1065,#1066,#1067),
  .UNSPECIFIED.,.F.,.F.,(4,4),(0.,1.),.PIECEWISE_BEZIER_KNOTS.);
#1064 = CARTESIAN_POINT('',(110.21378052338,69.516708324208,2.25));
#1065 = CARTESIAN_POINT('',(110.18928008108,75.778473688893,2.25));
#1066 = CARTESIAN_POINT('',(110.06294140721,81.649938541008,2.25));
#1067 = CARTESIAN_POINT('',(109.93095387327,89.753840833267,2.25));
#1068 = VECTOR('',#1069,1.);
#1069 = DIRECTION('',(-0.,-0.,-1.));
#1070 = ADVANCED_FACE('',(#1071),#1098,.F.);
#1071 = FACE_BOUND('',#1072,.F.);
#1072 = EDGE_LOOP('',(#1073,#1074,#1083,#1091));
#1073 = ORIENTED_EDGE('',*,*,#1048,.T.);
#1074 = ORIENTED_EDGE('',*,*,#1075,.T.);
#1075 = EDGE_CURVE('',#1040,#1076,#1078,.T.);
#1076 = VERTEX_POINT('',#1077);
#1077 = CARTESIAN_POINT('',(108.68652190445,113.41693951052,24.25));
#1078 = B_SPLINE_CURVE_WITH_KNOTS('',3,(#1079,#1080,#1081,#1082),
  .UNSPECIFIED.,.F.,.F.,(4,4),(0.,1.),.PIECEWISE_BEZIER_KNOTS.);
#1079 = CARTESIAN_POINT('',(109.93095387327,89.753840833267,24.25));
#1080 = CARTESIAN_POINT('',(109.79896898516,97.648454844031,24.25));
#1081 = CARTESIAN_POINT('',(109.42752534649,105.82400637792,24.25));
#1082 = CARTESIAN_POINT('',(108.68652190445,113.41693951052,24.25));
#1083 = ORIENTED_EDGE('',*,*,#1084,.F.);
#1084 = EDGE_CURVE('',#1085,#1076,#1087,.T.);
#1085 = VERTEX_POINT('',#1086);
#1086 = CARTESIAN_POINT('',(108.68652190445,113.41693951052,2.25));
#1087 = LINE('',#1088,#1089);
#1088 = CARTESIAN_POINT('',(108.68652190445,113.41693951052,2.25));
#1089 = VECTOR('',#1090,1.);
#1090 = DIRECTION('',(0.,0.,1.));
#1091 = ORIENTED_EDGE('',*,*,#1092,.F.);
#1092 = EDGE_CURVE('',#1049,#1085,#1093,.T.);
#1093 = B_SPLINE_CURVE_WITH_KNOTS('',3,(#1094,#1095,#1096,#1097),
  .UNSPECIFIED.,.F.,.F.,(4,4),(0.,1.),.PIECEWISE_BEZIER_KNOTS.);
#1094 = CARTESIAN_POINT('',(109.93095387327,89.753840833267,2.25));
#1095 = CARTESIAN_POINT('',(109.79896898516,97.648454844031,2.25));
#1096 = CARTESIAN_POINT('',(109.42752534649,105.82400637792,2.25));
#1097 = CARTESIAN_POINT('',(108.68652190445,113.41693951052,2.25));
#1098 = SURFACE_OF_LINEAR_EXTRUSION('',#1099,#1104);
#1099 = B_SPLINE_CURVE_WITH_KNOTS('',3,(#1100,#1101,#1102,#1103),
  .UNSPECIFIED.,.F.,.F.,(4,4),(0.,1.),.PIECEWISE_BEZIER_KNOTS.);
#1100 = CARTESIAN_POINT('',(109.93095387327,89.753840833267,2.25));
#1101 = CARTESIAN_POINT('',(109.79896898516,97.648454844031,2.25));
#1102 = CARTESIAN_POINT('',(109.42752534649,105.82400637792,2.25));
#1103 = CARTESIAN_POINT('',(108.68652190445,113.41693951052,2.25));
#1104 = VECTOR('',#1105,1.);
#1105 = DIRECTION('',(-0.,-0.,-1.));
#1106 = ADVANCED_FACE('',(#1107),#1134,.F.);
#1107 = FACE_BOUND('',#1108,.F.);
#1108 = EDGE_LOOP('',(#1109,#1110,#1119,#1127));
#1109 = ORIENTED_EDGE('',*,*,#1084,.T.);
#1110 = ORIENTED_EDGE('',*,*,#1111,.T.);
#1111 = EDGE_CURVE('',#1076,#1112,#1114,.T.);
#1112 = VERTEX_POINT('',#1113);
#1113 = CARTESIAN_POINT('',(104.25935283445,134.06888355779,24.25));
#1114 = B_SPLINE_CURVE_WITH_KNOTS('',3,(#1115,#1116,#1117,#1118),
  .UNSPECIFIED.,.F.,.F.,(4,4),(0.,1.),.PIECEWISE_BEZIER_KNOTS.);
#1115 = CARTESIAN_POINT('',(108.68652190445,113.41693951052,24.25));
#1116 = CARTESIAN_POINT('',(107.99077019727,120.53849312903,24.25));
#1117 = CARTESIAN_POINT('',(106.78781700102,127.42247447812,24.25));
#1118 = CARTESIAN_POINT('',(104.25935283445,134.06888355779,24.25));
#1119 = ORIENTED_EDGE('',*,*,#1120,.F.);
#1120 = EDGE_CURVE('',#1121,#1112,#1123,.T.);
#1121 = VERTEX_POINT('',#1122);
#1122 = CARTESIAN_POINT('',(104.25935283445,134.06888355779,2.25));
#1123 = LINE('',#1124,#1125);
#1124 = CARTESIAN_POINT('',(104.25935283445,134.06888355779,2.25));
#1125 = VECTOR('',#1126,1.);
#1126 = DIRECTION('',(0.,0.,1.));
#1127 = ORIENTED_EDGE('',*,*,#1128,.F.);
#1128 = EDGE_CURVE('',#1085,#1121,#1129,.T.);
#1129 = B_SPLINE_CURVE_WITH_KNOTS('',3,(#1130,#1131,#1132,#1133),
  .UNSPECIFIED.,.F.,.F.,(4,4),(0.,1.),.PIECEWISE_BEZIER_KNOTS.);
#1130 = CARTESIAN_POINT('',(108.68652190445,113.41693951052,2.25));
#1131 = CARTESIAN_POINT('',(107.99077019727,120.53849312903,2.25));
#1132 = CARTESIAN_POINT('',(106.78781700102,127.42247447812,2.25));
#1133 = CARTESIAN_POINT('',(104.25935283445,134.06888355779,2.25));
#1134 = SURFACE_OF_LINEAR_EXTRUSION('',#1135,#1140);
#1135 = B_SPLINE_CURVE_WITH_KNOTS('',3,(#1136,#1137,#1138,#1139),
  .UNSPECIFIED.,.F.,.F.,(4,4),(0.,1.),.PIECEWISE_BEZIER_KNOTS.);
#1136 = CARTESIAN_POINT('',(108.68652190445,113.41693951052,2.25));
#1137 = CARTESIAN_POINT('',(107.99077019727,120.53849312903,2.25));
#1138 = CARTESIAN_POINT('',(106.78781700102,127.42247447812,2.25));
#1139 = CARTESIAN_POINT('',(104.25935283445,134.06888355779,2.25));
#1140 = VECTOR('',#1141,1.);
#1141 = DIRECTION('',(-0.,-0.,-1.));
#1142 = ADVANCED_FACE('',(#1143),#1170,.F.);
#1143 = FACE_BOUND('',#1144,.F.);
#1144 = EDGE_LOOP('',(#1145,#1146,#1155,#1163));
#1145 = ORIENTED_EDGE('',*,*,#1120,.T.);
#1146 = ORIENTED_EDGE('',*,*,#1147,.T.);
#1147 = EDGE_CURVE('',#1112,#1148,#1150,.T.);
#1148 = VERTEX_POINT('',#1149);
#1149 = CARTESIAN_POINT('',(95.026033068732,148.04613718331,24.25));
#1150 = B_SPLINE_CURVE_WITH_KNOTS('',3,(#1151,#1152,#1153,#1154),
  .UNSPECIFIED.,.F.,.F.,(4,4),(0.,1.),.PIECEWISE_BEZIER_KNOTS.);
#1151 = CARTESIAN_POINT('',(104.25935283445,134.06888355779,24.25));
#1152 = CARTESIAN_POINT('',(102.16393530852,139.57329685916,24.25));
#1153 = CARTESIAN_POINT('',(99.086147942154,144.232381401,24.25));
#1154 = CARTESIAN_POINT('',(95.026033068732,148.04613718331,24.25));
#1155 = ORIENTED_EDGE('',*,*,#1156,.F.);
#1156 = EDGE_CURVE('',#1157,#1148,#1159,.T.);
#1157 = VERTEX_POINT('',#1158);
#1158 = CARTESIAN_POINT('',(95.026033068732,148.04613718331,2.25));
#1159 = LINE('',#1160,#1161);
#1160 = CARTESIAN_POINT('',(95.026033068732,148.04613718331,2.25));
#1161 = VECTOR('',#1162,1.);
#1162 = DIRECTION('',(0.,0.,1.));
#1163 = ORIENTED_EDGE('',*,*,#1164,.F.);
#1164 = EDGE_CURVE('',#1121,#1157,#1165,.T.);
#1165 = B_SPLINE_CURVE_WITH_KNOTS('',3,(#1166,#1167,#1168,#1169),
  .UNSPECIFIED.,.F.,.F.,(4,4),(0.,1.),.PIECEWISE_BEZIER_KNOTS.);
#1166 = CARTESIAN_POINT('',(104.25935283445,134.06888355779,2.25));
#1167 = CARTESIAN_POINT('',(102.16393530852,139.57329685916,2.25));
#1168 = CARTESIAN_POINT('',(99.086147942154,144.232381401,2.25));
#1169 = CARTESIAN_POINT('',(95.026033068732,148.04613718331,2.25));
#1170 = SURFACE_OF_LINEAR_EXTRUSION('',#1171,#1176);
#1171 = B_SPLINE_CURVE_WITH_KNOTS('',3,(#1172,#1173,#1174,#1175),
  .UNSPECIFIED.,.F.,.F.,(4,4),(0.,1.),.PIECEWISE_BEZIER_KNOTS.);
#1172 = CARTESIAN_POINT('',(104.25935283445,134.06888355779,2.25));
#1173 = CARTESIAN_POINT('',(102.16393530852,139.57329685916,2.25));
#1174 = CARTESIAN_POINT('',(99.086147942154,144.232381401,2.25));
#1175 = CARTESIAN_POINT('',(95.026033068732,148.04613718331,2.25));
#1176 = VECTOR('',#1177,1.);
#1177 = DIRECTION('',(-0.,-0.,-1.));
#1178 = ADVANCED_FACE('',(#1179),#1206,.F.);
#1179 = FACE_BOUND('',#1180,.F.);
#1180 = EDGE_LOOP('',(#1181,#1182,#1191,#1199));
#1181 = ORIENTED_EDGE('',*,*,#1156,.T.);
#1182 = ORIENTED_EDGE('',*,*,#1183,.T.);
#1183 = EDGE_CURVE('',#1148,#1184,#1186,.T.);
#1184 = VERTEX_POINT('',#1185);
#1185 = CARTESIAN_POINT('',(72.897736289131,158.59931112177,24.25));
#1186 = B_SPLINE_CURVE_WITH_KNOTS('',3,(#1187,#1188,#1189,#1190),
  .UNSPECIFIED.,.F.,.F.,(4,4),(0.,1.),.PIECEWISE_BEZIER_KNOTS.);
#1187 = CARTESIAN_POINT('',(95.026033068732,148.04613718331,24.25));
#1188 = CARTESIAN_POINT('',(88.834030464546,153.85915022426,24.25));
#1189 = CARTESIAN_POINT('',(81.175107533738,157.09279321204,24.25));
#1190 = CARTESIAN_POINT('',(72.897736289131,158.59931112177,24.25));
#1191 = ORIENTED_EDGE('',*,*,#1192,.F.);
#1192 = EDGE_CURVE('',#1193,#1184,#1195,.T.);
#1193 = VERTEX_POINT('',#1194);
#1194 = CARTESIAN_POINT('',(72.897736289131,158.59931112177,2.25));
#1195 = LINE('',#1196,#1197);
#1196 = CARTESIAN_POINT('',(72.897736289131,158.59931112177,2.25));
#1197 = VECTOR('',#1198,1.);
#1198 = DIRECTION('',(0.,0.,1.));
#1199 = ORIENTED_EDGE('',*,*,#1200,.F.);
#1200 = EDGE_CURVE('',#1157,#1193,#1201,.T.);
#1201 = B_SPLINE_CURVE_WITH_KNOTS('',3,(#1202,#1203,#1204,#1205),
  .UNSPECIFIED.,.F.,.F.,(4,4),(0.,1.),.PIECEWISE_BEZIER_KNOTS.);
#1202 = CARTESIAN_POINT('',(95.026033068732,148.04613718331,2.25));
#1203 = CARTESIAN_POINT('',(88.834030464546,153.85915022426,2.25));
#1204 = CARTESIAN_POINT('',(81.175107533738,157.09279321204,2.25));
#1205 = CARTESIAN_POINT('',(72.897736289131,158.59931112177,2.25));
#1206 = SURFACE_OF_LINEAR_EXTRUSION('',#1207,#1212);
#1207 = B_SPLINE_CURVE_WITH_KNOTS('',3,(#1208,#1209,#1210,#1211),
  .UNSPECIFIED.,.F.,.F.,(4,4),(0.,1.),.PIECEWISE_BEZIER_KNOTS.);
#1208 = CARTESIAN_POINT('',(95.026033068732,148.04613718331,2.25));
#1209 = CARTESIAN_POINT('',(88.834030464546,153.85915022426,2.25));
#1210 = CARTESIAN_POINT('',(81.175107533738,157.09279321204,2.25));
#1211 = CARTESIAN_POINT('',(72.897736289131,158.59931112177,2.25));
#1212 = VECTOR('',#1213,1.);
#1213 = DIRECTION('',(-0.,-0.,-1.));
#1214 = ADVANCED_FACE('',(#1215),#1242,.F.);
#1215 = FACE_BOUND('',#1216,.F.);
#1216 = EDGE_LOOP('',(#1217,#1218,#1227,#1235));
#1217 = ORIENTED_EDGE('',*,*,#1192,.T.);
#1218 = ORIENTED_EDGE('',*,*,#1219,.T.);
#1219 = EDGE_CURVE('',#1184,#1220,#1222,.T.);
#1220 = VERTEX_POINT('',#1221);
#1221 = CARTESIAN_POINT('',(48.242864469939,160.99013360264,24.25));
#1222 = B_SPLINE_CURVE_WITH_KNOTS('',3,(#1223,#1224,#1225,#1226),
  .UNSPECIFIED.,.F.,.F.,(4,4),(0.,1.),.PIECEWISE_BEZIER_KNOTS.);
#1223 = CARTESIAN_POINT('',(72.897736289131,158.59931112177,24.25));
#1224 = CARTESIAN_POINT('',(64.829658617691,160.06623674006,24.25));
#1225 = CARTESIAN_POINT('',(56.363737154956,160.63000091331,24.25));
#1226 = CARTESIAN_POINT('',(48.242864469939,160.99013360264,24.25));
#1227 = ORIENTED_EDGE('',*,*,#1228,.F.);
#1228 = EDGE_CURVE('',#1229,#1220,#1231,.T.);
#1229 = VERTEX_POINT('',#1230);
#1230 = CARTESIAN_POINT('',(48.242864469939,160.99013360264,2.25));
#1231 = LINE('',#1232,#1233);
#1232 = CARTESIAN_POINT('',(48.242864469939,160.99013360264,2.25));
#1233 = VECTOR('',#1234,1.);
#1234 = DIRECTION('',(0.,0.,1.));
#1235 = ORIENTED_EDGE('',*,*,#1236,.F.);
#1236 = EDGE_CURVE('',#1193,#1229,#1237,.T.);
#1237 = B_SPLINE_CURVE_WITH_KNOTS('',3,(#1238,#1239,#1240,#1241),
  .UNSPECIFIED.,.F.,.F.,(4,4),(0.,1.),.PIECEWISE_BEZIER_KNOTS.);
#1238 = CARTESIAN_POINT('',(72.897736289131,158.59931112177,2.25));
#1239 = CARTESIAN_POINT('',(64.829658617691,160.06623674006,2.25));
#1240 = CARTESIAN_POINT('',(56.363737154956,160.63000091331,2.25));
#1241 = CARTESIAN_POINT('',(48.242864469939,160.99013360264,2.25));
#1242 = SURFACE_OF_LINEAR_EXTRUSION('',#1243,#1248);
#1243 = B_SPLINE_CURVE_WITH_KNOTS('',3,(#1244,#1245,#1246,#1247),
  .UNSPECIFIED.,.F.,.F.,(4,4),(0.,1.),.PIECEWISE_BEZIER_KNOTS.);
#1244 = CARTESIAN_POINT('',(72.897736289131,158.59931112177,2.25));
#1245 = CARTESIAN_POINT('',(64.829658617691,160.06623674006,2.25));
#1246 = CARTESIAN_POINT('',(56.363737154956,160.63000091331,2.25));
#1247 = CARTESIAN_POINT('',(48.242864469939,160.99013360264,2.25));
#1248 = VECTOR('',#1249,1.);
#1249 = DIRECTION('',(-0.,-0.,-1.));
#1250 = ADVANCED_FACE('',(#1251),#1278,.F.);
#1251 = FACE_BOUND('',#1252,.F.);
#1252 = EDGE_LOOP('',(#1253,#1254,#1263,#1271));
#1253 = ORIENTED_EDGE('',*,*,#1228,.T.);
#1254 = ORIENTED_EDGE('',*,*,#1255,.T.);
#1255 = EDGE_CURVE('',#1220,#1256,#1258,.T.);
#1256 = VERTEX_POINT('',#1257);
#1257 = CARTESIAN_POINT('',(-6.473252071396E-02,161.99763359437,24.25));
#1258 = B_SPLINE_CURVE_WITH_KNOTS('',3,(#1259,#1260,#1261,#1262),
  .UNSPECIFIED.,.F.,.F.,(4,4),(0.,1.),.PIECEWISE_BEZIER_KNOTS.);
#1259 = CARTESIAN_POINT('',(48.242864469939,160.99013360264,24.25));
#1260 = CARTESIAN_POINT('',(33.106025547724,161.66137428418,24.25));
#1261 = CARTESIAN_POINT('',(17.714643169577,162.00265009962,24.25));
#1262 = CARTESIAN_POINT('',(-6.473252071396E-02,161.99763359437,24.25));
#1263 = ORIENTED_EDGE('',*,*,#1264,.F.);
#1264 = EDGE_CURVE('',#1265,#1256,#1267,.T.);
#1265 = VERTEX_POINT('',#1266);
#1266 = CARTESIAN_POINT('',(-6.473252071396E-02,161.99763359437,2.25));
#1267 = LINE('',#1268,#1269);
#1268 = CARTESIAN_POINT('',(-6.473252071396E-02,161.99763359437,2.25));
#1269 = VECTOR('',#1270,1.);
#1270 = DIRECTION('',(0.,0.,1.));
#1271 = ORIENTED_EDGE('',*,*,#1272,.F.);
#1272 = EDGE_CURVE('',#1229,#1265,#1273,.T.);
#1273 = B_SPLINE_CURVE_WITH_KNOTS('',3,(#1274,#1275,#1276,#1277),
  .UNSPECIFIED.,.F.,.F.,(4,4),(0.,1.),.PIECEWISE_BEZIER_KNOTS.);
#1274 = CARTESIAN_POINT('',(48.242864469939,160.99013360264,2.25));
#1275 = CARTESIAN_POINT('',(33.106025547724,161.66137428418,2.25));
#1276 = CARTESIAN_POINT('',(17.714643169577,162.00265009962,2.25));
#1277 = CARTESIAN_POINT('',(-6.473252071396E-02,161.99763359437,2.25));
#1278 = SURFACE_OF_LINEAR_EXTRUSION('',#1279,#1284);
#1279 = B_SPLINE_CURVE_WITH_KNOTS('',3,(#1280,#1281,#1282,#1283),
  .UNSPECIFIED.,.F.,.F.,(4,4),(0.,1.),.PIECEWISE_BEZIER_KNOTS.);
#1280 = CARTESIAN_POINT('',(48.242864469939,160.99013360264,2.25));
#1281 = CARTESIAN_POINT('',(33.106025547724,161.66137428418,2.25));
#1282 = CARTESIAN_POINT('',(17.714643169577,162.00265009962,2.25));
#1283 = CARTESIAN_POINT('',(-6.473252071396E-02,161.99763359437,2.25));
#1284 = VECTOR('',#1285,1.);
#1285 = DIRECTION('',(-0.,-0.,-1.));
#1286 = ADVANCED_FACE('',(#1287),#1305,.F.);
#1287 = FACE_BOUND('',#1288,.F.);
#1288 = EDGE_LOOP('',(#1289,#1290,#1297,#1298));
#1289 = ORIENTED_EDGE('',*,*,#1264,.T.);
#1290 = ORIENTED_EDGE('',*,*,#1291,.T.);
#1291 = EDGE_CURVE('',#1256,#24,#1292,.T.);
#1292 = B_SPLINE_CURVE_WITH_KNOTS('',3,(#1293,#1294,#1295,#1296),
  .UNSPECIFIED.,.F.,.F.,(4,4),(0.,1.),.PIECEWISE_BEZIER_KNOTS.);
#1293 = CARTESIAN_POINT('',(-6.473252071396E-02,161.99763359437,24.25));
#1294 = CARTESIAN_POINT('',(-17.84410816338,161.99255358905,24.25));
#1295 = CARTESIAN_POINT('',(-33.20909409307,161.64378211994,24.25));
#1296 = CARTESIAN_POINT('',(-48.19886421556,160.9675064123,24.25));
#1297 = ORIENTED_EDGE('',*,*,#21,.F.);
#1298 = ORIENTED_EDGE('',*,*,#1299,.F.);
#1299 = EDGE_CURVE('',#1265,#22,#1300,.T.);
#1300 = B_SPLINE_CURVE_WITH_KNOTS('',3,(#1301,#1302,#1303,#1304),
  .UNSPECIFIED.,.F.,.F.,(4,4),(0.,1.),.PIECEWISE_BEZIER_KNOTS.);
#1301 = CARTESIAN_POINT('',(-6.473252071396E-02,161.99763359437,2.25));
#1302 = CARTESIAN_POINT('',(-17.84410816338,161.99255358905,2.25));
#1303 = CARTESIAN_POINT('',(-33.20909409307,161.64378211994,2.25));
#1304 = CARTESIAN_POINT('',(-48.19886421556,160.9675064123,2.25));
#1305 = SURFACE_OF_LINEAR_EXTRUSION('',#1306,#1311);
#1306 = B_SPLINE_CURVE_WITH_KNOTS('',3,(#1307,#1308,#1309,#1310),
  .UNSPECIFIED.,.F.,.F.,(4,4),(0.,1.),.PIECEWISE_BEZIER_KNOTS.);
#1307 = CARTESIAN_POINT('',(-6.473252071396E-02,161.99763359437,2.25));
#1308 = CARTESIAN_POINT('',(-17.84410816338,161.99255358905,2.25));
#1309 = CARTESIAN_POINT('',(-33.20909409307,161.64378211994,2.25));
#1310 = CARTESIAN_POINT('',(-48.19886421556,160.9675064123,2.25));
#1311 = VECTOR('',#1312,1.);
#1312 = DIRECTION('',(-0.,-0.,-1.));
#1313 = ADVANCED_FACE('',(#1314),#1352,.F.);
#1314 = FACE_BOUND('',#1315,.F.);
#1315 = EDGE_LOOP('',(#1316,#1317,#1318,#1319,#1320,#1321,#1322,#1323,
    #1324,#1325,#1326,#1327,#1328,#1329,#1330,#1331,#1332,#1333,#1334,
    #1335,#1336,#1337,#1338,#1339,#1340,#1341,#1342,#1343,#1344,#1345,
    #1346,#1347,#1348,#1349,#1350,#1351));
#1316 = ORIENTED_EDGE('',*,*,#48,.T.);
#1317 = ORIENTED_EDGE('',*,*,#84,.T.);
#1318 = ORIENTED_EDGE('',*,*,#120,.T.);
#1319 = ORIENTED_EDGE('',*,*,#156,.T.);
#1320 = ORIENTED_EDGE('',*,*,#192,.T.);
#1321 = ORIENTED_EDGE('',*,*,#228,.T.);
#1322 = ORIENTED_EDGE('',*,*,#264,.T.);
#1323 = ORIENTED_EDGE('',*,*,#300,.T.);
#1324 = ORIENTED_EDGE('',*,*,#336,.T.);
#1325 = ORIENTED_EDGE('',*,*,#372,.T.);
#1326 = ORIENTED_EDGE('',*,*,#408,.T.);
#1327 = ORIENTED_EDGE('',*,*,#444,.T.);
#1328 = ORIENTED_EDGE('',*,*,#480,.T.);
#1329 = ORIENTED_EDGE('',*,*,#516,.T.);
#1330 = ORIENTED_EDGE('',*,*,#552,.T.);
#1331 = ORIENTED_EDGE('',*,*,#588,.T.);
#1332 = ORIENTED_EDGE('',*,*,#624,.T.);
#1333 = ORIENTED_EDGE('',*,*,#660,.T.);
#1334 = ORIENTED_EDGE('',*,*,#696,.T.);
#1335 = ORIENTED_EDGE('',*,*,#732,.T.);
#1336 = ORIENTED_EDGE('',*,*,#768,.T.);
#1337 = ORIENTED_EDGE('',*,*,#804,.T.);
#1338 = ORIENTED_EDGE('',*,*,#840,.T.);
#1339 = ORIENTED_EDGE('',*,*,#876,.T.);
#1340 = ORIENTED_EDGE('',*,*,#912,.T.);
#1341 = ORIENTED_EDGE('',*,*,#948,.T.);
#1342 = ORIENTED_EDGE('',*,*,#984,.T.);
#1343 = ORIENTED_EDGE('',*,*,#1020,.T.);
#1344 = ORIENTED_EDGE('',*,*,#1056,.T.);
#1345 = ORIENTED_EDGE('',*,*,#1092,.T.);
#1346 = ORIENTED_EDGE('',*,*,#1128,.T.);
#1347 = ORIENTED_EDGE('',*,*,#1164,.T.);
#1348 = ORIENTED_EDGE('',*,*,#1200,.T.);
#1349 = ORIENTED_EDGE('',*,*,#1236,.T.);
#1350 = ORIENTED_EDGE('',*,*,#1272,.T.);
#1351 = ORIENTED_EDGE('',*,*,#1299,.T.);
#1352 = B_SPLINE_SURFACE_WITH_KNOTS('',1,1,(
    (#1353,#1354)
    ,(#1355,#1356
    )),.UNSPECIFIED.,.F.,.F.,.F.,(2,2),(2,2),(-416.6519881207,
    416.79170187929),(-600.777693293,623.807986707),
  .PIECEWISE_BEZIER_KNOTS.);
#1353 = CARTESIAN_POINT('',(110.25777019441,162.00265009962,2.25));
#1354 = CARTESIAN_POINT('',(110.25777019441,-162.0026500996,2.25));
#1355 = CARTESIAN_POINT('',(-110.2577701944,162.00265009962,2.25));
#1356 = CARTESIAN_POINT('',(-110.2577701944,-162.0026500996,2.25));
#1357 = ADVANCED_FACE('',(#1358),#1396,.T.);
#1358 = FACE_BOUND('',#1359,.T.);
#1359 = EDGE_LOOP('',(#1360,#1361,#1362,#1363,#1364,#1365,#1366,#1367,
    #1368,#1369,#1370,#1371,#1372,#1373,#1374,#1375,#1376,#1377,#1378,
    #1379,#1380,#1381,#1382,#1383,#1384,#1385,#1386,#1387,#1388,#1389,
    #1390,#1391,#1392,#1393,#1394,#1395));
#1360 = ORIENTED_EDGE('',*,*,#31,.T.);
#1361 = ORIENTED_EDGE('',*,*,#67,.T.);
#1362 = ORIENTED_EDGE('',*,*,#103,.T.);
#1363 = ORIENTED_EDGE('',*,*,#139,.T.);
#1364 = ORIENTED_EDGE('',*,*,#175,.T.);
#1365 = ORIENTED_EDGE('',*,*,#211,.T.);
#1366 = ORIENTED_EDGE('',*,*,#247,.T.);
#1367 = ORIENTED_EDGE('',*,*,#283,.T.);
#1368 = ORIENTED_EDGE('',*,*,#319,.T.);
#1369 = ORIENTED_EDGE('',*,*,#355,.T.);
#1370 = ORIENTED_EDGE('',*,*,#391,.T.);
#1371 = ORIENTED_EDGE('',*,*,#427,.T.);
#1372 = ORIENTED_EDGE('',*,*,#463,.T.);
#1373 = ORIENTED_EDGE('',*,*,#499,.T.);
#1374 = ORIENTED_EDGE('',*,*,#535,.T.);
#1375 = ORIENTED_EDGE('',*,*,#571,.T.);
#1376 = ORIENTED_EDGE('',*,*,#607,.T.);
#1377 = ORIENTED_EDGE('',*,*,#643,.T.);
#1378 = ORIENTED_EDGE('',*,*,#679,.T.);
#1379 = ORIENTED_EDGE('',*,*,#715,.T.);
#1380 = ORIENTED_EDGE('',*,*,#751,.T.);
#1381 = ORIENTED_EDGE('',*,*,#787,.T.);
#1382 = ORIENTED_EDGE('',*,*,#823,.T.);
#1383 = ORIENTED_EDGE('',*,*,#859,.T.);
#1384 = ORIENTED_EDGE('',*,*,#895,.T.);
#1385 = ORIENTED_EDGE('',*,*,#931,.T.);
#1386 = ORIENTED_EDGE('',*,*,#967,.T.);
#1387 = ORIENTED_EDGE('',*,*,#1003,.T.);
#1388 = ORIENTED_EDGE('',*,*,#1039,.T.);
#1389 = ORIENTED_EDGE('',*,*,#1075,.T.);
#1390 = ORIENTED_EDGE('',*,*,#1111,.T.);
#1391 = ORIENTED_EDGE('',*,*,#1147,.T.);
#1392 = ORIENTED_EDGE('',*,*,#1183,.T.);
#1393 = ORIENTED_EDGE('',*,*,#1219,.T.);
#1394 = ORIENTED_EDGE('',*,*,#1255,.T.);
#1395 = ORIENTED_EDGE('',*,*,#1291,.T.);
#1396 = B_SPLINE_SURFACE_WITH_KNOTS('',1,1,(
    (#1397,#1398)
    ,(#1399,#1400
    )),.UNSPECIFIED.,.F.,.F.,.F.,(2,2),(2,2),(-416.6519881207,
    416.79170187929),(-600.777693293,623.807986707),
  .PIECEWISE_BEZIER_KNOTS.);
#1397 = CARTESIAN_POINT('',(110.25777019441,162.00265009962,24.25));
#1398 = CARTESIAN_POINT('',(110.25777019441,-162.0026500996,24.25));
#1399 = CARTESIAN_POINT('',(-110.2577701944,162.00265009962,24.25));
#1400 = CARTESIAN_POINT('',(-110.2577701944,-162.0026500996,24.25));
#1401 = MANIFOLD_SOLID_BREP('',#1402);
#1402 = CLOSED_SHELL('',(#1403,#1436,#1445,#1465,#1490));
#1403 = ADVANCED_FACE('',(#1404),#1431,.T.);
#1404 = FACE_BOUND('',#1405,.T.);
#1405 = EDGE_LOOP('',(#1406,#1415,#1423,#1430));
#1406 = ORIENTED_EDGE('',*,*,#1407,.F.);
#1407 = EDGE_CURVE('',#1408,#1408,#1410,.T.);
#1408 = VERTEX_POINT('',#1409);
#1409 = CARTESIAN_POINT('',(-46.7,-130.,2.25));
#1410 = CIRCLE('',#1411,10.5);
#1411 = AXIS2_PLACEMENT_3D('',#1412,#1413,#1414);
#1412 = CARTESIAN_POINT('',(-57.2,-130.,2.25));
#1413 = DIRECTION('',(0.,0.,1.));
#1414 = DIRECTION('',(1.,0.,0.));
#1415 = ORIENTED_EDGE('',*,*,#1416,.F.);
#1416 = EDGE_CURVE('',#1417,#1408,#1419,.T.);
#1417 = VERTEX_POINT('',#1418);
#1418 = CARTESIAN_POINT('',(-47.7,-130.,1.25));
#1419 = LINE('',#1420,#1421);
#1420 = CARTESIAN_POINT('',(-47.7,-130.,1.25));
#1421 = VECTOR('',#1422,1.);
#1422 = DIRECTION('',(0.707106781187,-1.731912112471E-16,0.707106781187)
  );
#1423 = ORIENTED_EDGE('',*,*,#1424,.T.);
#1424 = EDGE_CURVE('',#1417,#1417,#1425,.T.);
#1425 = CIRCLE('',#1426,9.5);
#1426 = AXIS2_PLACEMENT_3D('',#1427,#1428,#1429);
#1427 = CARTESIAN_POINT('',(-57.2,-130.,1.25));
#1428 = DIRECTION('',(0.,0.,1.));
#1429 = DIRECTION('',(1.,0.,0.));
#1430 = ORIENTED_EDGE('',*,*,#1416,.T.);
#1431 = CONICAL_SURFACE('',#1432,9.5,0.785398163397);
#1432 = AXIS2_PLACEMENT_3D('',#1433,#1434,#1435);
#1433 = CARTESIAN_POINT('',(-57.2,-130.,1.25));
#1434 = DIRECTION('',(0.,0.,1.));
#1435 = DIRECTION('',(1.,0.,0.));
#1436 = ADVANCED_FACE('',(#1437),#1440,.T.);
#1437 = FACE_BOUND('',#1438,.T.);
#1438 = EDGE_LOOP('',(#1439));
#1439 = ORIENTED_EDGE('',*,*,#1407,.T.);
#1440 = PLANE('',#1441);
#1441 = AXIS2_PLACEMENT_3D('',#1442,#1443,#1444);
#1442 = CARTESIAN_POINT('',(-57.2,-130.,2.25));
#1443 = DIRECTION('',(0.,0.,1.));
#1444 = DIRECTION('',(1.,0.,0.));
#1445 = ADVANCED_FACE('',(#1446,#1449),#1460,.F.);
#1446 = FACE_BOUND('',#1447,.F.);
#1447 = EDGE_LOOP('',(#1448));
#1448 = ORIENTED_EDGE('',*,*,#1424,.T.);
#1449 = FACE_BOUND('',#1450,.F.);
#1450 = EDGE_LOOP('',(#1451));
#1451 = ORIENTED_EDGE('',*,*,#1452,.F.);
#1452 = EDGE_CURVE('',#1453,#1453,#1455,.T.);
#1453 = VERTEX_POINT('',#1454);
#1454 = CARTESIAN_POINT('',(-49.7,-130.,1.25));
#1455 = CIRCLE('',#1456,7.5);
#1456 = AXIS2_PLACEMENT_3D('',#1457,#1458,#1459);
#1457 = CARTESIAN_POINT('',(-57.2,-130.,1.25));
#1458 = DIRECTION('',(0.,0.,1.));
#1459 = DIRECTION('',(1.,0.,0.));
#1460 = PLANE('',#1461);
#1461 = AXIS2_PLACEMENT_3D('',#1462,#1463,#1464);
#1462 = CARTESIAN_POINT('',(-57.2,-130.,1.25));
#1463 = DIRECTION('',(0.,0.,1.));
#1464 = DIRECTION('',(1.,0.,0.));
#1465 = ADVANCED_FACE('',(#1466),#1485,.T.);
#1466 = FACE_BOUND('',#1467,.T.);
#1467 = EDGE_LOOP('',(#1468,#1469,#1477,#1484));
#1468 = ORIENTED_EDGE('',*,*,#1452,.F.);
#1469 = ORIENTED_EDGE('',*,*,#1470,.F.);
#1470 = EDGE_CURVE('',#1471,#1453,#1473,.T.);
#1471 = VERTEX_POINT('',#1472);
#1472 = CARTESIAN_POINT('',(-49.7,-130.,0.));
#1473 = LINE('',#1474,#1475);
#1474 = CARTESIAN_POINT('',(-49.7,-130.,0.));
#1475 = VECTOR('',#1476,1.);
#1476 = DIRECTION('',(0.,0.,1.));
#1477 = ORIENTED_EDGE('',*,*,#1478,.T.);
#1478 = EDGE_CURVE('',#1471,#1471,#1479,.T.);
#1479 = CIRCLE('',#1480,7.5);
#1480 = AXIS2_PLACEMENT_3D('',#1481,#1482,#1483);
#1481 = CARTESIAN_POINT('',(-57.2,-130.,0.));
#1482 = DIRECTION('',(0.,0.,1.));
#1483 = DIRECTION('',(1.,0.,0.));
#1484 = ORIENTED_EDGE('',*,*,#1470,.T.);
#1485 = CYLINDRICAL_SURFACE('',#1486,7.5);
#1486 = AXIS2_PLACEMENT_3D('',#1487,#1488,#1489);
#1487 = CARTESIAN_POINT('',(-57.2,-130.,0.));
#1488 = DIRECTION('',(0.,0.,1.));
#1489 = DIRECTION('',(1.,0.,0.));
#1490 = ADVANCED_FACE('',(#1491),#1494,.F.);
#1491 = FACE_BOUND('',#1492,.T.);
#1492 = EDGE_LOOP('',(#1493));
#1493 = ORIENTED_EDGE('',*,*,#1478,.F.);
#1494 = PLANE('',#1495);
#1495 = AXIS2_PLACEMENT_3D('',#1496,#1497,#1498);
#1496 = CARTESIAN_POINT('',(-57.2,-130.,0.));
#1497 = DIRECTION('',(0.,0.,1.));
#1498 = DIRECTION('',(1.,0.,0.));
#1499 = MANIFOLD_SOLID_BREP('',#1500);
#1500 = CLOSED_SHELL('',(#1501,#1534,#1543,#1563,#1588));
#1501 = ADVANCED_FACE('',(#1502),#1529,.T.);
#1502 = FACE_BOUND('',#1503,.T.);
#1503 = EDGE_LOOP('',(#1504,#1513,#1521,#1528));
#1504 = ORIENTED_EDGE('',*,*,#1505,.F.);
#1505 = EDGE_CURVE('',#1506,#1506,#1508,.T.);
#1506 = VERTEX_POINT('',#1507);
#1507 = CARTESIAN_POINT('',(67.7,-130.,2.25));
#1508 = CIRCLE('',#1509,10.5);
#1509 = AXIS2_PLACEMENT_3D('',#1510,#1511,#1512);
#1510 = CARTESIAN_POINT('',(57.2,-130.,2.25));
#1511 = DIRECTION('',(0.,0.,1.));
#1512 = DIRECTION('',(1.,0.,0.));
#1513 = ORIENTED_EDGE('',*,*,#1514,.F.);
#1514 = EDGE_CURVE('',#1515,#1506,#1517,.T.);
#1515 = VERTEX_POINT('',#1516);
#1516 = CARTESIAN_POINT('',(66.7,-130.,1.25));
#1517 = LINE('',#1518,#1519);
#1518 = CARTESIAN_POINT('',(66.7,-130.,1.25));
#1519 = VECTOR('',#1520,1.);
#1520 = DIRECTION('',(0.707106781187,-1.731912112471E-16,0.707106781187)
  );
#1521 = ORIENTED_EDGE('',*,*,#1522,.T.);
#1522 = EDGE_CURVE('',#1515,#1515,#1523,.T.);
#1523 = CIRCLE('',#1524,9.5);
#1524 = AXIS2_PLACEMENT_3D('',#1525,#1526,#1527);
#1525 = CARTESIAN_POINT('',(57.2,-130.,1.25));
#1526 = DIRECTION('',(0.,0.,1.));
#1527 = DIRECTION('',(1.,0.,0.));
#1528 = ORIENTED_EDGE('',*,*,#1514,.T.);
#1529 = CONICAL_SURFACE('',#1530,9.5,0.785398163397);
#1530 = AXIS2_PLACEMENT_3D('',#1531,#1532,#1533);
#1531 = CARTESIAN_POINT('',(57.2,-130.,1.25));
#1532 = DIRECTION('',(0.,0.,1.));
#1533 = DIRECTION('',(1.,0.,0.));
#1534 = ADVANCED_FACE('',(#1535),#1538,.T.);
#1535 = FACE_BOUND('',#1536,.T.);
#1536 = EDGE_LOOP('',(#1537));
#1537 = ORIENTED_EDGE('',*,*,#1505,.T.);
#1538 = PLANE('',#1539);
#1539 = AXIS2_PLACEMENT_3D('',#1540,#1541,#1542);
#1540 = CARTESIAN_POINT('',(57.2,-130.,2.25));
#1541 = DIRECTION('',(0.,0.,1.));
#1542 = DIRECTION('',(1.,0.,0.));
#1543 = ADVANCED_FACE('',(#1544,#1547),#1558,.F.);
#1544 = FACE_BOUND('',#1545,.F.);
#1545 = EDGE_LOOP('',(#1546));
#1546 = ORIENTED_EDGE('',*,*,#1522,.T.);
#1547 = FACE_BOUND('',#1548,.F.);
#1548 = EDGE_LOOP('',(#1549));
#1549 = ORIENTED_EDGE('',*,*,#1550,.F.);
#1550 = EDGE_CURVE('',#1551,#1551,#1553,.T.);
#1551 = VERTEX_POINT('',#1552);
#1552 = CARTESIAN_POINT('',(64.7,-130.,1.25));
#1553 = CIRCLE('',#1554,7.5);
#1554 = AXIS2_PLACEMENT_3D('',#1555,#1556,#1557);
#1555 = CARTESIAN_POINT('',(57.2,-130.,1.25));
#1556 = DIRECTION('',(0.,0.,1.));
#1557 = DIRECTION('',(1.,0.,0.));
#1558 = PLANE('',#1559);
#1559 = AXIS2_PLACEMENT_3D('',#1560,#1561,#1562);
#1560 = CARTESIAN_POINT('',(57.2,-130.,1.25));
#1561 = DIRECTION('',(0.,0.,1.));
#1562 = DIRECTION('',(1.,0.,0.));
#1563 = ADVANCED_FACE('',(#1564),#1583,.T.);
#1564 = FACE_BOUND('',#1565,.T.);
#1565 = EDGE_LOOP('',(#1566,#1567,#1575,#1582));
#1566 = ORIENTED_EDGE('',*,*,#1550,.F.);
#1567 = ORIENTED_EDGE('',*,*,#1568,.F.);
#1568 = EDGE_CURVE('',#1569,#1551,#1571,.T.);
#1569 = VERTEX_POINT('',#1570);
#1570 = CARTESIAN_POINT('',(64.7,-130.,0.));
#1571 = LINE('',#1572,#1573);
#1572 = CARTESIAN_POINT('',(64.7,-130.,0.));
#1573 = VECTOR('',#1574,1.);
#1574 = DIRECTION('',(0.,0.,1.));
#1575 = ORIENTED_EDGE('',*,*,#1576,.T.);
#1576 = EDGE_CURVE('',#1569,#1569,#1577,.T.);
#1577 = CIRCLE('',#1578,7.5);
#1578 = AXIS2_PLACEMENT_3D('',#1579,#1580,#1581);
#1579 = CARTESIAN_POINT('',(57.2,-130.,0.));
#1580 = DIRECTION('',(0.,0.,1.));
#1581 = DIRECTION('',(1.,0.,0.));
#1582 = ORIENTED_EDGE('',*,*,#1568,.T.);
#1583 = CYLINDRICAL_SURFACE('',#1584,7.5);
#1584 = AXIS2_PLACEMENT_3D('',#1585,#1586,#1587);
#1585 = CARTESIAN_POINT('',(57.2,-130.,0.));
#1586 = DIRECTION('',(0.,0.,1.));
#1587 = DIRECTION('',(1.,0.,0.));
#1588 = ADVANCED_FACE('',(#1589),#1592,.F.);
#1589 = FACE_BOUND('',#1590,.T.);
#1590 = EDGE_LOOP('',(#1591));
#1591 = ORIENTED_EDGE('',*,*,#1576,.F.);
#1592 = PLANE('',#1593);
#1593 = AXIS2_PLACEMENT_3D('',#1594,#1595,#1596);
#1594 = CARTESIAN_POINT('',(57.2,-130.,0.));
#1595 = DIRECTION('',(0.,0.,1.));
#1596 = DIRECTION('',(1.,0.,0.));
#1597 = MANIFOLD_SOLID_BREP('',#1598);
#1598 = CLOSED_SHELL('',(#1599,#1632,#1641,#1661,#1686));
#1599 = ADVANCED_FACE('',(#1600),#1627,.T.);
#1600 = FACE_BOUND('',#1601,.T.);
#1601 = EDGE_LOOP('',(#1602,#1611,#1619,#1626));
#1602 = ORIENTED_EDGE('',*,*,#1603,.F.);
#1603 = EDGE_CURVE('',#1604,#1604,#1606,.T.);
#1604 = VERTEX_POINT('',#1605);
#1605 = CARTESIAN_POINT('',(-46.7,-9.,2.25));
#1606 = CIRCLE('',#1607,10.5);
#1607 = AXIS2_PLACEMENT_3D('',#1608,#1609,#1610);
#1608 = CARTESIAN_POINT('',(-57.2,-9.,2.25));
#1609 = DIRECTION('',(0.,0.,1.));
#1610 = DIRECTION('',(1.,0.,0.));
#1611 = ORIENTED_EDGE('',*,*,#1612,.F.);
#1612 = EDGE_CURVE('',#1613,#1604,#1615,.T.);
#1613 = VERTEX_POINT('',#1614);
#1614 = CARTESIAN_POINT('',(-47.7,-9.,1.25));
#1615 = LINE('',#1616,#1617);
#1616 = CARTESIAN_POINT('',(-47.7,-9.,1.25));
#1617 = VECTOR('',#1618,1.);
#1618 = DIRECTION('',(0.707106781187,-1.731912112471E-16,0.707106781187)
  );
#1619 = ORIENTED_EDGE('',*,*,#1620,.T.);
#1620 = EDGE_CURVE('',#1613,#1613,#1621,.T.);
#1621 = CIRCLE('',#1622,9.5);
#1622 = AXIS2_PLACEMENT_3D('',#1623,#1624,#1625);
#1623 = CARTESIAN_POINT('',(-57.2,-9.,1.25));
#1624 = DIRECTION('',(0.,0.,1.));
#1625 = DIRECTION('',(1.,0.,0.));
#1626 = ORIENTED_EDGE('',*,*,#1612,.T.);
#1627 = CONICAL_SURFACE('',#1628,9.5,0.785398163397);
#1628 = AXIS2_PLACEMENT_3D('',#1629,#1630,#1631);
#1629 = CARTESIAN_POINT('',(-57.2,-9.,1.25));
#1630 = DIRECTION('',(0.,0.,1.));
#1631 = DIRECTION('',(1.,0.,0.));
#1632 = ADVANCED_FACE('',(#1633),#1636,.T.);
#1633 = FACE_BOUND('',#1634,.T.);
#1634 = EDGE_LOOP('',(#1635));
#1635 = ORIENTED_EDGE('',*,*,#1603,.T.);
#1636 = PLANE('',#1637);
#1637 = AXIS2_PLACEMENT_3D('',#1638,#1639,#1640);
#1638 = CARTESIAN_POINT('',(-57.2,-9.,2.25));
#1639 = DIRECTION('',(0.,0.,1.));
#1640 = DIRECTION('',(1.,0.,0.));
#1641 = ADVANCED_FACE('',(#1642,#1645),#1656,.F.);
#1642 = FACE_BOUND('',#1643,.F.);
#1643 = EDGE_LOOP('',(#1644));
#1644 = ORIENTED_EDGE('',*,*,#1620,.T.);
#1645 = FACE_BOUND('',#1646,.F.);
#1646 = EDGE_LOOP('',(#1647));
#1647 = ORIENTED_EDGE('',*,*,#1648,.F.);
#1648 = EDGE_CURVE('',#1649,#1649,#1651,.T.);
#1649 = VERTEX_POINT('',#1650);
#1650 = CARTESIAN_POINT('',(-49.7,-9.,1.25));
#1651 = CIRCLE('',#1652,7.5);
#1652 = AXIS2_PLACEMENT_3D('',#1653,#1654,#1655);
#1653 = CARTESIAN_POINT('',(-57.2,-9.,1.25));
#1654 = DIRECTION('',(0.,0.,1.));
#1655 = DIRECTION('',(1.,0.,0.));
#1656 = PLANE('',#1657);
#1657 = AXIS2_PLACEMENT_3D('',#1658,#1659,#1660);
#1658 = CARTESIAN_POINT('',(-57.2,-9.,1.25));
#1659 = DIRECTION('',(0.,0.,1.));
#1660 = DIRECTION('',(1.,0.,0.));
#1661 = ADVANCED_FACE('',(#1662),#1681,.T.);
#1662 = FACE_BOUND('',#1663,.T.);
#1663 = EDGE_LOOP('',(#1664,#1665,#1673,#1680));
#1664 = ORIENTED_EDGE('',*,*,#1648,.F.);
#1665 = ORIENTED_EDGE('',*,*,#1666,.F.);
#1666 = EDGE_CURVE('',#1667,#1649,#1669,.T.);
#1667 = VERTEX_POINT('',#1668);
#1668 = CARTESIAN_POINT('',(-49.7,-9.,0.));
#1669 = LINE('',#1670,#1671);
#1670 = CARTESIAN_POINT('',(-49.7,-9.,0.));
#1671 = VECTOR('',#1672,1.);
#1672 = DIRECTION('',(0.,0.,1.));
#1673 = ORIENTED_EDGE('',*,*,#1674,.T.);
#1674 = EDGE_CURVE('',#1667,#1667,#1675,.T.);
#1675 = CIRCLE('',#1676,7.5);
#1676 = AXIS2_PLACEMENT_3D('',#1677,#1678,#1679);
#1677 = CARTESIAN_POINT('',(-57.2,-9.,0.));
#1678 = DIRECTION('',(0.,0.,1.));
#1679 = DIRECTION('',(1.,0.,0.));
#1680 = ORIENTED_EDGE('',*,*,#1666,.T.);
#1681 = CYLINDRICAL_SURFACE('',#1682,7.5);
#1682 = AXIS2_PLACEMENT_3D('',#1683,#1684,#1685);
#1683 = CARTESIAN_POINT('',(-57.2,-9.,0.));
#1684 = DIRECTION('',(0.,0.,1.));
#1685 = DIRECTION('',(1.,0.,0.));
#1686 = ADVANCED_FACE('',(#1687),#1690,.F.);
#1687 = FACE_BOUND('',#1688,.T.);
#1688 = EDGE_LOOP('',(#1689));
#1689 = ORIENTED_EDGE('',*,*,#1674,.F.);
#1690 = PLANE('',#1691);
#1691 = AXIS2_PLACEMENT_3D('',#1692,#1693,#1694);
#1692 = CARTESIAN_POINT('',(-57.2,-9.,0.));
#1693 = DIRECTION('',(0.,0.,1.));
#1694 = DIRECTION('',(1.,0.,0.));
#1695 = MANIFOLD_SOLID_BREP('',#1696);
#1696 = CLOSED_SHELL('',(#1697,#1730,#1739,#1759,#1784));
#1697 = ADVANCED_FACE('',(#1698),#1725,.T.);
#1698 = FACE_BOUND('',#1699,.T.);
#1699 = EDGE_LOOP('',(#1700,#1709,#1717,#1724));
#1700 = ORIENTED_EDGE('',*,*,#1701,.F.);
#1701 = EDGE_CURVE('',#1702,#1702,#1704,.T.);
#1702 = VERTEX_POINT('',#1703);
#1703 = CARTESIAN_POINT('',(67.7,-9.,2.25));
#1704 = CIRCLE('',#1705,10.5);
#1705 = AXIS2_PLACEMENT_3D('',#1706,#1707,#1708);
#1706 = CARTESIAN_POINT('',(57.2,-9.,2.25));
#1707 = DIRECTION('',(0.,0.,1.));
#1708 = DIRECTION('',(1.,0.,0.));
#1709 = ORIENTED_EDGE('',*,*,#1710,.F.);
#1710 = EDGE_CURVE('',#1711,#1702,#1713,.T.);
#1711 = VERTEX_POINT('',#1712);
#1712 = CARTESIAN_POINT('',(66.7,-9.,1.25));
#1713 = LINE('',#1714,#1715);
#1714 = CARTESIAN_POINT('',(66.7,-9.,1.25));
#1715 = VECTOR('',#1716,1.);
#1716 = DIRECTION('',(0.707106781187,-1.731912112471E-16,0.707106781187)
  );
#1717 = ORIENTED_EDGE('',*,*,#1718,.T.);
#1718 = EDGE_CURVE('',#1711,#1711,#1719,.T.);
#1719 = CIRCLE('',#1720,9.5);
#1720 = AXIS2_PLACEMENT_3D('',#1721,#1722,#1723);
#1721 = CARTESIAN_POINT('',(57.2,-9.,1.25));
#1722 = DIRECTION('',(0.,0.,1.));
#1723 = DIRECTION('',(1.,0.,0.));
#1724 = ORIENTED_EDGE('',*,*,#1710,.T.);
#1725 = CONICAL_SURFACE('',#1726,9.5,0.785398163397);
#1726 = AXIS2_PLACEMENT_3D('',#1727,#1728,#1729);
#1727 = CARTESIAN_POINT('',(57.2,-9.,1.25));
#1728 = DIRECTION('',(0.,0.,1.));
#1729 = DIRECTION('',(1.,0.,0.));
#1730 = ADVANCED_FACE('',(#1731),#1734,.T.);
#1731 = FACE_BOUND('',#1732,.T.);
#1732 = EDGE_LOOP('',(#1733));
#1733 = ORIENTED_EDGE('',*,*,#1701,.T.);
#1734 = PLANE('',#1735);
#1735 = AXIS2_PLACEMENT_3D('',#1736,#1737,#1738);
#1736 = CARTESIAN_POINT('',(57.2,-9.,2.25));
#1737 = DIRECTION('',(0.,0.,1.));
#1738 = DIRECTION('',(1.,0.,0.));
#1739 = ADVANCED_FACE('',(#1740,#1743),#1754,.F.);
#1740 = FACE_BOUND('',#1741,.F.);
#1741 = EDGE_LOOP('',(#1742));
#1742 = ORIENTED_EDGE('',*,*,#1718,.T.);
#1743 = FACE_BOUND('',#1744,.F.);
#1744 = EDGE_LOOP('',(#1745));
#1745 = ORIENTED_EDGE('',*,*,#1746,.F.);
#1746 = EDGE_CURVE('',#1747,#1747,#1749,.T.);
#1747 = VERTEX_POINT('',#1748);
#1748 = CARTESIAN_POINT('',(64.7,-9.,1.25));
#1749 = CIRCLE('',#1750,7.5);
#1750 = AXIS2_PLACEMENT_3D('',#1751,#1752,#1753);
#1751 = CARTESIAN_POINT('',(57.2,-9.,1.25));
#1752 = DIRECTION('',(0.,0.,1.));
#1753 = DIRECTION('',(1.,0.,0.));
#1754 = PLANE('',#1755);
#1755 = AXIS2_PLACEMENT_3D('',#1756,#1757,#1758);
#1756 = CARTESIAN_POINT('',(57.2,-9.,1.25));
#1757 = DIRECTION('',(0.,0.,1.));
#1758 = DIRECTION('',(1.,0.,0.));
#1759 = ADVANCED_FACE('',(#1760),#1779,.T.);
#1760 = FACE_BOUND('',#1761,.T.);
#1761 = EDGE_LOOP('',(#1762,#1763,#1771,#1778));
#1762 = ORIENTED_EDGE('',*,*,#1746,.F.);
#1763 = ORIENTED_EDGE('',*,*,#1764,.F.);
#1764 = EDGE_CURVE('',#1765,#1747,#1767,.T.);
#1765 = VERTEX_POINT('',#1766);
#1766 = CARTESIAN_POINT('',(64.7,-9.,0.));
#1767 = LINE('',#1768,#1769);
#1768 = CARTESIAN_POINT('',(64.7,-9.,0.));
#1769 = VECTOR('',#1770,1.);
#1770 = DIRECTION('',(0.,0.,1.));
#1771 = ORIENTED_EDGE('',*,*,#1772,.T.);
#1772 = EDGE_CURVE('',#1765,#1765,#1773,.T.);
#1773 = CIRCLE('',#1774,7.5);
#1774 = AXIS2_PLACEMENT_3D('',#1775,#1776,#1777);
#1775 = CARTESIAN_POINT('',(57.2,-9.,0.));
#1776 = DIRECTION('',(0.,0.,1.));
#1777 = DIRECTION('',(1.,0.,0.));
#1778 = ORIENTED_EDGE('',*,*,#1764,.T.);
#1779 = CYLINDRICAL_SURFACE('',#1780,7.5);
#1780 = AXIS2_PLACEMENT_3D('',#1781,#1782,#1783);
#1781 = CARTESIAN_POINT('',(57.2,-9.,0.));
#1782 = DIRECTION('',(0.,0.,1.));
#1783 = DIRECTION('',(1.,0.,0.));
#1784 = ADVANCED_FACE('',(#1785),#1788,.F.);
#1785 = FACE_BOUND('',#1786,.T.);
#1786 = EDGE_LOOP('',(#1787));
#1787 = ORIENTED_EDGE('',*,*,#1772,.F.);
#1788 = PLANE('',#1789);
#1789 = AXIS2_PLACEMENT_3D('',#1790,#1791,#1792);
#1790 = CARTESIAN_POINT('',(57.2,-9.,0.));
#1791 = DIRECTION('',(0.,0.,1.));
#1792 = DIRECTION('',(1.,0.,0.));
#1793 = MANIFOLD_SOLID_BREP('',#1794);
#1794 = CLOSED_SHELL('',(#1795,#1828,#1837,#1857,#1882));
#1795 = ADVANCED_FACE('',(#1796),#1823,.T.);
#1796 = FACE_BOUND('',#1797,.T.);
#1797 = EDGE_LOOP('',(#1798,#1807,#1815,#1822));
#1798 = ORIENTED_EDGE('',*,*,#1799,.F.);
#1799 = EDGE_CURVE('',#1800,#1800,#1802,.T.);
#1800 = VERTEX_POINT('',#1801);
#1801 = CARTESIAN_POINT('',(-73.,134.5,2.25));
#1802 = CIRCLE('',#1803,10.5);
#1803 = AXIS2_PLACEMENT_3D('',#1804,#1805,#1806);
#1804 = CARTESIAN_POINT('',(-83.5,134.5,2.25));
#1805 = DIRECTION('',(0.,0.,1.));
#1806 = DIRECTION('',(1.,0.,0.));
#1807 = ORIENTED_EDGE('',*,*,#1808,.F.);
#1808 = EDGE_CURVE('',#1809,#1800,#1811,.T.);
#1809 = VERTEX_POINT('',#1810);
#1810 = CARTESIAN_POINT('',(-74.,134.5,1.25));
#1811 = LINE('',#1812,#1813);
#1812 = CARTESIAN_POINT('',(-74.,134.5,1.25));
#1813 = VECTOR('',#1814,1.);
#1814 = DIRECTION('',(0.707106781187,-1.731912112471E-16,0.707106781187)
  );
#1815 = ORIENTED_EDGE('',*,*,#1816,.T.);
#1816 = EDGE_CURVE('',#1809,#1809,#1817,.T.);
#1817 = CIRCLE('',#1818,9.5);
#1818 = AXIS2_PLACEMENT_3D('',#1819,#1820,#1821);
#1819 = CARTESIAN_POINT('',(-83.5,134.5,1.25));
#1820 = DIRECTION('',(0.,0.,1.));
#1821 = DIRECTION('',(1.,0.,0.));
#1822 = ORIENTED_EDGE('',*,*,#1808,.T.);
#1823 = CONICAL_SURFACE('',#1824,9.5,0.785398163397);
#1824 = AXIS2_PLACEMENT_3D('',#1825,#1826,#1827);
#1825 = CARTESIAN_POINT('',(-83.5,134.5,1.25));
#1826 = DIRECTION('',(0.,0.,1.));
#1827 = DIRECTION('',(1.,0.,0.));
#1828 = ADVANCED_FACE('',(#1829),#1832,.T.);
#1829 = FACE_BOUND('',#1830,.T.);
#1830 = EDGE_LOOP('',(#1831));
#1831 = ORIENTED_EDGE('',*,*,#1799,.T.);
#1832 = PLANE('',#1833);
#1833 = AXIS2_PLACEMENT_3D('',#1834,#1835,#1836);
#1834 = CARTESIAN_POINT('',(-83.5,134.5,2.25));
#1835 = DIRECTION('',(0.,0.,1.));
#1836 = DIRECTION('',(1.,0.,0.));
#1837 = ADVANCED_FACE('',(#1838,#1841),#1852,.F.);
#1838 = FACE_BOUND('',#1839,.F.);
#1839 = EDGE_LOOP('',(#1840));
#1840 = ORIENTED_EDGE('',*,*,#1816,.T.);
#1841 = FACE_BOUND('',#1842,.F.);
#1842 = EDGE_LOOP('',(#1843));
#1843 = ORIENTED_EDGE('',*,*,#1844,.F.);
#1844 = EDGE_CURVE('',#1845,#1845,#1847,.T.);
#1845 = VERTEX_POINT('',#1846);
#1846 = CARTESIAN_POINT('',(-76.,134.5,1.25));
#1847 = CIRCLE('',#1848,7.5);
#1848 = AXIS2_PLACEMENT_3D('',#1849,#1850,#1851);
#1849 = CARTESIAN_POINT('',(-83.5,134.5,1.25));
#1850 = DIRECTION('',(0.,0.,1.));
#1851 = DIRECTION('',(1.,0.,0.));
#1852 = PLANE('',#1853);
#1853 = AXIS2_PLACEMENT_3D('',#1854,#1855,#1856);
#1854 = CARTESIAN_POINT('',(-83.5,134.5,1.25));
#1855 = DIRECTION('',(0.,0.,1.));
#1856 = DIRECTION('',(1.,0.,0.));
#1857 = ADVANCED_FACE('',(#1858),#1877,.T.);
#1858 = FACE_BOUND('',#1859,.T.);
#1859 = EDGE_LOOP('',(#1860,#1861,#1869,#1876));
#1860 = ORIENTED_EDGE('',*,*,#1844,.F.);
#1861 = ORIENTED_EDGE('',*,*,#1862,.F.);
#1862 = EDGE_CURVE('',#1863,#1845,#1865,.T.);
#1863 = VERTEX_POINT('',#1864);
#1864 = CARTESIAN_POINT('',(-76.,134.5,0.));
#1865 = LINE('',#1866,#1867);
#1866 = CARTESIAN_POINT('',(-76.,134.5,0.));
#1867 = VECTOR('',#1868,1.);
#1868 = DIRECTION('',(0.,0.,1.));
#1869 = ORIENTED_EDGE('',*,*,#1870,.T.);
#1870 = EDGE_CURVE('',#1863,#1863,#1871,.T.);
#1871 = CIRCLE('',#1872,7.5);
#1872 = AXIS2_PLACEMENT_3D('',#1873,#1874,#1875);
#1873 = CARTESIAN_POINT('',(-83.5,134.5,0.));
#1874 = DIRECTION('',(0.,0.,1.));
#1875 = DIRECTION('',(1.,0.,0.));
#1876 = ORIENTED_EDGE('',*,*,#1862,.T.);
#1877 = CYLINDRICAL_SURFACE('',#1878,7.5);
#1878 = AXIS2_PLACEMENT_3D('',#1879,#1880,#1881);
#1879 = CARTESIAN_POINT('',(-83.5,134.5,0.));
#1880 = DIRECTION('',(0.,0.,1.));
#1881 = DIRECTION('',(1.,0.,0.));
#1882 = ADVANCED_FACE('',(#1883),#1886,.F.);
#1883 = FACE_BOUND('',#1884,.T.);
#1884 = EDGE_LOOP('',(#1885));
#1885 = ORIENTED_EDGE('',*,*,#1870,.F.);
#1886 = PLANE('',#1887);
#1887 = AXIS2_PLACEMENT_3D('',#1888,#1889,#1890);
#1888 = CARTESIAN_POINT('',(-83.5,134.5,0.));
#1889 = DIRECTION('',(0.,0.,1.));
#1890 = DIRECTION('',(1.,0.,0.));
#1891 = MANIFOLD_SOLID_BREP('',#1892);
#1892 = CLOSED_SHELL('',(#1893,#1926,#1935,#1955,#1980));
#1893 = ADVANCED_FACE('',(#1894),#1921,.T.);
#1894 = FACE_BOUND('',#1895,.T.);
#1895 = EDGE_LOOP('',(#1896,#1905,#1913,#1920));
#1896 = ORIENTED_EDGE('',*,*,#1897,.F.);
#1897 = EDGE_CURVE('',#1898,#1898,#1900,.T.);
#1898 = VERTEX_POINT('',#1899);
#1899 = CARTESIAN_POINT('',(94.,134.5,2.25));
#1900 = CIRCLE('',#1901,10.5);
#1901 = AXIS2_PLACEMENT_3D('',#1902,#1903,#1904);
#1902 = CARTESIAN_POINT('',(83.5,134.5,2.25));
#1903 = DIRECTION('',(0.,0.,1.));
#1904 = DIRECTION('',(1.,0.,0.));
#1905 = ORIENTED_EDGE('',*,*,#1906,.F.);
#1906 = EDGE_CURVE('',#1907,#1898,#1909,.T.);
#1907 = VERTEX_POINT('',#1908);
#1908 = CARTESIAN_POINT('',(93.,134.5,1.25));
#1909 = LINE('',#1910,#1911);
#1910 = CARTESIAN_POINT('',(93.,134.5,1.25));
#1911 = VECTOR('',#1912,1.);
#1912 = DIRECTION('',(0.707106781187,-1.731912112471E-16,0.707106781187)
  );
#1913 = ORIENTED_EDGE('',*,*,#1914,.T.);
#1914 = EDGE_CURVE('',#1907,#1907,#1915,.T.);
#1915 = CIRCLE('',#1916,9.5);
#1916 = AXIS2_PLACEMENT_3D('',#1917,#1918,#1919);
#1917 = CARTESIAN_POINT('',(83.5,134.5,1.25));
#1918 = DIRECTION('',(0.,0.,1.));
#1919 = DIRECTION('',(1.,0.,0.));
#1920 = ORIENTED_EDGE('',*,*,#1906,.T.);
#1921 = CONICAL_SURFACE('',#1922,9.5,0.785398163397);
#1922 = AXIS2_PLACEMENT_3D('',#1923,#1924,#1925);
#1923 = CARTESIAN_POINT('',(83.5,134.5,1.25));
#1924 = DIRECTION('',(0.,0.,1.));
#1925 = DIRECTION('',(1.,0.,0.));
#1926 = ADVANCED_FACE('',(#1927),#1930,.T.);
#1927 = FACE_BOUND('',#1928,.T.);
#1928 = EDGE_LOOP('',(#1929));
#1929 = ORIENTED_EDGE('',*,*,#1897,.T.);
#1930 = PLANE('',#1931);
#1931 = AXIS2_PLACEMENT_3D('',#1932,#1933,#1934);
#1932 = CARTESIAN_POINT('',(83.5,134.5,2.25));
#1933 = DIRECTION('',(0.,0.,1.));
#1934 = DIRECTION('',(1.,0.,0.));
#1935 = ADVANCED_FACE('',(#1936,#1939),#1950,.F.);
#1936 = FACE_BOUND('',#1937,.F.);
#1937 = EDGE_LOOP('',(#1938));
#1938 = ORIENTED_EDGE('',*,*,#1914,.T.);
#1939 = FACE_BOUND('',#1940,.F.);
#1940 = EDGE_LOOP('',(#1941));
#1941 = ORIENTED_EDGE('',*,*,#1942,.F.);
#1942 = EDGE_CURVE('',#1943,#1943,#1945,.T.);
#1943 = VERTEX_POINT('',#1944);
#1944 = CARTESIAN_POINT('',(91.,134.5,1.25));
#1945 = CIRCLE('',#1946,7.5);
#1946 = AXIS2_PLACEMENT_3D('',#1947,#1948,#1949);
#1947 = CARTESIAN_POINT('',(83.5,134.5,1.25));
#1948 = DIRECTION('',(0.,0.,1.));
#1949 = DIRECTION('',(1.,0.,0.));
#1950 = PLANE('',#1951);
#1951 = AXIS2_PLACEMENT_3D('',#1952,#1953,#1954);
#1952 = CARTESIAN_POINT('',(83.5,134.5,1.25));
#1953 = DIRECTION('',(0.,0.,1.));
#1954 = DIRECTION('',(1.,0.,0.));
#1955 = ADVANCED_FACE('',(#1956),#1975,.T.);
#1956 = FACE_BOUND('',#1957,.T.);
#1957 = EDGE_LOOP('',(#1958,#1959,#1967,#1974));
#1958 = ORIENTED_EDGE('',*,*,#1942,.F.);
#1959 = ORIENTED_EDGE('',*,*,#1960,.F.);
#1960 = EDGE_CURVE('',#1961,#1943,#1963,.T.);
#1961 = VERTEX_POINT('',#1962);
#1962 = CARTESIAN_POINT('',(91.,134.5,0.));
#1963 = LINE('',#1964,#1965);
#1964 = CARTESIAN_POINT('',(91.,134.5,0.));
#1965 = VECTOR('',#1966,1.);
#1966 = DIRECTION('',(0.,0.,1.));
#1967 = ORIENTED_EDGE('',*,*,#1968,.T.);
#1968 = EDGE_CURVE('',#1961,#1961,#1969,.T.);
#1969 = CIRCLE('',#1970,7.5);
#1970 = AXIS2_PLACEMENT_3D('',#1971,#1972,#1973);
#1971 = CARTESIAN_POINT('',(83.5,134.5,0.));
#1972 = DIRECTION('',(0.,0.,1.));
#1973 = DIRECTION('',(1.,0.,0.));
#1974 = ORIENTED_EDGE('',*,*,#1960,.T.);
#1975 = CYLINDRICAL_SURFACE('',#1976,7.5);
#1976 = AXIS2_PLACEMENT_3D('',#1977,#1978,#1979);
#1977 = CARTESIAN_POINT('',(83.5,134.5,0.));
#1978 = DIRECTION('',(0.,0.,1.));
#1979 = DIRECTION('',(1.,0.,0.));
#1980 = ADVANCED_FACE('',(#1981),#1984,.F.);
#1981 = FACE_BOUND('',#1982,.T.);
#1982 = EDGE_LOOP('',(#1983));
#1983 = ORIENTED_EDGE('',*,*,#1968,.F.);
#1984 = PLANE('',#1985);
#1985 = AXIS2_PLACEMENT_3D('',#1986,#1987,#1988);
#1986 = CARTESIAN_POINT('',(83.5,134.5,0.));
#1987 = DIRECTION('',(0.,0.,1.));
#1988 = DIRECTION('',(1.,0.,0.));
#1989 = MANIFOLD_SOLID_BREP('',#1990);
#1990 = CLOSED_SHELL('',(#1991,#2212,#2427,#2454,#2481,#2705,#2739,#2869
    ,#2899,#2908,#2917,#2956,#3015,#3043,#3071,#3098,#3126,#3154,#3182,
    #3210,#3238,#3266,#3294,#3322,#3350,#3378,#3406,#3427,#3462,#3490,
    #3518,#3546,#3622,#3648,#3686,#3756,#3789,#3813,#3838,#3864,#3902,
    #3920,#4127,#4144,#4163,#4299,#4318,#4335,#4352,#4369,#4386,#4401,
    #4434,#4450,#4462,#4481,#4509,#4537,#4565,#4593,#4621,#4649,#4677,
    #4705,#4733,#4761,#4789,#4817,#4843,#4857,#4892,#4920,#4948,#4976,
    #5004,#5039,#5067,#5095,#5123,#5151,#5179,#5309,#5411,#5422,#5432,
    #5568,#5740,#5759,#5778,#5811,#5836,#5860,#5886,#5903,#5930,#5958,
    #5986,#6014,#6042,#6070,#6098,#6126,#6154,#6182,#6210,#6238,#6259,
    #6278,#6306,#6334,#6362,#6390,#6418,#6446,#6474,#6502,#6530,#6558,
    #6586,#6614,#6640,#6654,#6670,#6703,#6718,#6752,#6762));
#1991 = ADVANCED_FACE('',(#1992),#2204,.F.);
#1992 = FACE_BOUND('',#1993,.F.);
#1993 = EDGE_LOOP('',(#1994,#2004,#2027,#2035,#2044,#2052,#2131,#2139));
#1994 = ORIENTED_EDGE('',*,*,#1995,.F.);
#1995 = EDGE_CURVE('',#1996,#1998,#2000,.T.);
#1996 = VERTEX_POINT('',#1997);
#1997 = CARTESIAN_POINT('',(-6.473252071396E-02,-31.99763359437,108.25)
  );
#1998 = VERTEX_POINT('',#1999);
#1999 = CARTESIAN_POINT('',(-6.473252071396E-02,-31.99763359437,
    125.25026189798));
#2000 = LINE('',#2001,#2002);
#2001 = CARTESIAN_POINT('',(-6.473252071396E-02,-31.99763359437,24.25));
#2002 = VECTOR('',#2003,1.);
#2003 = DIRECTION('',(0.,0.,1.));
#2004 = ORIENTED_EDGE('',*,*,#2005,.T.);
#2005 = EDGE_CURVE('',#1996,#2006,#2008,.T.);
#2006 = VERTEX_POINT('',#2007);
#2007 = CARTESIAN_POINT('',(-48.19886421556,-30.9675064123,108.25));
#2008 = B_SPLINE_CURVE_WITH_KNOTS('',5,(#2009,#2010,#2011,#2012,#2013,
    #2014,#2015,#2016,#2017,#2018,#2019,#2020,#2021,#2022,#2023,#2024,
    #2025,#2026),.UNSPECIFIED.,.F.,.F.,(6,4,4,4,6),(0.,0.26819835442,
    0.521598225747,0.764199002199,1.),.UNSPECIFIED.);
#2009 = CARTESIAN_POINT('',(-6.473252071396E-02,-31.99763359437,108.25)
  );
#2010 = CARTESIAN_POINT('',(-2.647548880967,-31.99689562015,108.25));
#2011 = CARTESIAN_POINT('',(-5.230348563704,-31.99010120861,108.25));
#2012 = CARTESIAN_POINT('',(-7.813112375237,-31.97687653224,108.25));
#2013 = CARTESIAN_POINT('',(-10.39581559558,-31.95683963025,108.25));
#2014 = CARTESIAN_POINT('',(-15.41853914536,-31.90393021763,108.25));
#2015 = CARTESIAN_POINT('',(-17.8585692523,-31.87182697793,108.25));
#2016 = CARTESIAN_POINT('',(-20.29849298465,-31.83302486109,108.25));
#2017 = CARTESIAN_POINT('',(-22.7382809126,-31.78724531799,108.25));
#2018 = CARTESIAN_POINT('',(-27.51355115521,-31.68354917318,108.25));
#2019 = CARTESIAN_POINT('',(-29.84904782463,-31.62623300353,108.25));
#2020 = CARTESIAN_POINT('',(-32.18436148457,-31.56212682728,108.25));
#2021 = CARTESIAN_POINT('',(-34.51946254929,-31.49108796248,108.25));
#2022 = CARTESIAN_POINT('',(-39.12373757804,-31.33720569381,108.25));
#2023 = CARTESIAN_POINT('',(-41.39292539318,-31.2547489906,108.25));
#2024 = CARTESIAN_POINT('',(-43.66185775591,-31.16562438313,108.25));
#2025 = CARTESIAN_POINT('',(-45.93051077751,-31.06984502817,108.25));
#2026 = CARTESIAN_POINT('',(-48.19886421556,-30.9675064123,108.25));
#2027 = ORIENTED_EDGE('',*,*,#2028,.T.);
#2028 = EDGE_CURVE('',#2006,#2029,#2031,.T.);
#2029 = VERTEX_POINT('',#2030);
#2030 = CARTESIAN_POINT('',(-48.19886421556,-30.9675064123,215.95));
#2031 = LINE('',#2032,#2033);
#2032 = CARTESIAN_POINT('',(-48.19886421556,-30.9675064123,24.25));
#2033 = VECTOR('',#2034,1.);
#2034 = DIRECTION('',(0.,0.,1.));
#2035 = ORIENTED_EDGE('',*,*,#2036,.T.);
#2036 = EDGE_CURVE('',#2029,#2037,#2039,.T.);
#2037 = VERTEX_POINT('',#2038);
#2038 = CARTESIAN_POINT('',(-6.473252071396E-02,-31.99763359437,215.95)
  );
#2039 = B_SPLINE_CURVE_WITH_KNOTS('',3,(#2040,#2041,#2042,#2043),
  .UNSPECIFIED.,.F.,.F.,(4,4),(0.,1.),.PIECEWISE_BEZIER_KNOTS.);
#2040 = CARTESIAN_POINT('',(-48.19886421556,-30.9675064123,215.95));
#2041 = CARTESIAN_POINT('',(-33.20909409307,-31.64378211994,215.95));
#2042 = CARTESIAN_POINT('',(-17.84410816338,-31.99255358905,215.95));
#2043 = CARTESIAN_POINT('',(-6.473252071396E-02,-31.99763359437,215.95)
  );
#2044 = ORIENTED_EDGE('',*,*,#2045,.F.);
#2045 = EDGE_CURVE('',#2046,#2037,#2048,.T.);
#2046 = VERTEX_POINT('',#2047);
#2047 = CARTESIAN_POINT('',(-6.473252071396E-02,-31.99763359437,
    200.24990023073));
#2048 = LINE('',#2049,#2050);
#2049 = CARTESIAN_POINT('',(-6.473252071396E-02,-31.99763359437,24.25));
#2050 = VECTOR('',#2051,1.);
#2051 = DIRECTION('',(0.,0.,1.));
#2052 = ORIENTED_EDGE('',*,*,#2053,.T.);
#2053 = EDGE_CURVE('',#2046,#2054,#2056,.T.);
#2054 = VERTEX_POINT('',#2055);
#2055 = CARTESIAN_POINT('',(-6.473252071396E-02,-31.99763359437,
    158.25009976926));
#2056 = B_SPLINE_CURVE_WITH_KNOTS('',7,(#2057,#2058,#2059,#2060,#2061,
    #2062,#2063,#2064,#2065,#2066,#2067,#2068,#2069,#2070,#2071,#2072,
    #2073,#2074,#2075,#2076,#2077,#2078,#2079,#2080,#2081,#2082,#2083,
    #2084,#2085,#2086,#2087,#2088,#2089,#2090,#2091,#2092,#2093,#2094,
    #2095,#2096,#2097,#2098,#2099,#2100,#2101,#2102,#2103,#2104,#2105,
    #2106,#2107,#2108,#2109,#2110,#2111,#2112,#2113,#2114,#2115,#2116,
    #2117,#2118,#2119,#2120,#2121,#2122,#2123,#2124,#2125,#2126,#2127,
    #2128,#2129,#2130),.UNSPECIFIED.,.F.,.F.,(8,6,6,6,6,6,6,6,6,6,6,6,8)
  ,(0.,9.587413004429E-02,0.157624892301,0.240979000481,0.307923042458,
    0.360906401958,0.49949629584,0.639462009645,0.692783544298,
    0.758847946636,0.841840739097,0.90405188505,1.),.UNSPECIFIED.);
#2057 = CARTESIAN_POINT('',(-6.473252071396E-02,-31.99763359437,
    200.24990023073));
#2058 = CARTESIAN_POINT('',(-1.161513977578,-31.99732021691,
    200.24651938474));
#2059 = CARTESIAN_POINT('',(-2.258352451313,-31.99598752207,
    200.17630779175));
#2060 = CARTESIAN_POINT('',(-3.344279401815,-31.99361597644,
    200.03924304494));
#2061 = CARTESIAN_POINT('',(-4.410282821258,-31.9902465107,
    199.83795992163));
#2062 = CARTESIAN_POINT('',(-5.448933626143,-31.9859682013,
    199.57658900067));
#2063 = CARTESIAN_POINT('',(-6.454232028848,-31.98090157574,
    199.26029691119));
#2064 = CARTESIAN_POINT('',(-8.044467678744,-31.971500102,
    198.65953486585));
#2065 = CARTESIAN_POINT('',(-8.651965217314,-31.9675448849,
    198.4036945107));
#2066 = CARTESIAN_POINT('',(-9.242991067643,-31.96335181311,
    198.12877096917));
#2067 = CARTESIAN_POINT('',(-9.816856996528,-31.95895655748,
    197.83617883713));
#2068 = CARTESIAN_POINT('',(-10.37311420844,-31.95439446365,
    197.52728782953));
#2069 = CARTESIAN_POINT('',(-10.91151122636,-31.94969933772,
    197.2033805674));
#2070 = CARTESIAN_POINT('',(-12.13449626343,-31.93842809052,
    196.40970323594));
#2071 = CARTESIAN_POINT('',(-12.80424591841,-31.93176926276,
    195.92860361378));
#2072 = CARTESIAN_POINT('',(-13.44111403893,-31.92500349861,
    195.4251429286));
#2073 = CARTESIAN_POINT('',(-14.04527984768,-31.91820179631,
    194.90188574397));
#2074 = CARTESIAN_POINT('',(-14.61714403631,-31.91142816599,
    194.36111020726));
#2075 = CARTESIAN_POINT('',(-15.15727190661,-31.90473887416,
    193.80477525954));
#2076 = CARTESIAN_POINT('',(-16.07518069529,-31.89291542693,
    192.77647389237));
#2077 = CARTESIAN_POINT('',(-16.46395186661,-31.88773491,192.30950136969
    ));
#2078 = CARTESIAN_POINT('',(-16.83298234243,-31.88266533036,
    191.83443023035));
#2079 = CARTESIAN_POINT('',(-17.18259620454,-31.87772938573,
    191.35204184957));
#2080 = CARTESIAN_POINT('',(-17.51311370368,-31.87294729797,
    190.86304081359));
#2081 = CARTESIAN_POINT('',(-17.82485021632,-31.86833693207,
    190.36805465181));
#2082 = CARTESIAN_POINT('',(-18.35021219481,-31.86041346412,
    189.47156789995));
#2083 = CARTESIAN_POINT('',(-18.57073535622,-31.85703041149,
    189.07210762727));
#2084 = CARTESIAN_POINT('',(-18.77982745358,-31.85377269488,
    188.669528087));
#2085 = CARTESIAN_POINT('',(-18.97762664713,-31.85064740731,
    188.26408867219));
#2086 = CARTESIAN_POINT('',(-19.16426158083,-31.84766093515,
    187.85603094079));
#2087 = CARTESIAN_POINT('',(-19.33985192077,-31.84481899622,
    187.44557878023));
#2088 = CARTESIAN_POINT('',(-19.93520624148,-31.83508431426,
    185.95358529525));
#2089 = CARTESIAN_POINT('',(-20.29103261472,-31.82906671641,
    184.85942258893));
#2090 = CARTESIAN_POINT('',(-20.57409383751,-31.82416308518,
    183.75394382302));
#2091 = CARTESIAN_POINT('',(-20.78577454972,-31.82043800723,
    182.64033428796));
#2092 = CARTESIAN_POINT('',(-20.92704657187,-31.81793240641,
    181.52151046787));
#2093 = CARTESIAN_POINT('',(-20.99845649999,-31.81666565305,
    180.40012038109));
#2094 = CARTESIAN_POINT('',(-21.00151985199,-31.81661131177,
    178.14581875275));
#2095 = CARTESIAN_POINT('',(-20.93177844128,-31.81784846733,
    177.01320472424));
#2096 = CARTESIAN_POINT('',(-20.79079679193,-31.82034976412,
    175.88313463808));
#2097 = CARTESIAN_POINT('',(-20.57801998669,-31.82409567701,
    174.75833323242));
#2098 = CARTESIAN_POINT('',(-20.29245157714,-31.82904427545,
    173.6418029157));
#2099 = CARTESIAN_POINT('',(-19.93266778692,-31.83512901446,
    172.53682411268));
#2100 = CARTESIAN_POINT('',(-19.33032345971,-31.84497353918,
    171.03181390252));
#2101 = CARTESIAN_POINT('',(-19.15307942257,-31.84784067322,
    170.61885505908));
#2102 = CARTESIAN_POINT('',(-18.964644463,-31.85085396151,
    170.20833040948));
#2103 = CARTESIAN_POINT('',(-18.76489626608,-31.85400755385,
    169.80046869005));
#2104 = CARTESIAN_POINT('',(-18.55370333536,-31.85729491255,
    169.39551685675));
#2105 = CARTESIAN_POINT('',(-18.33092443902,-31.86070877298,
    168.99374025553));
#2106 = CARTESIAN_POINT('',(-17.80584656399,-31.8686175974,
    168.10191477031));
#2107 = CARTESIAN_POINT('',(-17.49727509361,-31.87317583124,
    167.61373059549));
#2108 = CARTESIAN_POINT('',(-17.1704008415,-31.87790060654,
    167.13139988007));
#2109 = CARTESIAN_POINT('',(-16.82492042212,-31.88277468925,
    166.65552765867));
#2110 = CARTESIAN_POINT('',(-16.46052589851,-31.88777860672,
    166.18679222607));
#2111 = CARTESIAN_POINT('',(-16.07690577884,-31.89289053658,
    165.72594487649));
#2112 = CARTESIAN_POINT('',(-15.1672689394,-31.90461340296,
    164.70582324232));
#2113 = CARTESIAN_POINT('',(-14.63000799679,-31.91127199561,
    164.15164866952));
#2114 = CARTESIAN_POINT('',(-14.06129408866,-31.91801495615,
    163.6128728655));
#2115 = CARTESIAN_POINT('',(-13.46056836817,-31.92478684377,
    163.09142574979));
#2116 = CARTESIAN_POINT('',(-12.8274324073,-31.93152461428,
    162.58955037869));
#2117 = CARTESIAN_POINT('',(-12.16170340038,-31.93815834746,
    162.10977120168));
#2118 = CARTESIAN_POINT('',(-10.94007525036,-31.94944959362,
    161.31386399544));
#2119 = CARTESIAN_POINT('',(-10.3984643807,-31.95418562367,
    160.9868711501));
#2120 = CARTESIAN_POINT('',(-9.838717226639,-31.9587878551,
    160.67507293401));
#2121 = CARTESIAN_POINT('',(-9.261085771862,-31.96322176172,
    160.3797785563));
#2122 = CARTESIAN_POINT('',(-8.666024179523,-31.96745121256,
    160.10238747357));
#2123 = CARTESIAN_POINT('',(-8.054232349453,-31.97143972525,
    159.84434584236));
#2124 = CARTESIAN_POINT('',(-6.45888966859,-31.98087809586,
    159.24116888142));
#2125 = CARTESIAN_POINT('',(-5.452943577856,-31.98595167746,
    158.92442051628));
#2126 = CARTESIAN_POINT('',(-4.413576667683,-31.99023609205,
    158.66266249806));
#2127 = CARTESIAN_POINT('',(-3.346797504957,-31.99361047299,
    158.46107505309));
#2128 = CARTESIAN_POINT('',(-2.260048543662,-31.99598546233,
    158.32380071255));
#2129 = CARTESIAN_POINT('',(-1.162361074506,-31.99731997487,
    158.25348322644));
#2130 = CARTESIAN_POINT('',(-6.473252071396E-02,-31.99763359437,
    158.25009976926));
#2131 = ORIENTED_EDGE('',*,*,#2132,.F.);
#2132 = EDGE_CURVE('',#2133,#2054,#2135,.T.);
#2133 = VERTEX_POINT('',#2134);
#2134 = CARTESIAN_POINT('',(-6.473252071396E-02,-31.99763359437,
    141.24973810201));
#2135 = LINE('',#2136,#2137);
#2136 = CARTESIAN_POINT('',(-6.473252071396E-02,-31.99763359437,24.25));
#2137 = VECTOR('',#2138,1.);
#2138 = DIRECTION('',(0.,0.,1.));
#2139 = ORIENTED_EDGE('',*,*,#2140,.T.);
#2140 = EDGE_CURVE('',#2133,#1998,#2141,.T.);
#2141 = B_SPLINE_CURVE_WITH_KNOTS('',7,(#2142,#2143,#2144,#2145,#2146,
    #2147,#2148,#2149,#2150,#2151,#2152,#2153,#2154,#2155,#2156,#2157,
    #2158,#2159,#2160,#2161,#2162,#2163,#2164,#2165,#2166,#2167,#2168,
    #2169,#2170,#2171,#2172,#2173,#2174,#2175,#2176,#2177,#2178,#2179,
    #2180,#2181,#2182,#2183,#2184,#2185,#2186,#2187,#2188,#2189,#2190,
    #2191,#2192,#2193,#2194,#2195,#2196,#2197,#2198,#2199,#2200,#2201,
    #2202,#2203),.UNSPECIFIED.,.F.,.F.,(8,6,6,6,6,6,6,6,6,6,8),(0.,
    9.56735234014E-02,0.156797511109,0.239398828248,0.358735077105,
    0.500463579595,0.641049460881,0.759263294073,0.841118284241,
    0.903610172413,1.),.UNSPECIFIED.);
#2142 = CARTESIAN_POINT('',(-6.473252071396E-02,-31.99763359437,
    141.24973810201));
#2143 = CARTESIAN_POINT('',(-0.479689973663,-31.99751503081,
    141.24638033684));
#2144 = CARTESIAN_POINT('',(-0.894409303827,-31.9972506307,
    141.21791096681));
#2145 = CARTESIAN_POINT('',(-1.3048465159,-31.99684063272,
    141.16437084098));
#2146 = CARTESIAN_POINT('',(-1.707676587343,-31.9962936094,
    141.08676441159));
#2147 = CARTESIAN_POINT('',(-2.100160519759,-31.99562423169,
    140.98663989442));
#2148 = CARTESIAN_POINT('',(-2.480088893476,-31.99485075168,
    140.86591911909));
#2149 = CARTESIAN_POINT('',(-3.079339046744,-31.99344492159,
    140.63783780101));
#2150 = CARTESIAN_POINT('',(-3.30721728208,-31.99286223059,
    140.54135598553));
#2151 = CARTESIAN_POINT('',(-3.529013543038,-31.99224974167,
    140.43781381462));
#2152 = CARTESIAN_POINT('',(-3.744476175341,-31.99161240024,
    140.32772411077));
#2153 = CARTESIAN_POINT('',(-3.953438918679,-31.9909550222,
    140.21158401337));
#2154 = CARTESIAN_POINT('',(-4.155806167105,-31.99028215159,
    140.08986014315));
#2155 = CARTESIAN_POINT('',(-4.616055186615,-31.98867343029,
    139.79151371104));
#2156 = CARTESIAN_POINT('',(-4.868427901813,-31.98772834486,
    139.61064927711));
#2157 = CARTESIAN_POINT('',(-5.10861101015,-31.98677303522,
    139.42141803602));
#2158 = CARTESIAN_POINT('',(-5.336658575554,-31.9858168246,
    139.2247624113));
#2159 = CARTESIAN_POINT('',(-5.552707315503,-31.98486800518,
    139.02152215532));
#2160 = CARTESIAN_POINT('',(-5.756955615774,-31.98393378604,
    138.8124222373));
#2161 = CARTESIAN_POINT('',(-6.228022311455,-31.98170041949,
    138.2883671461));
#2162 = CARTESIAN_POINT('',(-6.482187872249,-31.98042416889,
    137.96778420662));
#2163 = CARTESIAN_POINT('',(-6.712900123214,-31.97920980622,
    137.63810684658));
#2164 = CARTESIAN_POINT('',(-6.920823765784,-31.97807236327,
    137.30087115001));
#2165 = CARTESIAN_POINT('',(-7.106587380059,-31.97702376274,
    136.95737775785));
#2166 = CARTESIAN_POINT('',(-7.270784420374,-31.976073225,
    136.60869452584));
#2167 = CARTESIAN_POINT('',(-7.583902893666,-31.9742239711,
    135.83633489603));
#2168 = CARTESIAN_POINT('',(-7.724117072223,-31.97336880483,
    135.41101356786));
#2169 = CARTESIAN_POINT('',(-7.83541112628,-31.972674338,134.98110820049
    ));
#2170 = CARTESIAN_POINT('',(-7.918348847837,-31.97214910704,
    134.54792301273));
#2171 = CARTESIAN_POINT('',(-7.973316202431,-31.97179844754,
    134.1126481934));
#2172 = CARTESIAN_POINT('',(-8.000537199689,-31.97162482305,
    133.67636447586));
#2173 = CARTESIAN_POINT('',(-7.999454773042,-31.9716317272,
    132.80722678471));
#2174 = CARTESIAN_POINT('',(-7.971597373678,-31.971809411,
    132.37449243643));
#2175 = CARTESIAN_POINT('',(-7.91643344259,-31.97216122285,
    131.94277746373));
#2176 = CARTESIAN_POINT('',(-7.833741492784,-31.97268470753,
    131.51313803648));
#2177 = CARTESIAN_POINT('',(-7.723142853875,-31.97337462628,
    131.08673677531));
#2178 = CARTESIAN_POINT('',(-7.584086197744,-31.97422264039,
    130.66484710118));
#2179 = CARTESIAN_POINT('',(-7.274184283908,-31.97605335185,
    129.89908534821));
#2180 = CARTESIAN_POINT('',(-7.111959395244,-31.97699289972,
    129.5535831124));
#2181 = CARTESIAN_POINT('',(-6.928580766728,-31.97802882215,
    129.21315723914));
#2182 = CARTESIAN_POINT('',(-6.72347390629,-31.97915218656,
    128.87884314141));
#2183 = CARTESIAN_POINT('',(-6.496029278899,-31.98035147145,
    128.55189878721));
#2184 = CARTESIAN_POINT('',(-6.24560095396,-31.98161217941,
    128.23380731317));
#2185 = CARTESIAN_POINT('',(-5.78161830996,-31.98381993278,
    127.71337069266));
#2186 = CARTESIAN_POINT('',(-5.580450407019,-31.98474399986,
    127.50555892196));
#2187 = CARTESIAN_POINT('',(-5.36771264061,-31.9856830075,127.3034410408
    ));
#2188 = CARTESIAN_POINT('',(-5.143209618975,-31.98663001524,
    127.10771507742));
#2189 = CARTESIAN_POINT('',(-4.906802999967,-31.98757704459,
    126.91918883128));
#2190 = CARTESIAN_POINT('',(-4.658430822162,-31.98851512247,
    126.73876887622));
#2191 = CARTESIAN_POINT('',(-4.199398724688,-31.99013608576,
    126.43665647083));
#2192 = CARTESIAN_POINT('',(-3.993733075816,-31.99082679182,
    126.31117877949));
#2193 = CARTESIAN_POINT('',(-3.781160069258,-31.99150200076,
    126.19146621079));
#2194 = CARTESIAN_POINT('',(-3.561773854103,-31.99215688983,
    126.07801372557));
#2195 = CARTESIAN_POINT('',(-3.335744079984,-31.99278633014,
    125.9713504529));
#2196 = CARTESIAN_POINT('',(-3.103332116043,-31.99338504111,
    125.87202355545));
#2197 = CARTESIAN_POINT('',(-2.497163780126,-31.99481588335,
    125.63952649092));
#2198 = CARTESIAN_POINT('',(-2.11486182351,-31.99559908014,
    125.51712463756));
#2199 = CARTESIAN_POINT('',(-1.719752546658,-31.99627715851,
    125.41557115295));
#2200 = CARTESIAN_POINT('',(-1.314078968867,-31.99683138296,
    125.33683813006));
#2201 = CARTESIAN_POINT('',(-0.900630233326,-31.9972466573,
    125.28251734941));
#2202 = CARTESIAN_POINT('',(-0.482800975315,-31.99751414192,
    125.25364483685));
#2203 = CARTESIAN_POINT('',(-6.473252071396E-02,-31.99763359437,
    125.25026189798));
#2204 = SURFACE_OF_LINEAR_EXTRUSION('',#2205,#2210);
#2205 = B_SPLINE_CURVE_WITH_KNOTS('',3,(#2206,#2207,#2208,#2209),
  .UNSPECIFIED.,.F.,.F.,(4,4),(0.,1.),.PIECEWISE_BEZIER_KNOTS.);
#2206 = CARTESIAN_POINT('',(-48.19886421556,-30.9675064123,24.25));
#2207 = CARTESIAN_POINT('',(-33.20909409307,-31.64378211994,24.25));
#2208 = CARTESIAN_POINT('',(-17.84410816338,-31.99255358905,24.25));
#2209 = CARTESIAN_POINT('',(-6.473252071396E-02,-31.99763359437,24.25));
#2210 = VECTOR('',#2211,1.);
#2211 = DIRECTION('',(-0.,-0.,-1.));
#2212 = ADVANCED_FACE('',(#2213),#2419,.F.);
#2213 = FACE_BOUND('',#2214,.F.);
#2214 = EDGE_LOOP('',(#2215,#2225,#2246,#2247,#2314,#2323,#2324,#2403,
    #2411,#2412));
#2215 = ORIENTED_EDGE('',*,*,#2216,.F.);
#2216 = EDGE_CURVE('',#2217,#2219,#2221,.T.);
#2217 = VERTEX_POINT('',#2218);
#2218 = CARTESIAN_POINT('',(48.242864469939,-30.99013360264,108.25));
#2219 = VERTEX_POINT('',#2220);
#2220 = CARTESIAN_POINT('',(48.242864469939,-30.99013360264,215.95));
#2221 = LINE('',#2222,#2223);
#2222 = CARTESIAN_POINT('',(48.242864469939,-30.99013360264,24.25));
#2223 = VECTOR('',#2224,1.);
#2224 = DIRECTION('',(0.,0.,1.));
#2225 = ORIENTED_EDGE('',*,*,#2226,.T.);
#2226 = EDGE_CURVE('',#2217,#1996,#2227,.T.);
#2227 = B_SPLINE_CURVE_WITH_KNOTS('',5,(#2228,#2229,#2230,#2231,#2232,
    #2233,#2234,#2235,#2236,#2237,#2238,#2239,#2240,#2241,#2242,#2243,
    #2244,#2245),.UNSPECIFIED.,.F.,.F.,(6,4,4,4,6),(0.,0.236796689522,
    0.479617135148,0.732628920991,1.),.UNSPECIFIED.);
#2228 = CARTESIAN_POINT('',(48.242864469939,-30.99013360264,108.25));
#2229 = CARTESIAN_POINT('',(45.956665238592,-31.09151473896,108.25));
#2230 = CARTESIAN_POINT('',(43.670176435277,-31.18642137812,108.25));
#2231 = CARTESIAN_POINT('',(41.383416098143,-31.27472802302,108.25));
#2232 = CARTESIAN_POINT('',(39.096406315595,-31.3563894252,108.25));
#2233 = CARTESIAN_POINT('',(34.463756324057,-31.50840093469,108.25));
#2234 = CARTESIAN_POINT('',(32.118104074686,-31.57841011248,108.25));
#2235 = CARTESIAN_POINT('',(29.772244444428,-31.64150361113,108.25));
#2236 = CARTESIAN_POINT('',(27.426206005848,-31.69780134152,108.25));
#2237 = CARTESIAN_POINT('',(22.635357372853,-31.79924379469,108.25));
#2238 = CARTESIAN_POINT('',(20.190533915678,-31.84382119401,108.25));
#2239 = CARTESIAN_POINT('',(17.745578732327,-31.88141197264,108.25));
#2240 = CARTESIAN_POINT('',(15.300520811966,-31.91228133676,108.25));
#2241 = CARTESIAN_POINT('',(10.271480628314,-31.96254827377,108.25));
#2242 = CARTESIAN_POINT('',(7.68748923563,-31.98119530954,108.25));
#2243 = CARTESIAN_POINT('',(5.103441128064,-31.9930075984,108.25));
#2244 = CARTESIAN_POINT('',(2.519360835749,-31.99836270422,108.25));
#2245 = CARTESIAN_POINT('',(-6.473252071396E-02,-31.99763359437,108.25)
  );
#2246 = ORIENTED_EDGE('',*,*,#1995,.T.);
#2247 = ORIENTED_EDGE('',*,*,#2248,.T.);
#2248 = EDGE_CURVE('',#1998,#2249,#2251,.T.);
#2249 = VERTEX_POINT('',#2250);
#2250 = CARTESIAN_POINT('',(-1.959434878636E-15,-31.99765033121,141.25)
  );
#2251 = B_SPLINE_CURVE_WITH_KNOTS('',7,(#2252,#2253,#2254,#2255,#2256,
    #2257,#2258,#2259,#2260,#2261,#2262,#2263,#2264,#2265,#2266,#2267,
    #2268,#2269,#2270,#2271,#2272,#2273,#2274,#2275,#2276,#2277,#2278,
    #2279,#2280,#2281,#2282,#2283,#2284,#2285,#2286,#2287,#2288,#2289,
    #2290,#2291,#2292,#2293,#2294,#2295,#2296,#2297,#2298,#2299,#2300,
    #2301,#2302,#2303,#2304,#2305,#2306,#2307,#2308,#2309,#2310,#2311,
    #2312,#2313),.UNSPECIFIED.,.F.,.F.,(8,6,6,6,6,6,6,6,6,6,8),(0.,
    9.79353339248E-02,0.16068155176,0.242965899325,0.362070553671,
    0.502846431808,0.637793807696,0.756535067678,0.840776038953,
    0.902726943793,1.),.UNSPECIFIED.);
#2252 = CARTESIAN_POINT('',(-6.473252071396E-02,-31.99763359437,
    125.25026189798));
#2253 = CARTESIAN_POINT('',(0.362761638779,-31.99775421315,
    125.24680268792));
#2254 = CARTESIAN_POINT('',(0.790889825626,-31.99771960062,
    125.26999226666));
#2255 = CARTESIAN_POINT('',(1.215178954442,-31.99752633793,
    125.3199601599));
#2256 = CARTESIAN_POINT('',(1.631923808189,-31.99718096411,
    125.39571830716));
#2257 = CARTESIAN_POINT('',(2.038050163461,-31.99669754328,
    125.49563911425));
#2258 = CARTESIAN_POINT('',(2.431058353274,-31.99609477097,
    125.61764373235));
#2259 = CARTESIAN_POINT('',(3.051106120665,-31.99494430541,
    125.85016066861));
#2260 = CARTESIAN_POINT('',(3.287167270815,-31.99445440738,
    125.94909839383));
#2261 = CARTESIAN_POINT('',(3.516757759206,-31.99392905869,
    126.05561510433));
#2262 = CARTESIAN_POINT('',(3.739594884734,-31.99337361882,
    126.16914414585));
#2263 = CARTESIAN_POINT('',(3.955493661099,-31.99279334976,
    126.28913614322));
#2264 = CARTESIAN_POINT('',(4.164349466076,-31.9921932383,
    126.41507654101));
#2265 = CARTESIAN_POINT('',(4.630731944681,-31.99077097299,
    126.71884081681));
#2266 = CARTESIAN_POINT('',(4.883132777123,-31.98993794667,
    126.90058941984));
#2267 = CARTESIAN_POINT('',(5.123283613205,-31.98908920819,
    127.09070626922));
#2268 = CARTESIAN_POINT('',(5.351242696214,-31.98823418771,
    127.28824585393));
#2269 = CARTESIAN_POINT('',(5.567150290914,-31.98738130651,
    127.49236620793));
#2270 = CARTESIAN_POINT('',(5.771207772061,-31.98653791745,
    127.70234090281));
#2271 = CARTESIAN_POINT('',(6.242222020433,-31.98451220974,
    128.22911159313));
#2272 = CARTESIAN_POINT('',(6.496381523676,-31.98334749039,
    128.55156913255));
#2273 = CARTESIAN_POINT('',(6.726908111168,-31.98223498471,
    128.88313602387));
#2274 = CARTESIAN_POINT('',(6.934474535549,-31.981190196,129.22226593912
    ));
#2275 = CARTESIAN_POINT('',(7.119715331591,-31.9802254478,
    129.56764991201));
#2276 = CARTESIAN_POINT('',(7.28322824124,-31.97935030272,
    129.91821350212));
#2277 = CARTESIAN_POINT('',(7.59369131006,-31.97765248999,
    130.69263500686));
#2278 = CARTESIAN_POINT('',(7.732155551873,-31.97686867203,
    131.11807318537));
#2279 = CARTESIAN_POINT('',(7.841751961384,-31.97623294354,
    131.54802711654));
#2280 = CARTESIAN_POINT('',(7.923036173169,-31.97575399663,
    131.98120086351));
#2281 = CARTESIAN_POINT('',(7.976386234048,-31.97543724708,
    132.41640991284));
#2282 = CARTESIAN_POINT('',(8.002018164887,-31.97528516552,
    132.85257668478));
#2283 = CARTESIAN_POINT('',(7.997881708092,-31.97530970925,
    133.70683847332));
#2284 = CARTESIAN_POINT('',(7.970363641347,-31.97547298294,
    134.12483021674));
#2285 = CARTESIAN_POINT('',(7.917354200055,-31.97578733516,
    134.5418538364));
#2286 = CARTESIAN_POINT('',(7.838655550354,-31.97625042721,
    134.95695575586));
#2287 = CARTESIAN_POINT('',(7.733931001013,-31.97685742655,
    135.36909142687));
#2288 = CARTESIAN_POINT('',(7.60269183145,-31.97760073894,
    135.77712185924));
#2289 = CARTESIAN_POINT('',(7.304760187184,-31.97923451369,136.534123714
    ));
#2290 = CARTESIAN_POINT('',(7.14425684915,-31.9800963682,136.88420283793
    ));
#2291 = CARTESIAN_POINT('',(6.962211164928,-31.98104816366,
    137.22923232683));
#2292 = CARTESIAN_POINT('',(6.758038753236,-31.98208060562,
    137.56816122017));
#2293 = CARTESIAN_POINT('',(6.531116158641,-31.98318171381,
    137.89971203391));
#2294 = CARTESIAN_POINT('',(6.280778469931,-31.98433641219,
    138.22237772926));
#2295 = CARTESIAN_POINT('',(5.811499246008,-31.98637048439,
    138.75576143886));
#2296 = CARTESIAN_POINT('',(5.604610576434,-31.9872321806,
    138.97171907177));
#2297 = CARTESIAN_POINT('',(5.385329816226,-31.98810484914,
    139.18164189826));
#2298 = CARTESIAN_POINT('',(5.153436407079,-31.98898071245,
    139.38476170727));
#2299 = CARTESIAN_POINT('',(4.908773963279,-31.98985082557,
    139.58018432139));
#2300 = CARTESIAN_POINT('',(4.651272969537,-31.99070513593,
    139.76690243226));
#2301 = CARTESIAN_POINT('',(4.182194929902,-31.99214101928,
    140.07390530974));
#2302 = CARTESIAN_POINT('',(3.97651319073,-31.99273489652,
    140.19868362703));
#2303 = CARTESIAN_POINT('',(3.763961013953,-31.99330973903,
    140.3176948176));
#2304 = CARTESIAN_POINT('',(3.544635200895,-31.99386076358,
    140.43044572412));
#2305 = CARTESIAN_POINT('',(3.318708067507,-31.99438292093,
    140.53640967861));
#2306 = CARTESIAN_POINT('',(3.086443584908,-31.99487105915,
    140.63504265717));
#2307 = CARTESIAN_POINT('',(2.474165356127,-31.9960253445,
    140.86831547594));
#2308 = CARTESIAN_POINT('',(2.085128319057,-31.99663484239,
    140.99153066646));
#2309 = CARTESIAN_POINT('',(1.682975576977,-31.9971281557,141.0931348409
    ));
#2310 = CARTESIAN_POINT('',(1.270096482345,-31.99748675899,
    141.17107186555));
#2311 = CARTESIAN_POINT('',(0.849450942292,-31.99769643137,141.223704661
    ));
#2312 = CARTESIAN_POINT('',(0.424629642761,-31.99775009677,141.25));
#2313 = CARTESIAN_POINT('',(-1.956768080902E-15,-31.99765033121,141.25)
  );
#2314 = ORIENTED_EDGE('',*,*,#2315,.T.);
#2315 = EDGE_CURVE('',#2249,#2133,#2316,.T.);
#2316 = B_SPLINE_CURVE_WITH_KNOTS('',3,(#2317,#2318,#2319,#2320,#2321,
    #2322),.UNSPECIFIED.,.F.,.F.,(4,1,1,4),(0.,0.496010034272,
    0.73199736138,1.),.UNSPECIFIED.);
#2317 = CARTESIAN_POINT('',(-1.956768080902E-15,-31.99765033121,141.25)
  );
#2318 = CARTESIAN_POINT('',(-1.07028612464E-02,-31.9976478166,141.25));
#2319 = CARTESIAN_POINT('',(-2.649793158964E-02,-31.99764392058,
    141.24996830244));
#2320 = CARTESIAN_POINT('',(-4.807539806462E-02,-31.99763822547,
    141.24986109705));
#2321 = CARTESIAN_POINT('',(-5.894990037463E-02,-31.99763522595,
    141.24978489399));
#2322 = CARTESIAN_POINT('',(-6.473252071396E-02,-31.99763359437,
    141.24973810201));
#2323 = ORIENTED_EDGE('',*,*,#2132,.T.);
#2324 = ORIENTED_EDGE('',*,*,#2325,.T.);
#2325 = EDGE_CURVE('',#2054,#2326,#2328,.T.);
#2326 = VERTEX_POINT('',#2327);
#2327 = CARTESIAN_POINT('',(-5.143516556419E-15,-31.99765033121,200.25)
  );
#2328 = B_SPLINE_CURVE_WITH_KNOTS('',7,(#2329,#2330,#2331,#2332,#2333,
    #2334,#2335,#2336,#2337,#2338,#2339,#2340,#2341,#2342,#2343,#2344,
    #2345,#2346,#2347,#2348,#2349,#2350,#2351,#2352,#2353,#2354,#2355,
    #2356,#2357,#2358,#2359,#2360,#2361,#2362,#2363,#2364,#2365,#2366,
    #2367,#2368,#2369,#2370,#2371,#2372,#2373,#2374,#2375,#2376,#2377,
    #2378,#2379,#2380,#2381,#2382,#2383,#2384,#2385,#2386,#2387,#2388,
    #2389,#2390,#2391,#2392,#2393,#2394,#2395,#2396,#2397,#2398,#2399,
    #2400,#2401,#2402),.UNSPECIFIED.,.F.,.F.,(8,6,6,6,6,6,6,6,6,6,6,6,8)
  ,(0.,9.689641463229E-02,0.15929658283,0.241519831016,0.308212066513,
    0.360989781033,0.501166853556,0.64098013225,0.692345458433,
    0.758421236224,0.841316819461,0.903402110387,1.),.UNSPECIFIED.);
#2329 = CARTESIAN_POINT('',(-6.473252071396E-02,-31.99763359437,
    158.25009976926));
#2330 = CARTESIAN_POINT('',(1.04644161474,-31.99794711555,
    158.24667455762));
#2331 = CARTESIAN_POINT('',(2.158553293315,-31.99721091406,
    158.31184253144));
#2332 = CARTESIAN_POINT('',(3.260140822706,-31.99539528476,
    158.4457988162));
#2333 = CARTESIAN_POINT('',(4.34176756904,-31.99253582671,
    158.64590583829));
#2334 = CARTESIAN_POINT('',(5.395637284087,-31.98872062164,
    158.90792679879));
#2335 = CARTESIAN_POINT('',(6.415438021611,-31.98407242484,
    159.22650638248));
#2336 = CARTESIAN_POINT('',(8.027823037823,-31.97529295192,
    159.83326804627));
#2337 = CARTESIAN_POINT('',(8.643567151744,-31.97156503673,
    160.09201422152));
#2338 = CARTESIAN_POINT('',(9.242419122539,-31.9675836573,
    160.37036501876));
#2339 = CARTESIAN_POINT('',(9.823661524553,-31.96338579741,
    160.66684931163));
#2340 = CARTESIAN_POINT('',(10.386828921117,-31.95900820287,
    160.98004301681));
#2341 = CARTESIAN_POINT('',(10.931663013462,-31.9544860597,
    161.30861405009));
#2342 = CARTESIAN_POINT('',(12.151730072628,-31.94374637367,
    162.10297212623));
#2343 = CARTESIAN_POINT('',(12.81332173045,-31.93744724187,
    162.57913731405));
#2344 = CARTESIAN_POINT('',(13.442766253228,-31.93102972468,
    163.07712896152));
#2345 = CARTESIAN_POINT('',(14.040239075552,-31.92456277088,
    163.5944705794));
#2346 = CARTESIAN_POINT('',(14.606127155157,-31.9181086698,
    164.12895981355));
#2347 = CARTESIAN_POINT('',(15.140975188796,-31.91172231907,
    164.67869946958));
#2348 = CARTESIAN_POINT('',(16.054602491271,-31.90036334019,
    165.6991324251));
#2349 = CARTESIAN_POINT('',(16.443742698895,-31.89535203843,
    166.16510268289));
#2350 = CARTESIAN_POINT('',(16.813182987415,-31.89044197135,
    166.63917991897));
#2351 = CARTESIAN_POINT('',(17.163246065037,-31.88565601285,
    167.12058320889));
#2352 = CARTESIAN_POINT('',(17.49425112759,-31.88101454992,
    167.60860833498));
#2353 = CARTESIAN_POINT('',(17.806512770632,-31.87653560334,
    168.10262807245));
#2354 = CARTESIAN_POINT('',(18.332853907661,-31.86883174674,
    168.99735339284));
#2355 = CARTESIAN_POINT('',(18.553820026763,-31.86554024171,
    169.39601422822));
#2356 = CARTESIAN_POINT('',(18.763380760574,-31.86236843676,
    169.79779987453));
#2357 = CARTESIAN_POINT('',(18.961674052827,-31.85932348739,
    170.20245117796));
#2358 = CARTESIAN_POINT('',(19.148828417967,-31.85641183752,
    170.6097268212));
#2359 = CARTESIAN_POINT('',(19.324963473567,-31.85363925852,
    171.01940315989));
#2360 = CARTESIAN_POINT('',(19.929031700619,-31.84402996373,
    172.52519897535));
#2361 = CARTESIAN_POINT('',(20.290855097449,-31.8380674322,
    173.63443298384));
#2362 = CARTESIAN_POINT('',(20.577870241175,-31.83321760574,
    174.75532996991));
#2363 = CARTESIAN_POINT('',(20.791519077548,-31.82954838908,
    175.88456908107));
#2364 = CARTESIAN_POINT('',(20.93281019663,-31.82710251267,
    177.01911205328));
#2365 = CARTESIAN_POINT('',(21.002304062632,-31.82589981972,
    178.15620305403));
#2366 = CARTESIAN_POINT('',(20.99761243921,-31.82598101522,
    180.42759759134));
#2367 = CARTESIAN_POINT('',(20.923800003762,-31.82725844738,
    181.56159071213));
#2368 = CARTESIAN_POINT('',(20.778539516489,-31.82977170311,
    182.69290784311));
#2369 = CARTESIAN_POINT('',(20.561254362283,-31.83350021554,
    183.81880879712));
#2370 = CARTESIAN_POINT('',(20.27092423112,-31.83840070155,
    184.93626799126));
#2371 = CARTESIAN_POINT('',(19.906100025924,-31.84440485981,
    186.04197421535));
#2372 = CARTESIAN_POINT('',(19.302360142646,-31.85399469769,
    187.53285324118));
#2373 = CARTESIAN_POINT('',(19.129805394105,-31.85670732113,
    187.93131791238));
#2374 = CARTESIAN_POINT('',(18.94680370607,-31.85955121056,
    188.32749079775));
#2375 = CARTESIAN_POINT('',(18.753244260368,-31.86252100796,
    188.7211648148));
#2376 = CARTESIAN_POINT('',(18.549008268902,-31.86561075014,
    189.1121169588));
#2377 = CARTESIAN_POINT('',(18.333968508764,-31.86881383452,
    189.50010816099));
#2378 = CARTESIAN_POINT('',(17.817291175832,-31.87637983897,
    190.37985335975));
#2379 = CARTESIAN_POINT('',(17.508498042533,-31.88081209489,
    190.86948777209));
#2380 = CARTESIAN_POINT('',(17.181314766294,-31.88540434235,
    191.35325395725));
#2381 = CARTESIAN_POINT('',(16.835435838136,-31.8901391049,
    191.83054346315));
#2382 = CARTESIAN_POINT('',(16.47055102782,-31.89499663315,
    192.30067399441));
#2383 = CARTESIAN_POINT('',(16.086346368,-31.89995478885,192.76288966626
    ));
#2384 = CARTESIAN_POINT('',(15.175853276194,-31.91130473131,
    193.78526118045));
#2385 = CARTESIAN_POINT('',(14.638348057717,-31.9177393921,
    194.34033547063));
#2386 = CARTESIAN_POINT('',(14.069317329021,-31.92424536432,
    194.87999370301));
#2387 = CARTESIAN_POINT('',(13.468199253682,-31.93076663575,
    195.40230110141));
#2388 = CARTESIAN_POINT('',(12.834592566713,-31.93723956587,
    195.9050084088));
#2389 = CARTESIAN_POINT('',(12.168311940881,-31.94359363166,
    196.38558368515));
#2390 = CARTESIAN_POINT('',(10.946020295937,-31.95436466112,
    197.18251451612));
#2391 = CARTESIAN_POINT('',(10.404365274855,-31.95886710328,
    197.50977813376));
#2392 = CARTESIAN_POINT('',(9.84455788253,-31.96322714408,197.8218450753
    ));
#2393 = CARTESIAN_POINT('',(9.266849268959,-31.96741016018,
    198.11740512705));
#2394 = CARTESIAN_POINT('',(8.67169284211,-31.97137998779,
    198.39505756684));
#2395 = CARTESIAN_POINT('',(8.05978787417,-31.97510020382,
    198.65335472814));
#2396 = CARTESIAN_POINT('',(6.455578695736,-31.98388162184,
    199.26039032787));
#2397 = CARTESIAN_POINT('',(5.440151214444,-31.98854277472,
    199.57987077265));
#2398 = CARTESIAN_POINT('',(4.390703666222,-31.99237981655,
    199.84330488048));
#2399 = CARTESIAN_POINT('',(3.313433143072,-31.99527053948,
    200.04536923144));
#2400 = CARTESIAN_POINT('',(2.216014250176,-31.99712647431,
    200.18182607123));
#2401 = CARTESIAN_POINT('',(1.107757584089,-31.99791059578,200.25));
#2402 = CARTESIAN_POINT('',(-5.148659276699E-15,-31.99765033121,200.25)
  );
#2403 = ORIENTED_EDGE('',*,*,#2404,.T.);
#2404 = EDGE_CURVE('',#2326,#2046,#2405,.T.);
#2405 = B_SPLINE_CURVE_WITH_KNOTS('',4,(#2406,#2407,#2408,#2409,#2410),
  .UNSPECIFIED.,.F.,.F.,(5,5),(0.,1.),.PIECEWISE_BEZIER_KNOTS.);
#2406 = CARTESIAN_POINT('',(-5.148659276699E-15,-31.99765033121,200.25)
  );
#2407 = CARTESIAN_POINT('',(-1.618318518214E-02,-31.99764652901,200.25)
  );
#2408 = CARTESIAN_POINT('',(-3.236636160058E-02,-31.99764247206,
    200.24998337172));
#2409 = CARTESIAN_POINT('',(-4.854949320676E-02,-31.99763816046,
    200.24995011516));
#2410 = CARTESIAN_POINT('',(-6.473252071396E-02,-31.99763359437,
    200.24990023073));
#2411 = ORIENTED_EDGE('',*,*,#2045,.T.);
#2412 = ORIENTED_EDGE('',*,*,#2413,.T.);
#2413 = EDGE_CURVE('',#2037,#2219,#2414,.T.);
#2414 = B_SPLINE_CURVE_WITH_KNOTS('',3,(#2415,#2416,#2417,#2418),
  .UNSPECIFIED.,.F.,.F.,(4,4),(0.,1.),.PIECEWISE_BEZIER_KNOTS.);
#2415 = CARTESIAN_POINT('',(-6.473252071396E-02,-31.99763359437,215.95)
  );
#2416 = CARTESIAN_POINT('',(17.714643169577,-32.00265009962,215.95));
#2417 = CARTESIAN_POINT('',(33.106025547724,-31.66137428418,215.95));
#2418 = CARTESIAN_POINT('',(48.242864469939,-30.99013360264,215.95));
#2419 = SURFACE_OF_LINEAR_EXTRUSION('',#2420,#2425);
#2420 = B_SPLINE_CURVE_WITH_KNOTS('',3,(#2421,#2422,#2423,#2424),
  .UNSPECIFIED.,.F.,.F.,(4,4),(0.,1.),.PIECEWISE_BEZIER_KNOTS.);
#2421 = CARTESIAN_POINT('',(-6.473252071396E-02,-31.99763359437,24.25));
#2422 = CARTESIAN_POINT('',(17.714643169577,-32.00265009962,24.25));
#2423 = CARTESIAN_POINT('',(33.106025547724,-31.66137428418,24.25));
#2424 = CARTESIAN_POINT('',(48.242864469939,-30.99013360264,24.25));
#2425 = VECTOR('',#2426,1.);
#2426 = DIRECTION('',(-0.,-0.,-1.));
#2427 = ADVANCED_FACE('',(#2428),#2449,.F.);
#2428 = FACE_BOUND('',#2429,.F.);
#2429 = EDGE_LOOP('',(#2430,#2438,#2445,#2446,#2447,#2448));
#2430 = ORIENTED_EDGE('',*,*,#2431,.T.);
#2431 = EDGE_CURVE('',#2249,#2432,#2434,.T.);
#2432 = VERTEX_POINT('',#2433);
#2433 = CARTESIAN_POINT('',(-1.959434878636E-15,-31.70265009962,141.25)
  );
#2434 = LINE('',#2435,#2436);
#2435 = CARTESIAN_POINT('',(-1.959434878636E-15,-35.00265009962,141.25)
  );
#2436 = VECTOR('',#2437,1.);
#2437 = DIRECTION('',(0.,1.,0.));
#2438 = ORIENTED_EDGE('',*,*,#2439,.F.);
#2439 = EDGE_CURVE('',#2432,#2432,#2440,.T.);
#2440 = CIRCLE('',#2441,8.);
#2441 = AXIS2_PLACEMENT_3D('',#2442,#2443,#2444);
#2442 = CARTESIAN_POINT('',(0.,-31.70265009962,133.25));
#2443 = DIRECTION('',(0.,1.,0.));
#2444 = DIRECTION('',(0.,0.,1.));
#2445 = ORIENTED_EDGE('',*,*,#2431,.F.);
#2446 = ORIENTED_EDGE('',*,*,#2248,.F.);
#2447 = ORIENTED_EDGE('',*,*,#2140,.F.);
#2448 = ORIENTED_EDGE('',*,*,#2315,.F.);
#2449 = CYLINDRICAL_SURFACE('',#2450,8.);
#2450 = AXIS2_PLACEMENT_3D('',#2451,#2452,#2453);
#2451 = CARTESIAN_POINT('',(0.,-35.00265009962,133.25));
#2452 = DIRECTION('',(0.,1.,0.));
#2453 = DIRECTION('',(0.,0.,1.));
#2454 = ADVANCED_FACE('',(#2455),#2476,.F.);
#2455 = FACE_BOUND('',#2456,.F.);
#2456 = EDGE_LOOP('',(#2457,#2465,#2472,#2473,#2474,#2475));
#2457 = ORIENTED_EDGE('',*,*,#2458,.T.);
#2458 = EDGE_CURVE('',#2326,#2459,#2461,.T.);
#2459 = VERTEX_POINT('',#2460);
#2460 = CARTESIAN_POINT('',(-5.143516556419E-15,-31.50265009962,200.25)
  );
#2461 = LINE('',#2462,#2463);
#2462 = CARTESIAN_POINT('',(-5.143516556419E-15,-35.00265009962,200.25)
  );
#2463 = VECTOR('',#2464,1.);
#2464 = DIRECTION('',(0.,1.,0.));
#2465 = ORIENTED_EDGE('',*,*,#2466,.F.);
#2466 = EDGE_CURVE('',#2459,#2459,#2467,.T.);
#2467 = CIRCLE('',#2468,21.);
#2468 = AXIS2_PLACEMENT_3D('',#2469,#2470,#2471);
#2469 = CARTESIAN_POINT('',(0.,-31.50265009962,179.25));
#2470 = DIRECTION('',(0.,1.,0.));
#2471 = DIRECTION('',(0.,0.,1.));
#2472 = ORIENTED_EDGE('',*,*,#2458,.F.);
#2473 = ORIENTED_EDGE('',*,*,#2325,.F.);
#2474 = ORIENTED_EDGE('',*,*,#2053,.F.);
#2475 = ORIENTED_EDGE('',*,*,#2404,.F.);
#2476 = CYLINDRICAL_SURFACE('',#2477,21.);
#2477 = AXIS2_PLACEMENT_3D('',#2478,#2479,#2480);
#2478 = CARTESIAN_POINT('',(0.,-35.00265009962,179.25));
#2479 = DIRECTION('',(0.,1.,0.));
#2480 = DIRECTION('',(0.,0.,1.));
#2481 = ADVANCED_FACE('',(#2482),#2700,.T.);
#2482 = FACE_BOUND('',#2483,.T.);
#2483 = EDGE_LOOP('',(#2484,#2493,#2494,#2495,#2504,#2513,#2522,#2531,
    #2540,#2549,#2558,#2567,#2576,#2585,#2594,#2603,#2612,#2621,#2630,
    #2639,#2648,#2657,#2666,#2675,#2684,#2693));
#2484 = ORIENTED_EDGE('',*,*,#2485,.T.);
#2485 = EDGE_CURVE('',#2486,#2029,#2488,.T.);
#2486 = VERTEX_POINT('',#2487);
#2487 = CARTESIAN_POINT('',(-60.64320242456,-30.17182412138,215.95));
#2488 = B_SPLINE_CURVE_WITH_KNOTS('',3,(#2489,#2490,#2491,#2492),
  .UNSPECIFIED.,.F.,.F.,(4,4),(0.,1.),.PIECEWISE_BEZIER_KNOTS.);
#2489 = CARTESIAN_POINT('',(-60.64320242456,-30.17182412138,215.95));
#2490 = CARTESIAN_POINT('',(-56.9362960874,-30.49486748024,215.95));
#2491 = CARTESIAN_POINT('',(-52.78818335106,-30.76010196611,215.95));
#2492 = CARTESIAN_POINT('',(-48.19886421556,-30.9675064123,215.95));
#2493 = ORIENTED_EDGE('',*,*,#2036,.T.);
#2494 = ORIENTED_EDGE('',*,*,#2413,.T.);
#2495 = ORIENTED_EDGE('',*,*,#2496,.T.);
#2496 = EDGE_CURVE('',#2219,#2497,#2499,.T.);
#2497 = VERTEX_POINT('',#2498);
#2498 = CARTESIAN_POINT('',(72.897736289131,-28.59931112177,215.95));
#2499 = B_SPLINE_CURVE_WITH_KNOTS('',3,(#2500,#2501,#2502,#2503),
  .UNSPECIFIED.,.F.,.F.,(4,4),(0.,1.),.PIECEWISE_BEZIER_KNOTS.);
#2500 = CARTESIAN_POINT('',(48.242864469939,-30.99013360264,215.95));
#2501 = CARTESIAN_POINT('',(56.363737154956,-30.63000091331,215.95));
#2502 = CARTESIAN_POINT('',(64.829658617691,-30.06623674006,215.95));
#2503 = CARTESIAN_POINT('',(72.897736289131,-28.59931112177,215.95));
#2504 = ORIENTED_EDGE('',*,*,#2505,.T.);
#2505 = EDGE_CURVE('',#2497,#2506,#2508,.T.);
#2506 = VERTEX_POINT('',#2507);
#2507 = CARTESIAN_POINT('',(95.026033068732,-18.04613718331,215.95));
#2508 = B_SPLINE_CURVE_WITH_KNOTS('',3,(#2509,#2510,#2511,#2512),
  .UNSPECIFIED.,.F.,.F.,(4,4),(0.,1.),.PIECEWISE_BEZIER_KNOTS.);
#2509 = CARTESIAN_POINT('',(72.897736289131,-28.59931112177,215.95));
#2510 = CARTESIAN_POINT('',(81.175107533738,-27.09279321204,215.95));
#2511 = CARTESIAN_POINT('',(88.834030464546,-23.85915022426,215.95));
#2512 = CARTESIAN_POINT('',(95.026033068732,-18.04613718331,215.95));
#2513 = ORIENTED_EDGE('',*,*,#2514,.T.);
#2514 = EDGE_CURVE('',#2506,#2515,#2517,.T.);
#2515 = VERTEX_POINT('',#2516);
#2516 = CARTESIAN_POINT('',(104.25935283445,-4.068883557796,215.95));
#2517 = B_SPLINE_CURVE_WITH_KNOTS('',3,(#2518,#2519,#2520,#2521),
  .UNSPECIFIED.,.F.,.F.,(4,4),(0.,1.),.PIECEWISE_BEZIER_KNOTS.);
#2518 = CARTESIAN_POINT('',(95.026033068732,-18.04613718331,215.95));
#2519 = CARTESIAN_POINT('',(99.086147942154,-14.232381401,215.95));
#2520 = CARTESIAN_POINT('',(102.16393530852,-9.573296859169,215.95));
#2521 = CARTESIAN_POINT('',(104.25935283445,-4.068883557796,215.95));
#2522 = ORIENTED_EDGE('',*,*,#2523,.T.);
#2523 = EDGE_CURVE('',#2515,#2524,#2526,.T.);
#2524 = VERTEX_POINT('',#2525);
#2525 = CARTESIAN_POINT('',(108.68652190445,16.583060489479,215.95));
#2526 = B_SPLINE_CURVE_WITH_KNOTS('',3,(#2527,#2528,#2529,#2530),
  .UNSPECIFIED.,.F.,.F.,(4,4),(0.,1.),.PIECEWISE_BEZIER_KNOTS.);
#2527 = CARTESIAN_POINT('',(104.25935283445,-4.068883557796,215.95));
#2528 = CARTESIAN_POINT('',(106.78781700102,2.577525521872,215.95));
#2529 = CARTESIAN_POINT('',(107.99077019727,9.461506870963,215.95));
#2530 = CARTESIAN_POINT('',(108.68652190445,16.583060489479,215.95));
#2531 = ORIENTED_EDGE('',*,*,#2532,.T.);
#2532 = EDGE_CURVE('',#2524,#2533,#2535,.T.);
#2533 = VERTEX_POINT('',#2534);
#2534 = CARTESIAN_POINT('',(109.93095387327,40.246159166733,215.95));
#2535 = B_SPLINE_CURVE_WITH_KNOTS('',3,(#2536,#2537,#2538,#2539),
  .UNSPECIFIED.,.F.,.F.,(4,4),(0.,1.),.PIECEWISE_BEZIER_KNOTS.);
#2536 = CARTESIAN_POINT('',(108.68652190445,16.583060489479,215.95));
#2537 = CARTESIAN_POINT('',(109.42752534649,24.175993622071,215.95));
#2538 = CARTESIAN_POINT('',(109.79896898516,32.351545155969,215.95));
#2539 = CARTESIAN_POINT('',(109.93095387327,40.246159166733,215.95));
#2540 = ORIENTED_EDGE('',*,*,#2541,.T.);
#2541 = EDGE_CURVE('',#2533,#2542,#2544,.T.);
#2542 = VERTEX_POINT('',#2543);
#2543 = CARTESIAN_POINT('',(109.96638733044,65.195869091164,216.25));
#2544 = B_SPLINE_CURVE_WITH_KNOTS('',3,(#2545,#2546,#2547,#2548),
  .UNSPECIFIED.,.F.,.F.,(4,4),(0.,1.),.PIECEWISE_BEZIER_KNOTS.);
#2545 = CARTESIAN_POINT('',(109.93095387327,40.246159166733,215.95));
#2546 = CARTESIAN_POINT('',(110.06294140721,48.350061458992,215.95));
#2547 = CARTESIAN_POINT('',(110.18928008108,54.221526311107,215.95));
#2548 = CARTESIAN_POINT('',(110.21378052338,60.483291675792,215.95));
#2549 = ORIENTED_EDGE('',*,*,#2550,.F.);
#2550 = EDGE_CURVE('',#2551,#2542,#2553,.T.);
#2551 = VERTEX_POINT('',#2552);
#2552 = CARTESIAN_POINT('',(109.4312677193,40.373745968527,215.95));
#2553 = B_SPLINE_CURVE_WITH_KNOTS('',3,(#2554,#2555,#2556,#2557),
  .UNSPECIFIED.,.F.,.F.,(4,4),(0.,1.),.PIECEWISE_BEZIER_KNOTS.);
#2554 = CARTESIAN_POINT('',(109.4312677193,40.373745968527,215.95));
#2555 = CARTESIAN_POINT('',(109.5626553099,48.435876709782,215.95));
#2556 = CARTESIAN_POINT('',(109.68841971707,54.277077105998,215.95));
#2557 = CARTESIAN_POINT('',(109.71280879373,60.506566211435,215.95));
#2558 = ORIENTED_EDGE('',*,*,#2559,.F.);
#2559 = EDGE_CURVE('',#2560,#2551,#2562,.T.);
#2560 = VERTEX_POINT('',#2561);
#2561 = CARTESIAN_POINT('',(108.19249225943,16.832618694389,215.95));
#2562 = B_SPLINE_CURVE_WITH_KNOTS('',3,(#2563,#2564,#2565,#2566),
  .UNSPECIFIED.,.F.,.F.,(4,4),(0.,1.),.PIECEWISE_BEZIER_KNOTS.);
#2563 = CARTESIAN_POINT('',(108.19249225943,16.832618694389,215.95));
#2564 = CARTESIAN_POINT('',(108.93012750401,24.386414065668,215.95));
#2565 = CARTESIAN_POINT('',(109.2998827625,32.519824732665,215.95));
#2566 = CARTESIAN_POINT('',(109.4312677193,40.373745968527,215.95));
#2567 = ORIENTED_EDGE('',*,*,#2568,.F.);
#2568 = EDGE_CURVE('',#2569,#2560,#2571,.T.);
#2569 = VERTEX_POINT('',#2570);
#2570 = CARTESIAN_POINT('',(103.78544668521,-3.712874941346,215.95));
#2571 = B_SPLINE_CURVE_WITH_KNOTS('',3,(#2572,#2573,#2574,#2575),
  .UNSPECIFIED.,.F.,.F.,(4,4),(0.,1.),.PIECEWISE_BEZIER_KNOTS.);
#2572 = CARTESIAN_POINT('',(103.78544668521,-3.712874941346,215.95));
#2573 = CARTESIAN_POINT('',(106.30241783283,2.899275233679,215.95));
#2574 = CARTESIAN_POINT('',(107.49990306001,9.747773112258,215.95));
#2575 = CARTESIAN_POINT('',(108.19249225943,16.832618694389,215.95));
#2576 = ORIENTED_EDGE('',*,*,#2577,.F.);
#2577 = EDGE_CURVE('',#2578,#2569,#2580,.T.);
#2578 = VERTEX_POINT('',#2579);
#2579 = CARTESIAN_POINT('',(94.594096554783,-17.61808283609,215.95));
#2580 = B_SPLINE_CURVE_WITH_KNOTS('',3,(#2581,#2582,#2583,#2584),
  .UNSPECIFIED.,.F.,.F.,(4,4),(0.,1.),.PIECEWISE_BEZIER_KNOTS.);
#2581 = CARTESIAN_POINT('',(94.594096554783,-17.61808283609,215.95));
#2582 = CARTESIAN_POINT('',(98.635756360599,-13.82398505168,215.95));
#2583 = CARTESIAN_POINT('',(101.69955378439,-9.188915753433,215.95));
#2584 = CARTESIAN_POINT('',(103.78544668521,-3.712874941346,215.95));
#2585 = ORIENTED_EDGE('',*,*,#2586,.F.);
#2586 = EDGE_CURVE('',#2587,#2578,#2589,.T.);
#2587 = VERTEX_POINT('',#2588);
#2588 = CARTESIAN_POINT('',(72.566382942362,-28.11686045688,215.95));
#2589 = B_SPLINE_CURVE_WITH_KNOTS('',3,(#2590,#2591,#2592,#2593),
  .UNSPECIFIED.,.F.,.F.,(4,4),(0.,1.),.PIECEWISE_BEZIER_KNOTS.);
#2590 = CARTESIAN_POINT('',(72.566382942362,-28.11686045688,215.95));
#2591 = CARTESIAN_POINT('',(80.806129772221,-26.61810789124,215.95));
#2592 = CARTESIAN_POINT('',(88.43023941698,-23.40113271091,215.95));
#2593 = CARTESIAN_POINT('',(94.594096554783,-17.61808283609,215.95));
#2594 = ORIENTED_EDGE('',*,*,#2595,.F.);
#2595 = EDGE_CURVE('',#2596,#2587,#2598,.T.);
#2596 = VERTEX_POINT('',#2597);
#2597 = CARTESIAN_POINT('',(48.023578722348,-30.49535944722,215.95));
#2598 = B_SPLINE_CURVE_WITH_KNOTS('',3,(#2599,#2600,#2601,#2602),
  .UNSPECIFIED.,.F.,.F.,(4,4),(0.,1.),.PIECEWISE_BEZIER_KNOTS.);
#2599 = CARTESIAN_POINT('',(48.023578722348,-30.49535944722,215.95));
#2600 = CARTESIAN_POINT('',(56.107538349706,-30.13708306124,215.95));
#2601 = CARTESIAN_POINT('',(64.534978351247,-29.5762248095,215.95));
#2602 = CARTESIAN_POINT('',(72.566382942362,-28.11686045688,215.95));
#2603 = ORIENTED_EDGE('',*,*,#2604,.F.);
#2604 = EDGE_CURVE('',#2605,#2596,#2607,.T.);
#2605 = VERTEX_POINT('',#2606);
#2606 = CARTESIAN_POINT('',(-6.443828198344E-02,-31.4976662819,215.95));
#2607 = B_SPLINE_CURVE_WITH_KNOTS('',3,(#2608,#2609,#2610,#2611),
  .UNSPECIFIED.,.F.,.F.,(4,4),(0.,1.),.PIECEWISE_BEZIER_KNOTS.);
#2608 = CARTESIAN_POINT('',(-6.443828198344E-02,-31.4976662819,215.95));
#2609 = CARTESIAN_POINT('',(17.634122064261,-31.50265692959,215.95));
#2610 = CARTESIAN_POINT('',(32.955543613416,-31.16314021978,215.95));
#2611 = CARTESIAN_POINT('',(48.023578722348,-30.49535944722,215.95));
#2612 = ORIENTED_EDGE('',*,*,#2613,.F.);
#2613 = EDGE_CURVE('',#2614,#2605,#2616,.T.);
#2614 = VERTEX_POINT('',#2615);
#2615 = CARTESIAN_POINT('',(-47.97977846913,-30.4728488887,215.95));
#2616 = B_SPLINE_CURVE_WITH_KNOTS('',3,(#2617,#2618,#2619,#2620),
  .UNSPECIFIED.,.F.,.F.,(4,4),(0.,1.),.PIECEWISE_BEZIER_KNOTS.);
#2617 = CARTESIAN_POINT('',(-47.97977846913,-30.4728488887,215.95));
#2618 = CARTESIAN_POINT('',(-33.05814366537,-31.14563873432,215.95));
#2619 = CARTESIAN_POINT('',(-17.76299858081,-31.49261246147,215.95));
#2620 = CARTESIAN_POINT('',(-6.443828198344E-02,-31.4976662819,215.95));
#2621 = ORIENTED_EDGE('',*,*,#2622,.F.);
#2622 = EDGE_CURVE('',#2623,#2614,#2625,.T.);
#2623 = VERTEX_POINT('',#2624);
#2624 = CARTESIAN_POINT('',(-60.36755150445,-29.68126794083,215.95));
#2625 = B_SPLINE_CURVE_WITH_KNOTS('',3,(#2626,#2627,#2628,#2629),
  .UNSPECIFIED.,.F.,.F.,(4,4),(0.,1.),.PIECEWISE_BEZIER_KNOTS.);
#2626 = CARTESIAN_POINT('',(-60.36755150445,-29.68126794083,215.95));
#2627 = CARTESIAN_POINT('',(-56.67749474155,-30.00264617323,215.95));
#2628 = CARTESIAN_POINT('',(-52.5482370631,-30.26651350838,215.95));
#2629 = CARTESIAN_POINT('',(-47.97977846913,-30.4728488887,215.95));
#2630 = ORIENTED_EDGE('',*,*,#2631,.F.);
#2631 = EDGE_CURVE('',#2632,#2623,#2634,.T.);
#2632 = VERTEX_POINT('',#2633);
#2633 = CARTESIAN_POINT('',(-87.74265182193,-22.72397341637,215.95));
#2634 = B_SPLINE_CURVE_WITH_KNOTS('',3,(#2635,#2636,#2637,#2638),
  .UNSPECIFIED.,.F.,.F.,(4,4),(0.,1.),.PIECEWISE_BEZIER_KNOTS.);
#2635 = CARTESIAN_POINT('',(-87.74265182193,-22.72397341637,215.95));
#2636 = CARTESIAN_POINT('',(-79.51228925558,-27.56913160948,215.95));
#2637 = CARTESIAN_POINT('',(-69.7165641098,-28.86905319172,215.95));
#2638 = CARTESIAN_POINT('',(-60.36755150445,-29.68126794083,215.95));
#2639 = ORIENTED_EDGE('',*,*,#2640,.F.);
#2640 = EDGE_CURVE('',#2641,#2632,#2643,.T.);
#2641 = VERTEX_POINT('',#2642);
#2642 = CARTESIAN_POINT('',(-104.4154671043,-2.062181370037,215.95));
#2643 = B_SPLINE_CURVE_WITH_KNOTS('',3,(#2644,#2645,#2646,#2647),
  .UNSPECIFIED.,.F.,.F.,(4,4),(0.,1.),.PIECEWISE_BEZIER_KNOTS.);
#2644 = CARTESIAN_POINT('',(-104.4154671043,-2.062181370037,215.95));
#2645 = CARTESIAN_POINT('',(-101.3410475265,-11.10596935153,215.95));
#2646 = CARTESIAN_POINT('',(-95.78344067656,-17.99323950877,215.95));
#2647 = CARTESIAN_POINT('',(-87.74265182193,-22.72397341637,215.95));
#2648 = ORIENTED_EDGE('',*,*,#2649,.F.);
#2649 = EDGE_CURVE('',#2650,#2641,#2652,.T.);
#2650 = VERTEX_POINT('',#2651);
#2651 = CARTESIAN_POINT('',(-108.4996761038,19.929544581771,215.95));
#2652 = B_SPLINE_CURVE_WITH_KNOTS('',3,(#2653,#2654,#2655,#2656),
  .UNSPECIFIED.,.F.,.F.,(4,4),(0.,1.),.PIECEWISE_BEZIER_KNOTS.);
#2653 = CARTESIAN_POINT('',(-108.4996761038,19.929544581771,215.95));
#2654 = CARTESIAN_POINT('',(-107.906565892,12.400133894099,215.95));
#2655 = CARTESIAN_POINT('',(-106.8348345368,5.052676535333,215.95));
#2656 = CARTESIAN_POINT('',(-104.4154671043,-2.062181370037,215.95));
#2657 = ORIENTED_EDGE('',*,*,#2658,.F.);
#2658 = EDGE_CURVE('',#2659,#2650,#2661,.T.);
#2659 = VERTEX_POINT('',#2660);
#2660 = CARTESIAN_POINT('',(-109.9439886348,64.582698379825,216.25));
#2661 = B_SPLINE_CURVE_WITH_KNOTS('',3,(#2662,#2663,#2664,#2665),
  .UNSPECIFIED.,.F.,.F.,(4,4),(0.,1.),.PIECEWISE_BEZIER_KNOTS.);
#2662 = CARTESIAN_POINT('',(-109.6765148978,55.426934439843,215.95));
#2663 = CARTESIAN_POINT('',(-109.5620231956,44.449831140111,215.95));
#2664 = CARTESIAN_POINT('',(-109.4043607206,31.426241162942,215.95));
#2665 = CARTESIAN_POINT('',(-108.4996761038,19.929544581771,215.95));
#2666 = ORIENTED_EDGE('',*,*,#2667,.T.);
#2667 = EDGE_CURVE('',#2659,#2668,#2670,.T.);
#2668 = VERTEX_POINT('',#2669);
#2669 = CARTESIAN_POINT('',(-108.9951084148,19.69603218433,215.95));
#2670 = B_SPLINE_CURVE_WITH_KNOTS('',3,(#2671,#2672,#2673,#2674),
  .UNSPECIFIED.,.F.,.F.,(4,4),(0.,1.),.PIECEWISE_BEZIER_KNOTS.);
#2671 = CARTESIAN_POINT('',(-110.1773209018,55.377341291362,215.95));
#2672 = CARTESIAN_POINT('',(-110.0623064065,44.343363370631,215.95));
#2673 = CARTESIAN_POINT('',(-109.9039240116,31.252295505736,215.95));
#2674 = CARTESIAN_POINT('',(-108.9951084148,19.69603218433,215.95));
#2675 = ORIENTED_EDGE('',*,*,#2676,.T.);
#2676 = EDGE_CURVE('',#2668,#2677,#2679,.T.);
#2677 = VERTEX_POINT('',#2678);
#2678 = CARTESIAN_POINT('',(-104.8922500592,-2.409637404928,215.95));
#2679 = B_SPLINE_CURVE_WITH_KNOTS('',3,(#2680,#2681,#2682,#2683),
  .UNSPECIFIED.,.F.,.F.,(4,4),(0.,1.),.PIECEWISE_BEZIER_KNOTS.);
#2680 = CARTESIAN_POINT('',(-108.9951084148,19.69603218433,215.95));
#2681 = CARTESIAN_POINT('',(-108.3992899372,12.127610077386,215.95));
#2682 = CARTESIAN_POINT('',(-107.3226648315,4.742084036822,215.95));
#2683 = CARTESIAN_POINT('',(-104.8922500592,-2.409637404928,215.95));
#2684 = ORIENTED_EDGE('',*,*,#2685,.T.);
#2685 = EDGE_CURVE('',#2677,#2686,#2688,.T.);
#2686 = VERTEX_POINT('',#2687);
#2687 = CARTESIAN_POINT('',(-88.14330320011,-23.17848242869,215.95));
#2688 = B_SPLINE_CURVE_WITH_KNOTS('',3,(#2689,#2690,#2691,#2692),
  .UNSPECIFIED.,.F.,.F.,(4,4),(0.,1.),.PIECEWISE_BEZIER_KNOTS.);
#2689 = CARTESIAN_POINT('',(-104.8922500592,-2.409637404928,215.95));
#2690 = CARTESIAN_POINT('',(-101.8037920358,-11.50028310469,215.95));
#2691 = CARTESIAN_POINT('',(-96.22080798558,-18.42323761956,215.95));
#2692 = CARTESIAN_POINT('',(-88.14330320011,-23.17848242869,215.95));
#2693 = ORIENTED_EDGE('',*,*,#2694,.T.);
#2694 = EDGE_CURVE('',#2686,#2486,#2695,.T.);
#2695 = B_SPLINE_CURVE_WITH_KNOTS('',3,(#2696,#2697,#2698,#2699),
  .UNSPECIFIED.,.F.,.F.,(4,4),(0.,1.),.PIECEWISE_BEZIER_KNOTS.);
#2696 = CARTESIAN_POINT('',(-88.14330320011,-23.17848242869,215.95));
#2697 = CARTESIAN_POINT('',(-79.87535906954,-28.048744379,215.95));
#2698 = CARTESIAN_POINT('',(-70.03490458518,-29.35540112126,215.95));
#2699 = CARTESIAN_POINT('',(-60.64320242456,-30.17182412138,215.95));
#2700 = PLANE('',#2701);
#2701 = AXIS2_PLACEMENT_3D('',#2702,#2703,#2704);
#2702 = CARTESIAN_POINT('',(1.208834336125E-02,65.,215.95));
#2703 = DIRECTION('',(0.,0.,1.));
#2704 = DIRECTION('',(1.,0.,0.));
#2705 = ADVANCED_FACE('',(#2706),#2731,.F.);
#2706 = FACE_BOUND('',#2707,.F.);
#2707 = EDGE_LOOP('',(#2708,#2709,#2724,#2730));
#2708 = ORIENTED_EDGE('',*,*,#2028,.F.);
#2709 = ORIENTED_EDGE('',*,*,#2710,.T.);
#2710 = EDGE_CURVE('',#2006,#2711,#2713,.T.);
#2711 = VERTEX_POINT('',#2712);
#2712 = CARTESIAN_POINT('',(-60.64320242456,-30.17182412138,108.25));
#2713 = B_SPLINE_CURVE_WITH_KNOTS('',5,(#2714,#2715,#2716,#2717,#2718,
    #2719,#2720,#2721,#2722,#2723),.UNSPECIFIED.,.F.,.F.,(6,4,6),(0.,
    0.526087337382,1.),.UNSPECIFIED.);
#2714 = CARTESIAN_POINT('',(-48.19886421556,-30.9675064123,108.25));
#2715 = CARTESIAN_POINT('',(-49.5104312978,-30.90823294791,108.25));
#2716 = CARTESIAN_POINT('',(-50.82160221503,-30.8436845901,108.25));
#2717 = CARTESIAN_POINT('',(-52.13231201003,-30.77338410763,108.25));
#2718 = CARTESIAN_POINT('',(-53.44246745296,-30.69675705547,108.25));
#2719 = CARTESIAN_POINT('',(-55.93154212447,-30.53760630153,108.25));
#2720 = CARTESIAN_POINT('',(-57.11058695398,-30.45642153681,108.25));
#2721 = CARTESIAN_POINT('',(-58.28897982462,-30.36890489002,108.25));
#2722 = CARTESIAN_POINT('',(-59.46658413249,-30.27436211144,108.25));
#2723 = CARTESIAN_POINT('',(-60.64320242456,-30.17182412138,108.25));
#2724 = ORIENTED_EDGE('',*,*,#2725,.T.);
#2725 = EDGE_CURVE('',#2711,#2486,#2726,.T.);
#2726 = LINE('',#2727,#2728);
#2727 = CARTESIAN_POINT('',(-60.64320242456,-30.17182412138,24.25));
#2728 = VECTOR('',#2729,1.);
#2729 = DIRECTION('',(0.,0.,1.));
#2730 = ORIENTED_EDGE('',*,*,#2485,.T.);
#2731 = SURFACE_OF_LINEAR_EXTRUSION('',#2732,#2737);
#2732 = B_SPLINE_CURVE_WITH_KNOTS('',3,(#2733,#2734,#2735,#2736),
  .UNSPECIFIED.,.F.,.F.,(4,4),(0.,1.),.PIECEWISE_BEZIER_KNOTS.);
#2733 = CARTESIAN_POINT('',(-60.64320242456,-30.17182412138,24.25));
#2734 = CARTESIAN_POINT('',(-56.9362960874,-30.49486748024,24.25));
#2735 = CARTESIAN_POINT('',(-52.78818335106,-30.76010196611,24.25));
#2736 = CARTESIAN_POINT('',(-48.19886421556,-30.9675064123,24.25));
#2737 = VECTOR('',#2738,1.);
#2738 = DIRECTION('',(-0.,-0.,-1.));
#2739 = ADVANCED_FACE('',(#2740),#2864,.F.);
#2740 = FACE_BOUND('',#2741,.F.);
#2741 = EDGE_LOOP('',(#2742,#2752,#2767,#2768,#2769,#2770,#2789,#2797,
    #2806,#2814,#2823,#2832,#2840,#2849,#2857));
#2742 = ORIENTED_EDGE('',*,*,#2743,.F.);
#2743 = EDGE_CURVE('',#2744,#2746,#2748,.T.);
#2744 = VERTEX_POINT('',#2745);
#2745 = CARTESIAN_POINT('',(-71.2,-28.90008143485,108.25));
#2746 = VERTEX_POINT('',#2747);
#2747 = CARTESIAN_POINT('',(-71.2,-14.,108.25));
#2748 = LINE('',#2749,#2750);
#2749 = CARTESIAN_POINT('',(-71.2,-182.,108.25));
#2750 = VECTOR('',#2751,1.);
#2751 = DIRECTION('',(0.,1.,0.));
#2752 = ORIENTED_EDGE('',*,*,#2753,.F.);
#2753 = EDGE_CURVE('',#2711,#2744,#2754,.T.);
#2754 = B_SPLINE_CURVE_WITH_KNOTS('',6,(#2755,#2756,#2757,#2758,#2759,
    #2760,#2761,#2762,#2763,#2764,#2765,#2766),.UNSPECIFIED.,.F.,.F.,(7,
    5,7),(0.,0.79253551624,1.),.UNSPECIFIED.);
#2755 = CARTESIAN_POINT('',(-60.64320242456,-30.17182412138,108.25));
#2756 = CARTESIAN_POINT('',(-62.04283185606,-30.05015398747,108.25));
#2757 = CARTESIAN_POINT('',(-63.44174372943,-29.92052894672,108.25));
#2758 = CARTESIAN_POINT('',(-64.83959964373,-29.77886457265,108.25));
#2759 = CARTESIAN_POINT('',(-66.23584763115,-29.62125894224,108.25));
#2760 = CARTESIAN_POINT('',(-67.62970039047,-29.44378406363,108.25));
#2761 = CARTESIAN_POINT('',(-69.3841023286,-29.1896846419,108.25));
#2762 = CARTESIAN_POINT('',(-69.74784120446,-29.13533006792,108.25));
#2763 = CARTESIAN_POINT('',(-70.11132309321,-29.0792653189,108.25));
#2764 = CARTESIAN_POINT('',(-70.47452628221,-29.02141775357,108.25));
#2765 = CARTESIAN_POINT('',(-70.83742711673,-28.96171429586,108.25));
#2766 = CARTESIAN_POINT('',(-71.2,-28.90008143485,108.25));
#2767 = ORIENTED_EDGE('',*,*,#2710,.F.);
#2768 = ORIENTED_EDGE('',*,*,#2005,.F.);
#2769 = ORIENTED_EDGE('',*,*,#2226,.F.);
#2770 = ORIENTED_EDGE('',*,*,#2771,.F.);
#2771 = EDGE_CURVE('',#2772,#2217,#2774,.T.);
#2772 = VERTEX_POINT('',#2773);
#2773 = CARTESIAN_POINT('',(71.2,-28.8939725318,108.25));
#2774 = B_SPLINE_CURVE_WITH_KNOTS('',5,(#2775,#2776,#2777,#2778,#2779,
    #2780,#2781,#2782,#2783,#2784,#2785,#2786,#2787,#2788),
  .UNSPECIFIED.,.F.,.F.,(6,4,4,6),(0.,0.418186660055,0.836204482202,1.),
  .UNSPECIFIED.);
#2775 = CARTESIAN_POINT('',(71.2,-28.8939725318,108.25));
#2776 = CARTESIAN_POINT('',(69.29667882362,-29.20901658705,108.25));
#2777 = CARTESIAN_POINT('',(67.386648300615,-29.48343786568,108.25));
#2778 = CARTESIAN_POINT('',(65.471897522996,-29.72261004973,108.25));
#2779 = CARTESIAN_POINT('',(63.553810447296,-29.93124358559,108.25));
#2780 = CARTESIAN_POINT('',(59.71338249882,-30.29612240197,108.25));
#2781 = CARTESIAN_POINT('',(57.791086536824,-30.45238436402,108.25));
#2782 = CARTESIAN_POINT('',(55.867176995237,-30.58688154517,108.25));
#2783 = CARTESIAN_POINT('',(53.942224522359,-30.70363126406,108.25));
#2784 = CARTESIAN_POINT('',(51.261987959926,-30.84709947486,108.25));
#2785 = CARTESIAN_POINT('',(50.507322577898,-30.88539058476,108.25));
#2786 = CARTESIAN_POINT('',(49.752568839706,-30.92182706971,108.25));
#2787 = CARTESIAN_POINT('',(48.997744589315,-30.95665727343,108.25));
#2788 = CARTESIAN_POINT('',(48.242864469939,-30.99013360264,108.25));
#2789 = ORIENTED_EDGE('',*,*,#2790,.F.);
#2790 = EDGE_CURVE('',#2791,#2772,#2793,.T.);
#2791 = VERTEX_POINT('',#2792);
#2792 = CARTESIAN_POINT('',(71.2,-14.,108.25));
#2793 = LINE('',#2794,#2795);
#2794 = CARTESIAN_POINT('',(71.2,-14.,108.25));
#2795 = VECTOR('',#2796,1.);
#2796 = DIRECTION('',(0.,-1.,0.));
#2797 = ORIENTED_EDGE('',*,*,#2798,.F.);
#2798 = EDGE_CURVE('',#2799,#2791,#2801,.T.);
#2799 = VERTEX_POINT('',#2800);
#2800 = CARTESIAN_POINT('',(59.2,-2.,108.25));
#2801 = CIRCLE('',#2802,12.);
#2802 = AXIS2_PLACEMENT_3D('',#2803,#2804,#2805);
#2803 = CARTESIAN_POINT('',(59.2,-14.,108.25));
#2804 = DIRECTION('',(0.,0.,-1.));
#2805 = DIRECTION('',(4.17966315153E-16,1.,0.));
#2806 = ORIENTED_EDGE('',*,*,#2807,.F.);
#2807 = EDGE_CURVE('',#2808,#2799,#2810,.T.);
#2808 = VERTEX_POINT('',#2809);
#2809 = CARTESIAN_POINT('',(24.983094457935,-2.,108.25));
#2810 = LINE('',#2811,#2812);
#2811 = CARTESIAN_POINT('',(-59.2,-2.,108.25));
#2812 = VECTOR('',#2813,1.);
#2813 = DIRECTION('',(1.,0.,0.));
#2814 = ORIENTED_EDGE('',*,*,#2815,.F.);
#2815 = EDGE_CURVE('',#2816,#2808,#2818,.T.);
#2816 = VERTEX_POINT('',#2817);
#2817 = CARTESIAN_POINT('',(27.5,-9.002650099624,108.25));
#2818 = CIRCLE('',#2819,11.);
#2819 = AXIS2_PLACEMENT_3D('',#2820,#2821,#2822);
#2820 = CARTESIAN_POINT('',(16.5,-9.002650099624,108.25));
#2821 = DIRECTION('',(0.,0.,1.));
#2822 = DIRECTION('',(1.,0.,0.));
#2823 = ORIENTED_EDGE('',*,*,#2824,.F.);
#2824 = EDGE_CURVE('',#2825,#2816,#2827,.T.);
#2825 = VERTEX_POINT('',#2826);
#2826 = CARTESIAN_POINT('',(16.5,-20.00265009962,108.25));
#2827 = CIRCLE('',#2828,11.);
#2828 = AXIS2_PLACEMENT_3D('',#2829,#2830,#2831);
#2829 = CARTESIAN_POINT('',(16.5,-9.002650099624,108.25));
#2830 = DIRECTION('',(0.,0.,1.));
#2831 = DIRECTION('',(1.,0.,0.));
#2832 = ORIENTED_EDGE('',*,*,#2833,.T.);
#2833 = EDGE_CURVE('',#2825,#2834,#2836,.T.);
#2834 = VERTEX_POINT('',#2835);
#2835 = CARTESIAN_POINT('',(-16.5,-20.00265009962,108.25));
#2836 = LINE('',#2837,#2838);
#2837 = CARTESIAN_POINT('',(-54.85,-20.00265009962,108.25));
#2838 = VECTOR('',#2839,1.);
#2839 = DIRECTION('',(-1.,0.,0.));
#2840 = ORIENTED_EDGE('',*,*,#2841,.F.);
#2841 = EDGE_CURVE('',#2842,#2834,#2844,.T.);
#2842 = VERTEX_POINT('',#2843);
#2843 = CARTESIAN_POINT('',(-24.98309445793,-2.,108.25));
#2844 = CIRCLE('',#2845,11.);
#2845 = AXIS2_PLACEMENT_3D('',#2846,#2847,#2848);
#2846 = CARTESIAN_POINT('',(-16.5,-9.002650099624,108.25));
#2847 = DIRECTION('',(0.,0.,1.));
#2848 = DIRECTION('',(1.,0.,0.));
#2849 = ORIENTED_EDGE('',*,*,#2850,.F.);
#2850 = EDGE_CURVE('',#2851,#2842,#2853,.T.);
#2851 = VERTEX_POINT('',#2852);
#2852 = CARTESIAN_POINT('',(-59.2,-2.,108.25));
#2853 = LINE('',#2854,#2855);
#2854 = CARTESIAN_POINT('',(-59.2,-2.,108.25));
#2855 = VECTOR('',#2856,1.);
#2856 = DIRECTION('',(1.,0.,0.));
#2857 = ORIENTED_EDGE('',*,*,#2858,.F.);
#2858 = EDGE_CURVE('',#2746,#2851,#2859,.T.);
#2859 = CIRCLE('',#2860,12.);
#2860 = AXIS2_PLACEMENT_3D('',#2861,#2862,#2863);
#2861 = CARTESIAN_POINT('',(-59.2,-14.,108.25));
#2862 = DIRECTION('',(0.,0.,-1.));
#2863 = DIRECTION('',(-1.,1.567373681824E-16,0.));
#2864 = PLANE('',#2865);
#2865 = AXIS2_PLACEMENT_3D('',#2866,#2867,#2868);
#2866 = CARTESIAN_POINT('',(-93.2,-182.,108.25));
#2867 = DIRECTION('',(0.,0.,1.));
#2868 = DIRECTION('',(1.,0.,0.));
#2869 = ADVANCED_FACE('',(#2870),#2891,.F.);
#2870 = FACE_BOUND('',#2871,.F.);
#2871 = EDGE_LOOP('',(#2872,#2882,#2883,#2884,#2885));
#2872 = ORIENTED_EDGE('',*,*,#2873,.T.);
#2873 = EDGE_CURVE('',#2874,#2772,#2876,.T.);
#2874 = VERTEX_POINT('',#2875);
#2875 = CARTESIAN_POINT('',(72.897736289131,-28.59931112177,
    108.18439517043));
#2876 = B_SPLINE_CURVE_WITH_KNOTS('',4,(#2877,#2878,#2879,#2880,#2881),
  .UNSPECIFIED.,.F.,.F.,(5,5),(0.,1.),.PIECEWISE_BEZIER_KNOTS.);
#2877 = CARTESIAN_POINT('',(72.897736289131,-28.59931112177,
    108.18439517043));
#2878 = CARTESIAN_POINT('',(72.476028481951,-28.67598539425,
    108.21703562584));
#2879 = CARTESIAN_POINT('',(72.051963427866,-28.75071926672,
    108.23898392576));
#2880 = CARTESIAN_POINT('',(71.626330880223,-28.82340482603,108.25));
#2881 = CARTESIAN_POINT('',(71.2,-28.8939725318,108.25));
#2882 = ORIENTED_EDGE('',*,*,#2771,.T.);
#2883 = ORIENTED_EDGE('',*,*,#2216,.T.);
#2884 = ORIENTED_EDGE('',*,*,#2496,.T.);
#2885 = ORIENTED_EDGE('',*,*,#2886,.F.);
#2886 = EDGE_CURVE('',#2874,#2497,#2887,.T.);
#2887 = LINE('',#2888,#2889);
#2888 = CARTESIAN_POINT('',(72.897736289131,-28.59931112177,24.25));
#2889 = VECTOR('',#2890,1.);
#2890 = DIRECTION('',(0.,0.,1.));
#2891 = SURFACE_OF_LINEAR_EXTRUSION('',#2892,#2897);
#2892 = B_SPLINE_CURVE_WITH_KNOTS('',3,(#2893,#2894,#2895,#2896),
  .UNSPECIFIED.,.F.,.F.,(4,4),(0.,1.),.PIECEWISE_BEZIER_KNOTS.);
#2893 = CARTESIAN_POINT('',(48.242864469939,-30.99013360264,24.25));
#2894 = CARTESIAN_POINT('',(56.363737154956,-30.63000091331,24.25));
#2895 = CARTESIAN_POINT('',(64.829658617691,-30.06623674006,24.25));
#2896 = CARTESIAN_POINT('',(72.897736289131,-28.59931112177,24.25));
#2897 = VECTOR('',#2898,1.);
#2898 = DIRECTION('',(-0.,-0.,-1.));
#2899 = ADVANCED_FACE('',(#2900),#2903,.F.);
#2900 = FACE_BOUND('',#2901,.F.);
#2901 = EDGE_LOOP('',(#2902));
#2902 = ORIENTED_EDGE('',*,*,#2439,.T.);
#2903 = PLANE('',#2904);
#2904 = AXIS2_PLACEMENT_3D('',#2905,#2906,#2907);
#2905 = CARTESIAN_POINT('',(0.,-31.70265009962,133.25));
#2906 = DIRECTION('',(0.,1.,0.));
#2907 = DIRECTION('',(0.,0.,1.));
#2908 = ADVANCED_FACE('',(#2909),#2912,.F.);
#2909 = FACE_BOUND('',#2910,.F.);
#2910 = EDGE_LOOP('',(#2911));
#2911 = ORIENTED_EDGE('',*,*,#2466,.T.);
#2912 = PLANE('',#2913);
#2913 = AXIS2_PLACEMENT_3D('',#2914,#2915,#2916);
#2914 = CARTESIAN_POINT('',(0.,-31.50265009962,179.25));
#2915 = DIRECTION('',(0.,1.,0.));
#2916 = DIRECTION('',(0.,0.,1.));
#2917 = ADVANCED_FACE('',(#2918),#2948,.F.);
#2918 = FACE_BOUND('',#2919,.F.);
#2919 = EDGE_LOOP('',(#2920,#2921,#2940,#2946,#2947));
#2920 = ORIENTED_EDGE('',*,*,#2753,.T.);
#2921 = ORIENTED_EDGE('',*,*,#2922,.T.);
#2922 = EDGE_CURVE('',#2744,#2923,#2925,.T.);
#2923 = VERTEX_POINT('',#2924);
#2924 = CARTESIAN_POINT('',(-88.14330320011,-23.17848242869,
    100.28297818244));
#2925 = B_SPLINE_CURVE_WITH_KNOTS('',7,(#2926,#2927,#2928,#2929,#2930,
    #2931,#2932,#2933,#2934,#2935,#2936,#2937,#2938,#2939),
  .UNSPECIFIED.,.F.,.F.,(8,6,8),(0.,0.434433592949,1.),.UNSPECIFIED.);
#2926 = CARTESIAN_POINT('',(-71.2,-28.90008143485,108.25));
#2927 = CARTESIAN_POINT('',(-72.57783047176,-28.66586746888,108.25));
#2928 = CARTESIAN_POINT('',(-73.94701255065,-28.40525201537,
    108.14932534128));
#2929 = CARTESIAN_POINT('',(-75.28646927166,-28.11823420403,
    107.95025870339));
#2930 = CARTESIAN_POINT('',(-76.58143421783,-27.80611704586,
    107.66136242389));
#2931 = CARTESIAN_POINT('',(-77.82197642045,-27.4718678885,
    107.29308280091));
#2932 = CARTESIAN_POINT('',(-79.00208990425,-27.11943378252,
    106.8563071303));
#2933 = CARTESIAN_POINT('',(-81.57275532785,-26.27605702582,
    105.71626435702));
#2934 = CARTESIAN_POINT('',(-82.91963141449,-25.77530993342,
    104.97221111644));
#2935 = CARTESIAN_POINT('',(-84.16028205125,-25.25772561345,
    104.14764151326));
#2936 = CARTESIAN_POINT('',(-85.2979507797,-24.73140613306,
    103.25741104636));
#2937 = CARTESIAN_POINT('',(-86.33742326571,-24.20453694501,
    102.31256688506));
#2938 = CARTESIAN_POINT('',(-87.28418109281,-23.68455136721,
    101.32027519529));
#2939 = CARTESIAN_POINT('',(-88.14330320011,-23.17848242869,
    100.28297818244));
#2940 = ORIENTED_EDGE('',*,*,#2941,.T.);
#2941 = EDGE_CURVE('',#2923,#2686,#2942,.T.);
#2942 = LINE('',#2943,#2944);
#2943 = CARTESIAN_POINT('',(-88.14330320011,-23.17848242869,24.25));
#2944 = VECTOR('',#2945,1.);
#2945 = DIRECTION('',(0.,0.,1.));
#2946 = ORIENTED_EDGE('',*,*,#2694,.T.);
#2947 = ORIENTED_EDGE('',*,*,#2725,.F.);
#2948 = SURFACE_OF_LINEAR_EXTRUSION('',#2949,#2954);
#2949 = B_SPLINE_CURVE_WITH_KNOTS('',3,(#2950,#2951,#2952,#2953),
  .UNSPECIFIED.,.F.,.F.,(4,4),(0.,1.),.PIECEWISE_BEZIER_KNOTS.);
#2950 = CARTESIAN_POINT('',(-88.14330320011,-23.17848242869,24.25));
#2951 = CARTESIAN_POINT('',(-79.87535906954,-28.048744379,24.25));
#2952 = CARTESIAN_POINT('',(-70.03490458518,-29.35540112126,24.25));
#2953 = CARTESIAN_POINT('',(-60.64320242456,-30.17182412138,24.25));
#2954 = VECTOR('',#2955,1.);
#2955 = DIRECTION('',(-0.,-0.,-1.));
#2956 = ADVANCED_FACE('',(#2957),#3007,.F.);
#2957 = FACE_BOUND('',#2958,.F.);
#2958 = EDGE_LOOP('',(#2959,#2970,#2976,#2977,#2978,#2999));
#2959 = ORIENTED_EDGE('',*,*,#2960,.F.);
#2960 = EDGE_CURVE('',#2961,#2963,#2965,.T.);
#2961 = VERTEX_POINT('',#2962);
#2962 = CARTESIAN_POINT('',(-104.8922500592,-2.409637404928,24.25));
#2963 = VERTEX_POINT('',#2964);
#2964 = CARTESIAN_POINT('',(-93.2,-19.65327602088,24.25));
#2965 = B_SPLINE_CURVE_WITH_KNOTS('',3,(#2966,#2967,#2968,#2969),
  .UNSPECIFIED.,.F.,.F.,(4,4),(0.,1.),.PIECEWISE_BEZIER_KNOTS.);
#2966 = CARTESIAN_POINT('',(-104.8922500592,-2.409637404928,24.25));
#2967 = CARTESIAN_POINT('',(-101.8037920358,-11.50028310469,24.25));
#2968 = CARTESIAN_POINT('',(-96.22080798558,-18.42323761956,24.25));
#2969 = CARTESIAN_POINT('',(-88.14330320011,-23.17848242869,24.25));
#2970 = ORIENTED_EDGE('',*,*,#2971,.T.);
#2971 = EDGE_CURVE('',#2961,#2677,#2972,.T.);
#2972 = LINE('',#2973,#2974);
#2973 = CARTESIAN_POINT('',(-104.8922500592,-2.409637404928,24.25));
#2974 = VECTOR('',#2975,1.);
#2975 = DIRECTION('',(0.,0.,1.));
#2976 = ORIENTED_EDGE('',*,*,#2685,.T.);
#2977 = ORIENTED_EDGE('',*,*,#2941,.F.);
#2978 = ORIENTED_EDGE('',*,*,#2979,.T.);
#2979 = EDGE_CURVE('',#2923,#2980,#2982,.T.);
#2980 = VERTEX_POINT('',#2981);
#2981 = CARTESIAN_POINT('',(-93.2,-19.65327602088,86.25));
#2982 = B_SPLINE_CURVE_WITH_KNOTS('',8,(#2983,#2984,#2985,#2986,#2987,
    #2988,#2989,#2990,#2991,#2992,#2993,#2994,#2995,#2996,#2997,#2998),
  .UNSPECIFIED.,.F.,.F.,(9,7,9),(0.,0.149094386121,1.),.UNSPECIFIED.);
#2983 = CARTESIAN_POINT('',(-88.14330320011,-23.17848242869,
    100.28297818244));
#2984 = CARTESIAN_POINT('',(-88.3294380484,-23.06890443466,
    100.05824048744));
#2985 = CARTESIAN_POINT('',(-88.51156483539,-22.96021486234,
    99.831407165087));
#2986 = CARTESIAN_POINT('',(-88.689710374,-22.8524808586,99.602524187594
    ));
#2987 = CARTESIAN_POINT('',(-88.86389875138,-22.74577067874,
    99.371635202638));
#2988 = CARTESIAN_POINT('',(-89.03415147404,-22.64015362098,
    99.138781619461));
#2989 = CARTESIAN_POINT('',(-89.20048761298,-22.53569996104,
    98.904002695019));
#2990 = CARTESIAN_POINT('',(-89.36292394873,-22.43248088669,
    98.667335620124));
#2991 = CARTESIAN_POINT('',(-90.42635210264,-21.74893768269,
    97.067543563895));
#2992 = CARTESIAN_POINT('',(-91.20545152759,-21.20937194476,
    95.644761800229));
#2993 = CARTESIAN_POINT('',(-91.86092536181,-20.72550115974,
    94.16710380008));
#2994 = CARTESIAN_POINT('',(-92.39126020122,-20.31288603992,
    92.641475108958));
#2995 = CARTESIAN_POINT('',(-92.79365441652,-19.98769951007,
    91.075844782731));
#2996 = CARTESIAN_POINT('',(-93.06440397374,-19.76487084668,
    89.479740366485));
#2997 = CARTESIAN_POINT('',(-93.2,-19.65327602088,87.865613842503));
#2998 = CARTESIAN_POINT('',(-93.2,-19.65327602088,86.25));
#2999 = ORIENTED_EDGE('',*,*,#3000,.T.);
#3000 = EDGE_CURVE('',#2980,#2963,#3001,.T.);
#3001 = B_SPLINE_CURVE_WITH_KNOTS('',4,(#3002,#3003,#3004,#3005,#3006),
  .UNSPECIFIED.,.F.,.F.,(5,5),(0.,1.),.PIECEWISE_BEZIER_KNOTS.);
#3002 = CARTESIAN_POINT('',(-93.2,-19.65327602088,86.25));
#3003 = CARTESIAN_POINT('',(-93.2,-19.65327602088,70.750000004322));
#3004 = CARTESIAN_POINT('',(-93.2,-19.65327602088,55.250000030152));
#3005 = CARTESIAN_POINT('',(-93.2,-19.65327602088,39.749999995678));
#3006 = CARTESIAN_POINT('',(-93.2,-19.65327602088,24.25));
#3007 = SURFACE_OF_LINEAR_EXTRUSION('',#3008,#3013);
#3008 = B_SPLINE_CURVE_WITH_KNOTS('',3,(#3009,#3010,#3011,#3012),
  .UNSPECIFIED.,.F.,.F.,(4,4),(0.,1.),.PIECEWISE_BEZIER_KNOTS.);
#3009 = CARTESIAN_POINT('',(-104.8922500592,-2.409637404928,24.25));
#3010 = CARTESIAN_POINT('',(-101.8037920358,-11.50028310469,24.25));
#3011 = CARTESIAN_POINT('',(-96.22080798558,-18.42323761956,24.25));
#3012 = CARTESIAN_POINT('',(-88.14330320011,-23.17848242869,24.25));
#3013 = VECTOR('',#3014,1.);
#3014 = DIRECTION('',(-0.,-0.,-1.));
#3015 = ADVANCED_FACE('',(#3016),#3035,.F.);
#3016 = FACE_BOUND('',#3017,.F.);
#3017 = EDGE_LOOP('',(#3018,#3027,#3033,#3034));
#3018 = ORIENTED_EDGE('',*,*,#3019,.F.);
#3019 = EDGE_CURVE('',#3020,#2961,#3022,.T.);
#3020 = VERTEX_POINT('',#3021);
#3021 = CARTESIAN_POINT('',(-108.9951084148,19.69603218433,24.25));
#3022 = B_SPLINE_CURVE_WITH_KNOTS('',3,(#3023,#3024,#3025,#3026),
  .UNSPECIFIED.,.F.,.F.,(4,4),(0.,1.),.PIECEWISE_BEZIER_KNOTS.);
#3023 = CARTESIAN_POINT('',(-108.9951084148,19.69603218433,24.25));
#3024 = CARTESIAN_POINT('',(-108.3992899372,12.127610077386,24.25));
#3025 = CARTESIAN_POINT('',(-107.3226648315,4.742084036822,24.25));
#3026 = CARTESIAN_POINT('',(-104.8922500592,-2.409637404928,24.25));
#3027 = ORIENTED_EDGE('',*,*,#3028,.T.);
#3028 = EDGE_CURVE('',#3020,#2668,#3029,.T.);
#3029 = LINE('',#3030,#3031);
#3030 = CARTESIAN_POINT('',(-108.9951084148,19.69603218433,24.25));
#3031 = VECTOR('',#3032,1.);
#3032 = DIRECTION('',(0.,0.,1.));
#3033 = ORIENTED_EDGE('',*,*,#2676,.T.);
#3034 = ORIENTED_EDGE('',*,*,#2971,.F.);
#3035 = SURFACE_OF_LINEAR_EXTRUSION('',#3036,#3041);
#3036 = B_SPLINE_CURVE_WITH_KNOTS('',3,(#3037,#3038,#3039,#3040),
  .UNSPECIFIED.,.F.,.F.,(4,4),(0.,1.),.PIECEWISE_BEZIER_KNOTS.);
#3037 = CARTESIAN_POINT('',(-108.9951084148,19.69603218433,24.25));
#3038 = CARTESIAN_POINT('',(-108.3992899372,12.127610077386,24.25));
#3039 = CARTESIAN_POINT('',(-107.3226648315,4.742084036822,24.25));
#3040 = CARTESIAN_POINT('',(-104.8922500592,-2.409637404928,24.25));
#3041 = VECTOR('',#3042,1.);
#3042 = DIRECTION('',(-0.,-0.,-1.));
#3043 = ADVANCED_FACE('',(#3044),#3063,.F.);
#3044 = FACE_BOUND('',#3045,.F.);
#3045 = EDGE_LOOP('',(#3046,#3055,#3061,#3062));
#3046 = ORIENTED_EDGE('',*,*,#3047,.F.);
#3047 = EDGE_CURVE('',#3048,#3020,#3050,.T.);
#3048 = VERTEX_POINT('',#3049);
#3049 = CARTESIAN_POINT('',(-110.1773209018,55.377341291362,24.25));
#3050 = B_SPLINE_CURVE_WITH_KNOTS('',3,(#3051,#3052,#3053,#3054),
  .UNSPECIFIED.,.F.,.F.,(4,4),(0.,1.),.PIECEWISE_BEZIER_KNOTS.);
#3051 = CARTESIAN_POINT('',(-110.1773209018,55.377341291362,24.25));
#3052 = CARTESIAN_POINT('',(-110.0623064065,44.343363370631,24.25));
#3053 = CARTESIAN_POINT('',(-109.9039240116,31.252295505736,24.25));
#3054 = CARTESIAN_POINT('',(-108.9951084148,19.69603218433,24.25));
#3055 = ORIENTED_EDGE('',*,*,#3056,.T.);
#3056 = EDGE_CURVE('',#3048,#2659,#3057,.T.);
#3057 = LINE('',#3058,#3059);
#3058 = CARTESIAN_POINT('',(-110.1773209018,55.377341291362,24.25));
#3059 = VECTOR('',#3060,1.);
#3060 = DIRECTION('',(0.,0.,1.));
#3061 = ORIENTED_EDGE('',*,*,#2667,.T.);
#3062 = ORIENTED_EDGE('',*,*,#3028,.F.);
#3063 = SURFACE_OF_LINEAR_EXTRUSION('',#3064,#3069);
#3064 = B_SPLINE_CURVE_WITH_KNOTS('',3,(#3065,#3066,#3067,#3068),
  .UNSPECIFIED.,.F.,.F.,(4,4),(0.,1.),.PIECEWISE_BEZIER_KNOTS.);
#3065 = CARTESIAN_POINT('',(-110.1773209018,55.377341291362,24.25));
#3066 = CARTESIAN_POINT('',(-110.0623064065,44.343363370631,24.25));
#3067 = CARTESIAN_POINT('',(-109.9039240116,31.252295505736,24.25));
#3068 = CARTESIAN_POINT('',(-108.9951084148,19.69603218433,24.25));
#3069 = VECTOR('',#3070,1.);
#3070 = DIRECTION('',(-0.,-0.,-1.));
#3071 = ADVANCED_FACE('',(#3072),#3089,.F.);
#3072 = FACE_BOUND('',#3073,.F.);
#3073 = EDGE_LOOP('',(#3074,#3081,#3082));
#3074 = ORIENTED_EDGE('',*,*,#3075,.F.);
#3075 = EDGE_CURVE('',#2650,#3076,#3078,.T.);
#3076 = VERTEX_POINT('',#3077);
#3077 = CARTESIAN_POINT('',(-108.4996761038,19.929544581771,216.55));
#3078 = B_SPLINE_CURVE_WITH_KNOTS('',1,(#3079,#3080),.UNSPECIFIED.,.F.,
  .F.,(2,2),(0.,0.6),.PIECEWISE_BEZIER_KNOTS.);
#3079 = CARTESIAN_POINT('',(-108.4996761038,19.929544581771,215.95));
#3080 = CARTESIAN_POINT('',(-108.4996761038,19.929544581771,216.55));
#3081 = ORIENTED_EDGE('',*,*,#2658,.F.);
#3082 = ORIENTED_EDGE('',*,*,#3083,.T.);
#3083 = EDGE_CURVE('',#2659,#3076,#3084,.T.);
#3084 = B_SPLINE_CURVE_WITH_KNOTS('',3,(#3085,#3086,#3087,#3088),
  .UNSPECIFIED.,.F.,.F.,(4,4),(0.,1.),.PIECEWISE_BEZIER_KNOTS.);
#3085 = CARTESIAN_POINT('',(-109.6765148978,55.426934439843,216.55));
#3086 = CARTESIAN_POINT('',(-109.5620231956,44.449831140111,216.55));
#3087 = CARTESIAN_POINT('',(-109.4043607206,31.426241162942,216.55));
#3088 = CARTESIAN_POINT('',(-108.4996761038,19.929544581771,216.55));
#3089 = B_SPLINE_SURFACE_WITH_KNOTS('',3,1,(
    (#3090,#3091)
    ,(#3092,#3093)
    ,(#3094,#3095)
    ,(#3096,#3097
    )),.UNSPECIFIED.,.F.,.F.,.F.,(4,4),(2,2),(0.,1.),(-0.6,0.),
  .PIECEWISE_BEZIER_KNOTS.);
#3090 = CARTESIAN_POINT('',(-109.6765148978,55.426934439843,216.55));
#3091 = CARTESIAN_POINT('',(-109.6765148978,55.426934439843,215.95));
#3092 = CARTESIAN_POINT('',(-109.5620231956,44.449831140111,216.55));
#3093 = CARTESIAN_POINT('',(-109.5620231956,44.449831140111,215.95));
#3094 = CARTESIAN_POINT('',(-109.4043607206,31.426241162942,216.55));
#3095 = CARTESIAN_POINT('',(-109.4043607206,31.426241162942,215.95));
#3096 = CARTESIAN_POINT('',(-108.4996761038,19.929544581771,216.55));
#3097 = CARTESIAN_POINT('',(-108.4996761038,19.929544581771,215.95));
#3098 = ADVANCED_FACE('',(#3099),#3117,.F.);
#3099 = FACE_BOUND('',#3100,.F.);
#3100 = EDGE_LOOP('',(#3101,#3102,#3111,#3116));
#3101 = ORIENTED_EDGE('',*,*,#3075,.T.);
#3102 = ORIENTED_EDGE('',*,*,#3103,.T.);
#3103 = EDGE_CURVE('',#3076,#3104,#3106,.T.);
#3104 = VERTEX_POINT('',#3105);
#3105 = CARTESIAN_POINT('',(-104.4154671043,-2.062181370037,216.55));
#3106 = B_SPLINE_CURVE_WITH_KNOTS('',3,(#3107,#3108,#3109,#3110),
  .UNSPECIFIED.,.F.,.F.,(4,4),(0.,1.),.PIECEWISE_BEZIER_KNOTS.);
#3107 = CARTESIAN_POINT('',(-108.4996761038,19.929544581771,216.55));
#3108 = CARTESIAN_POINT('',(-107.906565892,12.400133894099,216.55));
#3109 = CARTESIAN_POINT('',(-106.8348345368,5.052676535333,216.55));
#3110 = CARTESIAN_POINT('',(-104.4154671043,-2.062181370037,216.55));
#3111 = ORIENTED_EDGE('',*,*,#3112,.F.);
#3112 = EDGE_CURVE('',#2641,#3104,#3113,.T.);
#3113 = B_SPLINE_CURVE_WITH_KNOTS('',1,(#3114,#3115),.UNSPECIFIED.,.F.,
  .F.,(2,2),(0.,0.6),.PIECEWISE_BEZIER_KNOTS.);
#3114 = CARTESIAN_POINT('',(-104.4154671043,-2.062181370037,215.95));
#3115 = CARTESIAN_POINT('',(-104.4154671043,-2.062181370037,216.55));
#3116 = ORIENTED_EDGE('',*,*,#2649,.F.);
#3117 = B_SPLINE_SURFACE_WITH_KNOTS('',3,1,(
    (#3118,#3119)
    ,(#3120,#3121)
    ,(#3122,#3123)
    ,(#3124,#3125
    )),.UNSPECIFIED.,.F.,.F.,.F.,(4,4),(2,2),(0.,1.),(-0.6,0.),
  .PIECEWISE_BEZIER_KNOTS.);
#3118 = CARTESIAN_POINT('',(-108.4996761038,19.929544581771,216.55));
#3119 = CARTESIAN_POINT('',(-108.4996761038,19.929544581771,215.95));
#3120 = CARTESIAN_POINT('',(-107.906565892,12.400133894099,216.55));
#3121 = CARTESIAN_POINT('',(-107.906565892,12.400133894099,215.95));
#3122 = CARTESIAN_POINT('',(-106.8348345368,5.052676535333,216.55));
#3123 = CARTESIAN_POINT('',(-106.8348345368,5.052676535333,215.95));
#3124 = CARTESIAN_POINT('',(-104.4154671043,-2.062181370037,216.55));
#3125 = CARTESIAN_POINT('',(-104.4154671043,-2.062181370037,215.95));
#3126 = ADVANCED_FACE('',(#3127),#3145,.F.);
#3127 = FACE_BOUND('',#3128,.F.);
#3128 = EDGE_LOOP('',(#3129,#3130,#3139,#3144));
#3129 = ORIENTED_EDGE('',*,*,#3112,.T.);
#3130 = ORIENTED_EDGE('',*,*,#3131,.T.);
#3131 = EDGE_CURVE('',#3104,#3132,#3134,.T.);
#3132 = VERTEX_POINT('',#3133);
#3133 = CARTESIAN_POINT('',(-87.74265182193,-22.72397341637,216.55));
#3134 = B_SPLINE_CURVE_WITH_KNOTS('',3,(#3135,#3136,#3137,#3138),
  .UNSPECIFIED.,.F.,.F.,(4,4),(0.,1.),.PIECEWISE_BEZIER_KNOTS.);
#3135 = CARTESIAN_POINT('',(-104.4154671043,-2.062181370037,216.55));
#3136 = CARTESIAN_POINT('',(-101.3410475265,-11.10596935153,216.55));
#3137 = CARTESIAN_POINT('',(-95.78344067656,-17.99323950877,216.55));
#3138 = CARTESIAN_POINT('',(-87.74265182193,-22.72397341637,216.55));
#3139 = ORIENTED_EDGE('',*,*,#3140,.F.);
#3140 = EDGE_CURVE('',#2632,#3132,#3141,.T.);
#3141 = B_SPLINE_CURVE_WITH_KNOTS('',1,(#3142,#3143),.UNSPECIFIED.,.F.,
  .F.,(2,2),(0.,0.6),.PIECEWISE_BEZIER_KNOTS.);
#3142 = CARTESIAN_POINT('',(-87.74265182193,-22.72397341637,215.95));
#3143 = CARTESIAN_POINT('',(-87.74265182193,-22.72397341637,216.55));
#3144 = ORIENTED_EDGE('',*,*,#2640,.F.);
#3145 = B_SPLINE_SURFACE_WITH_KNOTS('',3,1,(
    (#3146,#3147)
    ,(#3148,#3149)
    ,(#3150,#3151)
    ,(#3152,#3153
    )),.UNSPECIFIED.,.F.,.F.,.F.,(4,4),(2,2),(0.,1.),(-0.6,0.),
  .PIECEWISE_BEZIER_KNOTS.);
#3146 = CARTESIAN_POINT('',(-104.4154671043,-2.062181370037,216.55));
#3147 = CARTESIAN_POINT('',(-104.4154671043,-2.062181370037,215.95));
#3148 = CARTESIAN_POINT('',(-101.3410475265,-11.10596935153,216.55));
#3149 = CARTESIAN_POINT('',(-101.3410475265,-11.10596935153,215.95));
#3150 = CARTESIAN_POINT('',(-95.78344067656,-17.99323950877,216.55));
#3151 = CARTESIAN_POINT('',(-95.78344067656,-17.99323950877,215.95));
#3152 = CARTESIAN_POINT('',(-87.74265182193,-22.72397341637,216.55));
#3153 = CARTESIAN_POINT('',(-87.74265182193,-22.72397341637,215.95));
#3154 = ADVANCED_FACE('',(#3155),#3173,.F.);
#3155 = FACE_BOUND('',#3156,.F.);
#3156 = EDGE_LOOP('',(#3157,#3158,#3167,#3172));
#3157 = ORIENTED_EDGE('',*,*,#3140,.T.);
#3158 = ORIENTED_EDGE('',*,*,#3159,.T.);
#3159 = EDGE_CURVE('',#3132,#3160,#3162,.T.);
#3160 = VERTEX_POINT('',#3161);
#3161 = CARTESIAN_POINT('',(-60.36755150445,-29.68126794083,216.55));
#3162 = B_SPLINE_CURVE_WITH_KNOTS('',3,(#3163,#3164,#3165,#3166),
  .UNSPECIFIED.,.F.,.F.,(4,4),(0.,1.),.PIECEWISE_BEZIER_KNOTS.);
#3163 = CARTESIAN_POINT('',(-87.74265182193,-22.72397341637,216.55));
#3164 = CARTESIAN_POINT('',(-79.51228925558,-27.56913160948,216.55));
#3165 = CARTESIAN_POINT('',(-69.7165641098,-28.86905319172,216.55));
#3166 = CARTESIAN_POINT('',(-60.36755150445,-29.68126794083,216.55));
#3167 = ORIENTED_EDGE('',*,*,#3168,.F.);
#3168 = EDGE_CURVE('',#2623,#3160,#3169,.T.);
#3169 = B_SPLINE_CURVE_WITH_KNOTS('',1,(#3170,#3171),.UNSPECIFIED.,.F.,
  .F.,(2,2),(0.,0.6),.PIECEWISE_BEZIER_KNOTS.);
#3170 = CARTESIAN_POINT('',(-60.36755150445,-29.68126794083,215.95));
#3171 = CARTESIAN_POINT('',(-60.36755150445,-29.68126794083,216.55));
#3172 = ORIENTED_EDGE('',*,*,#2631,.F.);
#3173 = B_SPLINE_SURFACE_WITH_KNOTS('',3,1,(
    (#3174,#3175)
    ,(#3176,#3177)
    ,(#3178,#3179)
    ,(#3180,#3181
    )),.UNSPECIFIED.,.F.,.F.,.F.,(4,4),(2,2),(0.,1.),(-0.6,0.),
  .PIECEWISE_BEZIER_KNOTS.);
#3174 = CARTESIAN_POINT('',(-87.74265182193,-22.72397341637,216.55));
#3175 = CARTESIAN_POINT('',(-87.74265182193,-22.72397341637,215.95));
#3176 = CARTESIAN_POINT('',(-79.51228925558,-27.56913160948,216.55));
#3177 = CARTESIAN_POINT('',(-79.51228925558,-27.56913160948,215.95));
#3178 = CARTESIAN_POINT('',(-69.7165641098,-28.86905319172,216.55));
#3179 = CARTESIAN_POINT('',(-69.7165641098,-28.86905319172,215.95));
#3180 = CARTESIAN_POINT('',(-60.36755150445,-29.68126794083,216.55));
#3181 = CARTESIAN_POINT('',(-60.36755150445,-29.68126794083,215.95));
#3182 = ADVANCED_FACE('',(#3183),#3201,.F.);
#3183 = FACE_BOUND('',#3184,.F.);
#3184 = EDGE_LOOP('',(#3185,#3186,#3195,#3200));
#3185 = ORIENTED_EDGE('',*,*,#3168,.T.);
#3186 = ORIENTED_EDGE('',*,*,#3187,.T.);
#3187 = EDGE_CURVE('',#3160,#3188,#3190,.T.);
#3188 = VERTEX_POINT('',#3189);
#3189 = CARTESIAN_POINT('',(-47.97977846913,-30.4728488887,216.55));
#3190 = B_SPLINE_CURVE_WITH_KNOTS('',3,(#3191,#3192,#3193,#3194),
  .UNSPECIFIED.,.F.,.F.,(4,4),(0.,1.),.PIECEWISE_BEZIER_KNOTS.);
#3191 = CARTESIAN_POINT('',(-60.36755150445,-29.68126794083,216.55));
#3192 = CARTESIAN_POINT('',(-56.67749474155,-30.00264617323,216.55));
#3193 = CARTESIAN_POINT('',(-52.5482370631,-30.26651350838,216.55));
#3194 = CARTESIAN_POINT('',(-47.97977846913,-30.4728488887,216.55));
#3195 = ORIENTED_EDGE('',*,*,#3196,.F.);
#3196 = EDGE_CURVE('',#2614,#3188,#3197,.T.);
#3197 = B_SPLINE_CURVE_WITH_KNOTS('',1,(#3198,#3199),.UNSPECIFIED.,.F.,
  .F.,(2,2),(0.,0.6),.PIECEWISE_BEZIER_KNOTS.);
#3198 = CARTESIAN_POINT('',(-47.97977846913,-30.4728488887,215.95));
#3199 = CARTESIAN_POINT('',(-47.97977846913,-30.4728488887,216.55));
#3200 = ORIENTED_EDGE('',*,*,#2622,.F.);
#3201 = B_SPLINE_SURFACE_WITH_KNOTS('',3,1,(
    (#3202,#3203)
    ,(#3204,#3205)
    ,(#3206,#3207)
    ,(#3208,#3209
    )),.UNSPECIFIED.,.F.,.F.,.F.,(4,4),(2,2),(0.,1.),(-0.6,0.),
  .PIECEWISE_BEZIER_KNOTS.);
#3202 = CARTESIAN_POINT('',(-60.36755150445,-29.68126794083,216.55));
#3203 = CARTESIAN_POINT('',(-60.36755150445,-29.68126794083,215.95));
#3204 = CARTESIAN_POINT('',(-56.67749474155,-30.00264617323,216.55));
#3205 = CARTESIAN_POINT('',(-56.67749474155,-30.00264617323,215.95));
#3206 = CARTESIAN_POINT('',(-52.5482370631,-30.26651350838,216.55));
#3207 = CARTESIAN_POINT('',(-52.5482370631,-30.26651350838,215.95));
#3208 = CARTESIAN_POINT('',(-47.97977846913,-30.4728488887,216.55));
#3209 = CARTESIAN_POINT('',(-47.97977846913,-30.4728488887,215.95));
#3210 = ADVANCED_FACE('',(#3211),#3229,.F.);
#3211 = FACE_BOUND('',#3212,.F.);
#3212 = EDGE_LOOP('',(#3213,#3214,#3223,#3228));
#3213 = ORIENTED_EDGE('',*,*,#3196,.T.);
#3214 = ORIENTED_EDGE('',*,*,#3215,.T.);
#3215 = EDGE_CURVE('',#3188,#3216,#3218,.T.);
#3216 = VERTEX_POINT('',#3217);
#3217 = CARTESIAN_POINT('',(-6.443828198344E-02,-31.4976662819,216.55));
#3218 = B_SPLINE_CURVE_WITH_KNOTS('',3,(#3219,#3220,#3221,#3222),
  .UNSPECIFIED.,.F.,.F.,(4,4),(0.,1.),.PIECEWISE_BEZIER_KNOTS.);
#3219 = CARTESIAN_POINT('',(-47.97977846913,-30.4728488887,216.55));
#3220 = CARTESIAN_POINT('',(-33.05814366537,-31.14563873432,216.55));
#3221 = CARTESIAN_POINT('',(-17.76299858081,-31.49261246147,216.55));
#3222 = CARTESIAN_POINT('',(-6.443828198344E-02,-31.4976662819,216.55));
#3223 = ORIENTED_EDGE('',*,*,#3224,.F.);
#3224 = EDGE_CURVE('',#2605,#3216,#3225,.T.);
#3225 = B_SPLINE_CURVE_WITH_KNOTS('',1,(#3226,#3227),.UNSPECIFIED.,.F.,
  .F.,(2,2),(0.,0.6),.PIECEWISE_BEZIER_KNOTS.);
#3226 = CARTESIAN_POINT('',(-6.443828198344E-02,-31.4976662819,215.95));
#3227 = CARTESIAN_POINT('',(-6.443828198344E-02,-31.4976662819,216.55));
#3228 = ORIENTED_EDGE('',*,*,#2613,.F.);
#3229 = B_SPLINE_SURFACE_WITH_KNOTS('',3,1,(
    (#3230,#3231)
    ,(#3232,#3233)
    ,(#3234,#3235)
    ,(#3236,#3237
    )),.UNSPECIFIED.,.F.,.F.,.F.,(4,4),(2,2),(0.,1.),(-0.6,0.),
  .PIECEWISE_BEZIER_KNOTS.);
#3230 = CARTESIAN_POINT('',(-47.97977846913,-30.4728488887,216.55));
#3231 = CARTESIAN_POINT('',(-47.97977846913,-30.4728488887,215.95));
#3232 = CARTESIAN_POINT('',(-33.05814366537,-31.14563873432,216.55));
#3233 = CARTESIAN_POINT('',(-33.05814366537,-31.14563873432,215.95));
#3234 = CARTESIAN_POINT('',(-17.76299858081,-31.49261246147,216.55));
#3235 = CARTESIAN_POINT('',(-17.76299858081,-31.49261246147,215.95));
#3236 = CARTESIAN_POINT('',(-6.443828198344E-02,-31.4976662819,216.55));
#3237 = CARTESIAN_POINT('',(-6.443828198344E-02,-31.4976662819,215.95));
#3238 = ADVANCED_FACE('',(#3239),#3257,.F.);
#3239 = FACE_BOUND('',#3240,.F.);
#3240 = EDGE_LOOP('',(#3241,#3242,#3251,#3256));
#3241 = ORIENTED_EDGE('',*,*,#3224,.T.);
#3242 = ORIENTED_EDGE('',*,*,#3243,.T.);
#3243 = EDGE_CURVE('',#3216,#3244,#3246,.T.);
#3244 = VERTEX_POINT('',#3245);
#3245 = CARTESIAN_POINT('',(48.023578722348,-30.49535944722,216.55));
#3246 = B_SPLINE_CURVE_WITH_KNOTS('',3,(#3247,#3248,#3249,#3250),
  .UNSPECIFIED.,.F.,.F.,(4,4),(0.,1.),.PIECEWISE_BEZIER_KNOTS.);
#3247 = CARTESIAN_POINT('',(-6.443828198344E-02,-31.4976662819,216.55));
#3248 = CARTESIAN_POINT('',(17.634122064261,-31.50265692959,216.55));
#3249 = CARTESIAN_POINT('',(32.955543613416,-31.16314021978,216.55));
#3250 = CARTESIAN_POINT('',(48.023578722348,-30.49535944722,216.55));
#3251 = ORIENTED_EDGE('',*,*,#3252,.F.);
#3252 = EDGE_CURVE('',#2596,#3244,#3253,.T.);
#3253 = B_SPLINE_CURVE_WITH_KNOTS('',1,(#3254,#3255),.UNSPECIFIED.,.F.,
  .F.,(2,2),(0.,0.6),.PIECEWISE_BEZIER_KNOTS.);
#3254 = CARTESIAN_POINT('',(48.023578722348,-30.49535944722,215.95));
#3255 = CARTESIAN_POINT('',(48.023578722348,-30.49535944722,216.55));
#3256 = ORIENTED_EDGE('',*,*,#2604,.F.);
#3257 = B_SPLINE_SURFACE_WITH_KNOTS('',3,1,(
    (#3258,#3259)
    ,(#3260,#3261)
    ,(#3262,#3263)
    ,(#3264,#3265
    )),.UNSPECIFIED.,.F.,.F.,.F.,(4,4),(2,2),(0.,1.),(-0.6,0.),
  .PIECEWISE_BEZIER_KNOTS.);
#3258 = CARTESIAN_POINT('',(-6.443828198344E-02,-31.4976662819,216.55));
#3259 = CARTESIAN_POINT('',(-6.443828198344E-02,-31.4976662819,215.95));
#3260 = CARTESIAN_POINT('',(17.634122064261,-31.50265692959,216.55));
#3261 = CARTESIAN_POINT('',(17.634122064261,-31.50265692959,215.95));
#3262 = CARTESIAN_POINT('',(32.955543613416,-31.16314021978,216.55));
#3263 = CARTESIAN_POINT('',(32.955543613416,-31.16314021978,215.95));
#3264 = CARTESIAN_POINT('',(48.023578722348,-30.49535944722,216.55));
#3265 = CARTESIAN_POINT('',(48.023578722348,-30.49535944722,215.95));
#3266 = ADVANCED_FACE('',(#3267),#3285,.F.);
#3267 = FACE_BOUND('',#3268,.F.);
#3268 = EDGE_LOOP('',(#3269,#3270,#3279,#3284));
#3269 = ORIENTED_EDGE('',*,*,#3252,.T.);
#3270 = ORIENTED_EDGE('',*,*,#3271,.T.);
#3271 = EDGE_CURVE('',#3244,#3272,#3274,.T.);
#3272 = VERTEX_POINT('',#3273);
#3273 = CARTESIAN_POINT('',(72.566382942362,-28.11686045688,216.55));
#3274 = B_SPLINE_CURVE_WITH_KNOTS('',3,(#3275,#3276,#3277,#3278),
  .UNSPECIFIED.,.F.,.F.,(4,4),(0.,1.),.PIECEWISE_BEZIER_KNOTS.);
#3275 = CARTESIAN_POINT('',(48.023578722348,-30.49535944722,216.55));
#3276 = CARTESIAN_POINT('',(56.107538349706,-30.13708306124,216.55));
#3277 = CARTESIAN_POINT('',(64.534978351247,-29.5762248095,216.55));
#3278 = CARTESIAN_POINT('',(72.566382942362,-28.11686045688,216.55));
#3279 = ORIENTED_EDGE('',*,*,#3280,.F.);
#3280 = EDGE_CURVE('',#2587,#3272,#3281,.T.);
#3281 = B_SPLINE_CURVE_WITH_KNOTS('',1,(#3282,#3283),.UNSPECIFIED.,.F.,
  .F.,(2,2),(0.,0.6),.PIECEWISE_BEZIER_KNOTS.);
#3282 = CARTESIAN_POINT('',(72.566382942362,-28.11686045688,215.95));
#3283 = CARTESIAN_POINT('',(72.566382942362,-28.11686045688,216.55));
#3284 = ORIENTED_EDGE('',*,*,#2595,.F.);
#3285 = B_SPLINE_SURFACE_WITH_KNOTS('',3,1,(
    (#3286,#3287)
    ,(#3288,#3289)
    ,(#3290,#3291)
    ,(#3292,#3293
    )),.UNSPECIFIED.,.F.,.F.,.F.,(4,4),(2,2),(0.,1.),(-0.6,0.),
  .PIECEWISE_BEZIER_KNOTS.);
#3286 = CARTESIAN_POINT('',(48.023578722348,-30.49535944722,216.55));
#3287 = CARTESIAN_POINT('',(48.023578722348,-30.49535944722,215.95));
#3288 = CARTESIAN_POINT('',(56.107538349706,-30.13708306124,216.55));
#3289 = CARTESIAN_POINT('',(56.107538349706,-30.13708306124,215.95));
#3290 = CARTESIAN_POINT('',(64.534978351247,-29.5762248095,216.55));
#3291 = CARTESIAN_POINT('',(64.534978351247,-29.5762248095,215.95));
#3292 = CARTESIAN_POINT('',(72.566382942362,-28.11686045688,216.55));
#3293 = CARTESIAN_POINT('',(72.566382942362,-28.11686045688,215.95));
#3294 = ADVANCED_FACE('',(#3295),#3313,.F.);
#3295 = FACE_BOUND('',#3296,.F.);
#3296 = EDGE_LOOP('',(#3297,#3298,#3307,#3312));
#3297 = ORIENTED_EDGE('',*,*,#3280,.T.);
#3298 = ORIENTED_EDGE('',*,*,#3299,.T.);
#3299 = EDGE_CURVE('',#3272,#3300,#3302,.T.);
#3300 = VERTEX_POINT('',#3301);
#3301 = CARTESIAN_POINT('',(94.594096554783,-17.61808283609,216.55));
#3302 = B_SPLINE_CURVE_WITH_KNOTS('',3,(#3303,#3304,#3305,#3306),
  .UNSPECIFIED.,.F.,.F.,(4,4),(0.,1.),.PIECEWISE_BEZIER_KNOTS.);
#3303 = CARTESIAN_POINT('',(72.566382942362,-28.11686045688,216.55));
#3304 = CARTESIAN_POINT('',(80.806129772221,-26.61810789124,216.55));
#3305 = CARTESIAN_POINT('',(88.43023941698,-23.40113271091,216.55));
#3306 = CARTESIAN_POINT('',(94.594096554783,-17.61808283609,216.55));
#3307 = ORIENTED_EDGE('',*,*,#3308,.F.);
#3308 = EDGE_CURVE('',#2578,#3300,#3309,.T.);
#3309 = B_SPLINE_CURVE_WITH_KNOTS('',1,(#3310,#3311),.UNSPECIFIED.,.F.,
  .F.,(2,2),(0.,0.6),.PIECEWISE_BEZIER_KNOTS.);
#3310 = CARTESIAN_POINT('',(94.594096554783,-17.61808283609,215.95));
#3311 = CARTESIAN_POINT('',(94.594096554783,-17.61808283609,216.55));
#3312 = ORIENTED_EDGE('',*,*,#2586,.F.);
#3313 = B_SPLINE_SURFACE_WITH_KNOTS('',3,1,(
    (#3314,#3315)
    ,(#3316,#3317)
    ,(#3318,#3319)
    ,(#3320,#3321
    )),.UNSPECIFIED.,.F.,.F.,.F.,(4,4),(2,2),(0.,1.),(-0.6,0.),
  .PIECEWISE_BEZIER_KNOTS.);
#3314 = CARTESIAN_POINT('',(72.566382942362,-28.11686045688,216.55));
#3315 = CARTESIAN_POINT('',(72.566382942362,-28.11686045688,215.95));
#3316 = CARTESIAN_POINT('',(80.806129772221,-26.61810789124,216.55));
#3317 = CARTESIAN_POINT('',(80.806129772221,-26.61810789124,215.95));
#3318 = CARTESIAN_POINT('',(88.43023941698,-23.40113271091,216.55));
#3319 = CARTESIAN_POINT('',(88.43023941698,-23.40113271091,215.95));
#3320 = CARTESIAN_POINT('',(94.594096554783,-17.61808283609,216.55));
#3321 = CARTESIAN_POINT('',(94.594096554783,-17.61808283609,215.95));
#3322 = ADVANCED_FACE('',(#3323),#3341,.F.);
#3323 = FACE_BOUND('',#3324,.F.);
#3324 = EDGE_LOOP('',(#3325,#3326,#3335,#3340));
#3325 = ORIENTED_EDGE('',*,*,#3308,.T.);
#3326 = ORIENTED_EDGE('',*,*,#3327,.T.);
#3327 = EDGE_CURVE('',#3300,#3328,#3330,.T.);
#3328 = VERTEX_POINT('',#3329);
#3329 = CARTESIAN_POINT('',(103.78544668521,-3.712874941346,216.55));
#3330 = B_SPLINE_CURVE_WITH_KNOTS('',3,(#3331,#3332,#3333,#3334),
  .UNSPECIFIED.,.F.,.F.,(4,4),(0.,1.),.PIECEWISE_BEZIER_KNOTS.);
#3331 = CARTESIAN_POINT('',(94.594096554783,-17.61808283609,216.55));
#3332 = CARTESIAN_POINT('',(98.635756360599,-13.82398505168,216.55));
#3333 = CARTESIAN_POINT('',(101.69955378439,-9.188915753433,216.55));
#3334 = CARTESIAN_POINT('',(103.78544668521,-3.712874941346,216.55));
#3335 = ORIENTED_EDGE('',*,*,#3336,.F.);
#3336 = EDGE_CURVE('',#2569,#3328,#3337,.T.);
#3337 = B_SPLINE_CURVE_WITH_KNOTS('',1,(#3338,#3339),.UNSPECIFIED.,.F.,
  .F.,(2,2),(0.,0.6),.PIECEWISE_BEZIER_KNOTS.);
#3338 = CARTESIAN_POINT('',(103.78544668521,-3.712874941346,215.95));
#3339 = CARTESIAN_POINT('',(103.78544668521,-3.712874941346,216.55));
#3340 = ORIENTED_EDGE('',*,*,#2577,.F.);
#3341 = B_SPLINE_SURFACE_WITH_KNOTS('',3,1,(
    (#3342,#3343)
    ,(#3344,#3345)
    ,(#3346,#3347)
    ,(#3348,#3349
    )),.UNSPECIFIED.,.F.,.F.,.F.,(4,4),(2,2),(0.,1.),(-0.6,0.),
  .PIECEWISE_BEZIER_KNOTS.);
#3342 = CARTESIAN_POINT('',(94.594096554783,-17.61808283609,216.55));
#3343 = CARTESIAN_POINT('',(94.594096554783,-17.61808283609,215.95));
#3344 = CARTESIAN_POINT('',(98.635756360599,-13.82398505168,216.55));
#3345 = CARTESIAN_POINT('',(98.635756360599,-13.82398505168,215.95));
#3346 = CARTESIAN_POINT('',(101.69955378439,-9.188915753433,216.55));
#3347 = CARTESIAN_POINT('',(101.69955378439,-9.188915753433,215.95));
#3348 = CARTESIAN_POINT('',(103.78544668521,-3.712874941346,216.55));
#3349 = CARTESIAN_POINT('',(103.78544668521,-3.712874941346,215.95));
#3350 = ADVANCED_FACE('',(#3351),#3369,.F.);
#3351 = FACE_BOUND('',#3352,.F.);
#3352 = EDGE_LOOP('',(#3353,#3354,#3363,#3368));
#3353 = ORIENTED_EDGE('',*,*,#3336,.T.);
#3354 = ORIENTED_EDGE('',*,*,#3355,.T.);
#3355 = EDGE_CURVE('',#3328,#3356,#3358,.T.);
#3356 = VERTEX_POINT('',#3357);
#3357 = CARTESIAN_POINT('',(108.19249225943,16.832618694389,216.55));
#3358 = B_SPLINE_CURVE_WITH_KNOTS('',3,(#3359,#3360,#3361,#3362),
  .UNSPECIFIED.,.F.,.F.,(4,4),(0.,1.),.PIECEWISE_BEZIER_KNOTS.);
#3359 = CARTESIAN_POINT('',(103.78544668521,-3.712874941346,216.55));
#3360 = CARTESIAN_POINT('',(106.30241783283,2.899275233679,216.55));
#3361 = CARTESIAN_POINT('',(107.49990306001,9.747773112258,216.55));
#3362 = CARTESIAN_POINT('',(108.19249225943,16.832618694389,216.55));
#3363 = ORIENTED_EDGE('',*,*,#3364,.F.);
#3364 = EDGE_CURVE('',#2560,#3356,#3365,.T.);
#3365 = B_SPLINE_CURVE_WITH_KNOTS('',1,(#3366,#3367),.UNSPECIFIED.,.F.,
  .F.,(2,2),(0.,0.6),.PIECEWISE_BEZIER_KNOTS.);
#3366 = CARTESIAN_POINT('',(108.19249225943,16.832618694389,215.95));
#3367 = CARTESIAN_POINT('',(108.19249225943,16.832618694389,216.55));
#3368 = ORIENTED_EDGE('',*,*,#2568,.F.);
#3369 = B_SPLINE_SURFACE_WITH_KNOTS('',3,1,(
    (#3370,#3371)
    ,(#3372,#3373)
    ,(#3374,#3375)
    ,(#3376,#3377
    )),.UNSPECIFIED.,.F.,.F.,.F.,(4,4),(2,2),(0.,1.),(-0.6,0.),
  .PIECEWISE_BEZIER_KNOTS.);
#3370 = CARTESIAN_POINT('',(103.78544668521,-3.712874941346,216.55));
#3371 = CARTESIAN_POINT('',(103.78544668521,-3.712874941346,215.95));
#3372 = CARTESIAN_POINT('',(106.30241783283,2.899275233679,216.55));
#3373 = CARTESIAN_POINT('',(106.30241783283,2.899275233679,215.95));
#3374 = CARTESIAN_POINT('',(107.49990306001,9.747773112258,216.55));
#3375 = CARTESIAN_POINT('',(107.49990306001,9.747773112258,215.95));
#3376 = CARTESIAN_POINT('',(108.19249225943,16.832618694389,216.55));
#3377 = CARTESIAN_POINT('',(108.19249225943,16.832618694389,215.95));
#3378 = ADVANCED_FACE('',(#3379),#3397,.F.);
#3379 = FACE_BOUND('',#3380,.F.);
#3380 = EDGE_LOOP('',(#3381,#3382,#3391,#3396));
#3381 = ORIENTED_EDGE('',*,*,#3364,.T.);
#3382 = ORIENTED_EDGE('',*,*,#3383,.T.);
#3383 = EDGE_CURVE('',#3356,#3384,#3386,.T.);
#3384 = VERTEX_POINT('',#3385);
#3385 = CARTESIAN_POINT('',(109.4312677193,40.373745968527,216.55));
#3386 = B_SPLINE_CURVE_WITH_KNOTS('',3,(#3387,#3388,#3389,#3390),
  .UNSPECIFIED.,.F.,.F.,(4,4),(0.,1.),.PIECEWISE_BEZIER_KNOTS.);
#3387 = CARTESIAN_POINT('',(108.19249225943,16.832618694389,216.55));
#3388 = CARTESIAN_POINT('',(108.93012750401,24.386414065668,216.55));
#3389 = CARTESIAN_POINT('',(109.2998827625,32.519824732665,216.55));
#3390 = CARTESIAN_POINT('',(109.4312677193,40.373745968527,216.55));
#3391 = ORIENTED_EDGE('',*,*,#3392,.F.);
#3392 = EDGE_CURVE('',#2551,#3384,#3393,.T.);
#3393 = B_SPLINE_CURVE_WITH_KNOTS('',1,(#3394,#3395),.UNSPECIFIED.,.F.,
  .F.,(2,2),(0.,0.6),.PIECEWISE_BEZIER_KNOTS.);
#3394 = CARTESIAN_POINT('',(109.4312677193,40.373745968527,215.95));
#3395 = CARTESIAN_POINT('',(109.4312677193,40.373745968527,216.55));
#3396 = ORIENTED_EDGE('',*,*,#2559,.F.);
#3397 = B_SPLINE_SURFACE_WITH_KNOTS('',3,1,(
    (#3398,#3399)
    ,(#3400,#3401)
    ,(#3402,#3403)
    ,(#3404,#3405
    )),.UNSPECIFIED.,.F.,.F.,.F.,(4,4),(2,2),(0.,1.),(-0.6,0.),
  .PIECEWISE_BEZIER_KNOTS.);
#3398 = CARTESIAN_POINT('',(108.19249225943,16.832618694389,216.55));
#3399 = CARTESIAN_POINT('',(108.19249225943,16.832618694389,215.95));
#3400 = CARTESIAN_POINT('',(108.93012750401,24.386414065668,216.55));
#3401 = CARTESIAN_POINT('',(108.93012750401,24.386414065668,215.95));
#3402 = CARTESIAN_POINT('',(109.2998827625,32.519824732665,216.55));
#3403 = CARTESIAN_POINT('',(109.2998827625,32.519824732665,215.95));
#3404 = CARTESIAN_POINT('',(109.4312677193,40.373745968527,216.55));
#3405 = CARTESIAN_POINT('',(109.4312677193,40.373745968527,215.95));
#3406 = ADVANCED_FACE('',(#3407),#3418,.F.);
#3407 = FACE_BOUND('',#3408,.F.);
#3408 = EDGE_LOOP('',(#3409,#3410,#3417));
#3409 = ORIENTED_EDGE('',*,*,#3392,.T.);
#3410 = ORIENTED_EDGE('',*,*,#3411,.T.);
#3411 = EDGE_CURVE('',#3384,#2542,#3412,.T.);
#3412 = B_SPLINE_CURVE_WITH_KNOTS('',3,(#3413,#3414,#3415,#3416),
  .UNSPECIFIED.,.F.,.F.,(4,4),(0.,1.),.PIECEWISE_BEZIER_KNOTS.);
#3413 = CARTESIAN_POINT('',(109.4312677193,40.373745968527,216.55));
#3414 = CARTESIAN_POINT('',(109.5626553099,48.435876709782,216.55));
#3415 = CARTESIAN_POINT('',(109.68841971707,54.277077105998,216.55));
#3416 = CARTESIAN_POINT('',(109.71280879373,60.506566211435,216.55));
#3417 = ORIENTED_EDGE('',*,*,#2550,.F.);
#3418 = B_SPLINE_SURFACE_WITH_KNOTS('',3,1,(
    (#3419,#3420)
    ,(#3421,#3422)
    ,(#3423,#3424)
    ,(#3425,#3426
    )),.UNSPECIFIED.,.F.,.F.,.F.,(4,4),(2,2),(0.,1.),(-0.6,0.),
  .PIECEWISE_BEZIER_KNOTS.);
#3419 = CARTESIAN_POINT('',(109.4312677193,40.373745968527,216.55));
#3420 = CARTESIAN_POINT('',(109.4312677193,40.373745968527,215.95));
#3421 = CARTESIAN_POINT('',(109.5626553099,48.435876709782,216.55));
#3422 = CARTESIAN_POINT('',(109.5626553099,48.435876709782,215.95));
#3423 = CARTESIAN_POINT('',(109.68841971707,54.277077105998,216.55));
#3424 = CARTESIAN_POINT('',(109.68841971707,54.277077105998,215.95));
#3425 = CARTESIAN_POINT('',(109.71280879373,60.506566211435,216.55));
#3426 = CARTESIAN_POINT('',(109.71280879373,60.506566211435,215.95));
#3427 = ADVANCED_FACE('',(#3428),#3454,.F.);
#3428 = FACE_BOUND('',#3429,.F.);
#3429 = EDGE_LOOP('',(#3430,#3441,#3447,#3448));
#3430 = ORIENTED_EDGE('',*,*,#3431,.F.);
#3431 = EDGE_CURVE('',#3432,#3434,#3436,.T.);
#3432 = VERTEX_POINT('',#3433);
#3433 = CARTESIAN_POINT('',(109.93095387327,40.246159166733,24.25));
#3434 = VERTEX_POINT('',#3435);
#3435 = CARTESIAN_POINT('',(110.21378052338,60.483291675792,24.25));
#3436 = B_SPLINE_CURVE_WITH_KNOTS('',3,(#3437,#3438,#3439,#3440),
  .UNSPECIFIED.,.F.,.F.,(4,4),(0.,1.),.PIECEWISE_BEZIER_KNOTS.);
#3437 = CARTESIAN_POINT('',(109.93095387327,40.246159166733,24.25));
#3438 = CARTESIAN_POINT('',(110.06294140721,48.350061458992,24.25));
#3439 = CARTESIAN_POINT('',(110.18928008108,54.221526311107,24.25));
#3440 = CARTESIAN_POINT('',(110.21378052338,60.483291675792,24.25));
#3441 = ORIENTED_EDGE('',*,*,#3442,.T.);
#3442 = EDGE_CURVE('',#3432,#2533,#3443,.T.);
#3443 = LINE('',#3444,#3445);
#3444 = CARTESIAN_POINT('',(109.93095387327,40.246159166733,24.25));
#3445 = VECTOR('',#3446,1.);
#3446 = DIRECTION('',(0.,0.,1.));
#3447 = ORIENTED_EDGE('',*,*,#2541,.T.);
#3448 = ORIENTED_EDGE('',*,*,#3449,.F.);
#3449 = EDGE_CURVE('',#3434,#2542,#3450,.T.);
#3450 = LINE('',#3451,#3452);
#3451 = CARTESIAN_POINT('',(110.21378052338,60.483291675792,24.25));
#3452 = VECTOR('',#3453,1.);
#3453 = DIRECTION('',(0.,0.,1.));
#3454 = SURFACE_OF_LINEAR_EXTRUSION('',#3455,#3460);
#3455 = B_SPLINE_CURVE_WITH_KNOTS('',3,(#3456,#3457,#3458,#3459),
  .UNSPECIFIED.,.F.,.F.,(4,4),(0.,1.),.PIECEWISE_BEZIER_KNOTS.);
#3456 = CARTESIAN_POINT('',(109.93095387327,40.246159166733,24.25));
#3457 = CARTESIAN_POINT('',(110.06294140721,48.350061458992,24.25));
#3458 = CARTESIAN_POINT('',(110.18928008108,54.221526311107,24.25));
#3459 = CARTESIAN_POINT('',(110.21378052338,60.483291675792,24.25));
#3460 = VECTOR('',#3461,1.);
#3461 = DIRECTION('',(-0.,-0.,-1.));
#3462 = ADVANCED_FACE('',(#3463),#3482,.F.);
#3463 = FACE_BOUND('',#3464,.F.);
#3464 = EDGE_LOOP('',(#3465,#3474,#3480,#3481));
#3465 = ORIENTED_EDGE('',*,*,#3466,.F.);
#3466 = EDGE_CURVE('',#3467,#3432,#3469,.T.);
#3467 = VERTEX_POINT('',#3468);
#3468 = CARTESIAN_POINT('',(108.68652190445,16.583060489479,24.25));
#3469 = B_SPLINE_CURVE_WITH_KNOTS('',3,(#3470,#3471,#3472,#3473),
  .UNSPECIFIED.,.F.,.F.,(4,4),(0.,1.),.PIECEWISE_BEZIER_KNOTS.);
#3470 = CARTESIAN_POINT('',(108.68652190445,16.583060489479,24.25));
#3471 = CARTESIAN_POINT('',(109.42752534649,24.175993622071,24.25));
#3472 = CARTESIAN_POINT('',(109.79896898516,32.351545155969,24.25));
#3473 = CARTESIAN_POINT('',(109.93095387327,40.246159166733,24.25));
#3474 = ORIENTED_EDGE('',*,*,#3475,.T.);
#3475 = EDGE_CURVE('',#3467,#2524,#3476,.T.);
#3476 = LINE('',#3477,#3478);
#3477 = CARTESIAN_POINT('',(108.68652190445,16.583060489479,24.25));
#3478 = VECTOR('',#3479,1.);
#3479 = DIRECTION('',(0.,0.,1.));
#3480 = ORIENTED_EDGE('',*,*,#2532,.T.);
#3481 = ORIENTED_EDGE('',*,*,#3442,.F.);
#3482 = SURFACE_OF_LINEAR_EXTRUSION('',#3483,#3488);
#3483 = B_SPLINE_CURVE_WITH_KNOTS('',3,(#3484,#3485,#3486,#3487),
  .UNSPECIFIED.,.F.,.F.,(4,4),(0.,1.),.PIECEWISE_BEZIER_KNOTS.);
#3484 = CARTESIAN_POINT('',(108.68652190445,16.583060489479,24.25));
#3485 = CARTESIAN_POINT('',(109.42752534649,24.175993622071,24.25));
#3486 = CARTESIAN_POINT('',(109.79896898516,32.351545155969,24.25));
#3487 = CARTESIAN_POINT('',(109.93095387327,40.246159166733,24.25));
#3488 = VECTOR('',#3489,1.);
#3489 = DIRECTION('',(-0.,-0.,-1.));
#3490 = ADVANCED_FACE('',(#3491),#3510,.F.);
#3491 = FACE_BOUND('',#3492,.F.);
#3492 = EDGE_LOOP('',(#3493,#3502,#3508,#3509));
#3493 = ORIENTED_EDGE('',*,*,#3494,.F.);
#3494 = EDGE_CURVE('',#3495,#3467,#3497,.T.);
#3495 = VERTEX_POINT('',#3496);
#3496 = CARTESIAN_POINT('',(104.25935283445,-4.068883557796,24.25));
#3497 = B_SPLINE_CURVE_WITH_KNOTS('',3,(#3498,#3499,#3500,#3501),
  .UNSPECIFIED.,.F.,.F.,(4,4),(0.,1.),.PIECEWISE_BEZIER_KNOTS.);
#3498 = CARTESIAN_POINT('',(104.25935283445,-4.068883557796,24.25));
#3499 = CARTESIAN_POINT('',(106.78781700102,2.577525521872,24.25));
#3500 = CARTESIAN_POINT('',(107.99077019727,9.461506870963,24.25));
#3501 = CARTESIAN_POINT('',(108.68652190445,16.583060489479,24.25));
#3502 = ORIENTED_EDGE('',*,*,#3503,.T.);
#3503 = EDGE_CURVE('',#3495,#2515,#3504,.T.);
#3504 = LINE('',#3505,#3506);
#3505 = CARTESIAN_POINT('',(104.25935283445,-4.068883557796,24.25));
#3506 = VECTOR('',#3507,1.);
#3507 = DIRECTION('',(0.,0.,1.));
#3508 = ORIENTED_EDGE('',*,*,#2523,.T.);
#3509 = ORIENTED_EDGE('',*,*,#3475,.F.);
#3510 = SURFACE_OF_LINEAR_EXTRUSION('',#3511,#3516);
#3511 = B_SPLINE_CURVE_WITH_KNOTS('',3,(#3512,#3513,#3514,#3515),
  .UNSPECIFIED.,.F.,.F.,(4,4),(0.,1.),.PIECEWISE_BEZIER_KNOTS.);
#3512 = CARTESIAN_POINT('',(104.25935283445,-4.068883557796,24.25));
#3513 = CARTESIAN_POINT('',(106.78781700102,2.577525521872,24.25));
#3514 = CARTESIAN_POINT('',(107.99077019727,9.461506870963,24.25));
#3515 = CARTESIAN_POINT('',(108.68652190445,16.583060489479,24.25));
#3516 = VECTOR('',#3517,1.);
#3517 = DIRECTION('',(-0.,-0.,-1.));
#3518 = ADVANCED_FACE('',(#3519),#3538,.F.);
#3519 = FACE_BOUND('',#3520,.F.);
#3520 = EDGE_LOOP('',(#3521,#3530,#3536,#3537));
#3521 = ORIENTED_EDGE('',*,*,#3522,.F.);
#3522 = EDGE_CURVE('',#3523,#3495,#3525,.T.);
#3523 = VERTEX_POINT('',#3524);
#3524 = CARTESIAN_POINT('',(95.026033068732,-18.04613718331,24.25));
#3525 = B_SPLINE_CURVE_WITH_KNOTS('',3,(#3526,#3527,#3528,#3529),
  .UNSPECIFIED.,.F.,.F.,(4,4),(0.,1.),.PIECEWISE_BEZIER_KNOTS.);
#3526 = CARTESIAN_POINT('',(95.026033068732,-18.04613718331,24.25));
#3527 = CARTESIAN_POINT('',(99.086147942154,-14.232381401,24.25));
#3528 = CARTESIAN_POINT('',(102.16393530852,-9.573296859169,24.25));
#3529 = CARTESIAN_POINT('',(104.25935283445,-4.068883557796,24.25));
#3530 = ORIENTED_EDGE('',*,*,#3531,.T.);
#3531 = EDGE_CURVE('',#3523,#2506,#3532,.T.);
#3532 = LINE('',#3533,#3534);
#3533 = CARTESIAN_POINT('',(95.026033068732,-18.04613718331,24.25));
#3534 = VECTOR('',#3535,1.);
#3535 = DIRECTION('',(0.,0.,1.));
#3536 = ORIENTED_EDGE('',*,*,#2514,.T.);
#3537 = ORIENTED_EDGE('',*,*,#3503,.F.);
#3538 = SURFACE_OF_LINEAR_EXTRUSION('',#3539,#3544);
#3539 = B_SPLINE_CURVE_WITH_KNOTS('',3,(#3540,#3541,#3542,#3543),
  .UNSPECIFIED.,.F.,.F.,(4,4),(0.,1.),.PIECEWISE_BEZIER_KNOTS.);
#3540 = CARTESIAN_POINT('',(95.026033068732,-18.04613718331,24.25));
#3541 = CARTESIAN_POINT('',(99.086147942154,-14.232381401,24.25));
#3542 = CARTESIAN_POINT('',(102.16393530852,-9.573296859169,24.25));
#3543 = CARTESIAN_POINT('',(104.25935283445,-4.068883557796,24.25));
#3544 = VECTOR('',#3545,1.);
#3545 = DIRECTION('',(-0.,-0.,-1.));
#3546 = ADVANCED_FACE('',(#3547),#3614,.F.);
#3547 = FACE_BOUND('',#3548,.F.);
#3548 = EDGE_LOOP('',(#3549,#3563,#3604,#3605,#3606,#3607));
#3549 = ORIENTED_EDGE('',*,*,#3550,.F.);
#3550 = EDGE_CURVE('',#3551,#3553,#3555,.T.);
#3551 = VERTEX_POINT('',#3552);
#3552 = CARTESIAN_POINT('',(93.2,-19.65213724749,86.25));
#3553 = VERTEX_POINT('',#3554);
#3554 = CARTESIAN_POINT('',(93.2,-19.65213724749,24.25));
#3555 = B_SPLINE_CURVE_WITH_KNOTS('',6,(#3556,#3557,#3558,#3559,#3560,
    #3561,#3562),.UNSPECIFIED.,.F.,.F.,(7,7),(0.,1.),
  .PIECEWISE_BEZIER_KNOTS.);
#3556 = CARTESIAN_POINT('',(93.2,-19.65213724749,86.25));
#3557 = CARTESIAN_POINT('',(93.2,-19.65213724749,79.920165102777));
#3558 = CARTESIAN_POINT('',(93.2,-19.65213724749,68.882357059915));
#3559 = CARTESIAN_POINT('',(93.2,-19.65213724749,56.305875623649));
#3560 = CARTESIAN_POINT('',(93.2,-19.65213724749,44.215744735712));
#3561 = CARTESIAN_POINT('',(93.2,-19.65213724749,33.555500161072));
#3562 = CARTESIAN_POINT('',(93.2,-19.65213724749,24.25));
#3563 = ORIENTED_EDGE('',*,*,#3564,.T.);
#3564 = EDGE_CURVE('',#3551,#2874,#3565,.T.);
#3565 = B_SPLINE_CURVE_WITH_KNOTS('',7,(#3566,#3567,#3568,#3569,#3570,
    #3571,#3572,#3573,#3574,#3575,#3576,#3577,#3578,#3579,#3580,#3581,
    #3582,#3583,#3584,#3585,#3586,#3587,#3588,#3589,#3590,#3591,#3592,
    #3593,#3594,#3595,#3596,#3597,#3598,#3599,#3600,#3601,#3602,#3603),
  .UNSPECIFIED.,.F.,.F.,(8,6,6,6,6,6,8),(0.,0.212842144998,
    0.430000029241,0.627128352386,0.703652236168,0.810461206058,1.),
  .UNSPECIFIED.);
#3566 = CARTESIAN_POINT('',(93.2,-19.65213724749,86.25));
#3567 = CARTESIAN_POINT('',(93.2,-19.65213724749,87.164823064267));
#3568 = CARTESIAN_POINT('',(93.155618877962,-19.68868452446,
    88.07976956838));
#3569 = CARTESIAN_POINT('',(93.066835048251,-19.7617968839,
    88.991514832726));
#3570 = CARTESIAN_POINT('',(92.934030725621,-19.87043973075,
    89.897127940408));
#3571 = CARTESIAN_POINT('',(92.757799749166,-20.01268201553,
    90.794034496273));
#3572 = CARTESIAN_POINT('',(92.538829648156,-20.18600340104,
    91.679968151927));
#3573 = CARTESIAN_POINT('',(92.011450127441,-20.59317888496,
    93.44359141634));
#3574 = CARTESIAN_POINT('',(91.701312761225,-20.82819257893,
    94.320764628327));
#3575 = CARTESIAN_POINT('',(91.34796594033,-21.0896446898,
    95.182701344594));
#3576 = CARTESIAN_POINT('',(90.951859263958,-21.37430799354,
    96.027938589146));
#3577 = CARTESIAN_POINT('',(90.513171888605,-21.67892815321,
    96.855181910972));
#3578 = CARTESIAN_POINT('',(90.031730683602,-22.00037661883,
    97.663235257786));
#3579 = CARTESIAN_POINT('',(89.030225452994,-22.640165396,
    99.165936428572));
#3580 = CARTESIAN_POINT('',(88.517927540337,-22.95598834104,
    99.864006767122));
#3581 = CARTESIAN_POINT('',(87.969282122031,-23.28104721339,
    100.5443241233));
#3582 = CARTESIAN_POINT('',(87.383489728826,-23.6131928063,
    101.20574176395));
#3583 = CARTESIAN_POINT('',(86.759584175492,-23.95027953282,
    101.84678561328));
#3584 = CARTESIAN_POINT('',(86.096387067741,-24.29017246997,
    102.46562748448));
#3585 = CARTESIAN_POINT('',(85.119084081047,-24.76298382183,
    103.2907460474));
#3586 = CARTESIAN_POINT('',(84.839658632628,-24.89529781206,
    103.51778116803));
#3587 = CARTESIAN_POINT('',(84.554020876267,-25.0275818385,
    103.74097712299));
#3588 = CARTESIAN_POINT('',(84.26209370686,-25.15970490854,
    103.96017876347));
#3589 = CARTESIAN_POINT('',(83.963802529429,-25.29153272201,
    104.1752147354));
#3590 = CARTESIAN_POINT('',(83.659075791044,-25.42292798946,
    104.38589763026));
#3591 = CARTESIAN_POINT('',(82.91344276449,-25.73634791722,
    104.87972725063));
#3592 = CARTESIAN_POINT('',(82.466384422362,-25.91782353283,
    105.15854414426));
#3593 = CARTESIAN_POINT('',(82.006476671982,-26.09780258194,
    105.42793057723));
#3594 = CARTESIAN_POINT('',(81.533574080784,-26.27588255383,
    105.68725399902));
#3595 = CARTESIAN_POINT('',(81.047593495731,-26.45163946459,
    105.93580236154));
#3596 = CARTESIAN_POINT('',(80.548527941031,-26.62463387925,
    106.17279293253));
#3597 = CARTESIAN_POINT('',(79.127766777049,-27.09570694182,
    106.79592602661));
#3598 = CARTESIAN_POINT('',(78.177854770684,-27.38697592853,
    107.15553582298));
#3599 = CARTESIAN_POINT('',(77.187527866718,-27.6655826069,
    107.47128794684));
#3600 = CARTESIAN_POINT('',(76.159042266529,-27.92867800979,
    107.73753932061));
#3601 = CARTESIAN_POINT('',(75.096485571072,-28.17346836936,
    107.94846411369));
#3602 = CARTESIAN_POINT('',(74.006214685954,-28.39756318658,
    108.0985982298));
#3603 = CARTESIAN_POINT('',(72.897736289131,-28.59931112177,
    108.18439517043));
#3604 = ORIENTED_EDGE('',*,*,#2886,.T.);
#3605 = ORIENTED_EDGE('',*,*,#2505,.T.);
#3606 = ORIENTED_EDGE('',*,*,#3531,.F.);
#3607 = ORIENTED_EDGE('',*,*,#3608,.F.);
#3608 = EDGE_CURVE('',#3553,#3523,#3609,.T.);
#3609 = B_SPLINE_CURVE_WITH_KNOTS('',3,(#3610,#3611,#3612,#3613),
  .UNSPECIFIED.,.F.,.F.,(4,4),(0.,1.),.PIECEWISE_BEZIER_KNOTS.);
#3610 = CARTESIAN_POINT('',(72.897736289131,-28.59931112177,24.25));
#3611 = CARTESIAN_POINT('',(81.175107533738,-27.09279321204,24.25));
#3612 = CARTESIAN_POINT('',(88.834030464546,-23.85915022426,24.25));
#3613 = CARTESIAN_POINT('',(95.026033068732,-18.04613718331,24.25));
#3614 = SURFACE_OF_LINEAR_EXTRUSION('',#3615,#3620);
#3615 = B_SPLINE_CURVE_WITH_KNOTS('',3,(#3616,#3617,#3618,#3619),
  .UNSPECIFIED.,.F.,.F.,(4,4),(0.,1.),.PIECEWISE_BEZIER_KNOTS.);
#3616 = CARTESIAN_POINT('',(72.897736289131,-28.59931112177,24.25));
#3617 = CARTESIAN_POINT('',(81.175107533738,-27.09279321204,24.25));
#3618 = CARTESIAN_POINT('',(88.834030464546,-23.85915022426,24.25));
#3619 = CARTESIAN_POINT('',(95.026033068732,-18.04613718331,24.25));
#3620 = VECTOR('',#3621,1.);
#3621 = DIRECTION('',(-0.,-0.,-1.));
#3622 = ADVANCED_FACE('',(#3623),#3643,.F.);
#3623 = FACE_BOUND('',#3624,.T.);
#3624 = EDGE_LOOP('',(#3625,#3626,#3627,#3628,#3636));
#3625 = ORIENTED_EDGE('',*,*,#2743,.F.);
#3626 = ORIENTED_EDGE('',*,*,#2922,.T.);
#3627 = ORIENTED_EDGE('',*,*,#2979,.T.);
#3628 = ORIENTED_EDGE('',*,*,#3629,.T.);
#3629 = EDGE_CURVE('',#2980,#3630,#3632,.T.);
#3630 = VERTEX_POINT('',#3631);
#3631 = CARTESIAN_POINT('',(-93.2,-14.,86.25));
#3632 = LINE('',#3633,#3634);
#3633 = CARTESIAN_POINT('',(-93.2,-182.,86.25));
#3634 = VECTOR('',#3635,1.);
#3635 = DIRECTION('',(0.,1.,0.));
#3636 = ORIENTED_EDGE('',*,*,#3637,.F.);
#3637 = EDGE_CURVE('',#2746,#3630,#3638,.T.);
#3638 = CIRCLE('',#3639,22.);
#3639 = AXIS2_PLACEMENT_3D('',#3640,#3641,#3642);
#3640 = CARTESIAN_POINT('',(-71.2,-14.,86.25));
#3641 = DIRECTION('',(0.,-1.,0.));
#3642 = DIRECTION('',(0.,0.,1.));
#3643 = CYLINDRICAL_SURFACE('',#3644,22.);
#3644 = AXIS2_PLACEMENT_3D('',#3645,#3646,#3647);
#3645 = CARTESIAN_POINT('',(-71.2,-182.,86.25));
#3646 = DIRECTION('',(0.,1.,0.));
#3647 = DIRECTION('',(0.,0.,1.));
#3648 = ADVANCED_FACE('',(#3649),#3669,.F.);
#3649 = FACE_BOUND('',#3650,.F.);
#3650 = EDGE_LOOP('',(#3651,#3652,#3653,#3662));
#3651 = ORIENTED_EDGE('',*,*,#3637,.F.);
#3652 = ORIENTED_EDGE('',*,*,#2858,.T.);
#3653 = ORIENTED_EDGE('',*,*,#3654,.T.);
#3654 = EDGE_CURVE('',#2851,#3655,#3657,.T.);
#3655 = VERTEX_POINT('',#3656);
#3656 = CARTESIAN_POINT('',(-59.2,20.,86.25));
#3657 = CIRCLE('',#3658,22.);
#3658 = AXIS2_PLACEMENT_3D('',#3659,#3660,#3661);
#3659 = CARTESIAN_POINT('',(-59.2,-2.,86.25));
#3660 = DIRECTION('',(-1.,9.550502822501E-17,0.));
#3661 = DIRECTION('',(9.550502822501E-17,1.,0.));
#3662 = ORIENTED_EDGE('',*,*,#3663,.F.);
#3663 = EDGE_CURVE('',#3630,#3655,#3664,.T.);
#3664 = CIRCLE('',#3665,34.);
#3665 = AXIS2_PLACEMENT_3D('',#3666,#3667,#3668);
#3666 = CARTESIAN_POINT('',(-59.2,-14.,86.25));
#3667 = DIRECTION('',(0.,0.,-1.));
#3668 = DIRECTION('',(-1.,1.567373681824E-16,0.));
#3669 = SURFACE_OF_REVOLUTION('',#3670,#3683);
#3670 = B_SPLINE_CURVE_WITH_KNOTS('',6,(#3671,#3672,#3673,#3674,#3675,
    #3676,#3677,#3678,#3679,#3680,#3681,#3682),.UNSPECIFIED.,.F.,.F.,(7,
    5,7),(4.712388980385,5.497787143782,6.28318530718),.UNSPECIFIED.);
#3671 = CARTESIAN_POINT('',(-71.2,-14.,108.25));
#3672 = CARTESIAN_POINT('',(-74.07979326579,-14.,108.25));
#3673 = CARTESIAN_POINT('',(-76.95958172153,-14.,107.797644906));
#3674 = CARTESIAN_POINT('',(-79.75057864602,-14.,106.89292293338));
#3675 = CARTESIAN_POINT('',(-82.36384653954,-14.,105.55912512373));
#3676 = CARTESIAN_POINT('',(-84.72002783944,-14.,103.84267053276));
#3677 = CARTESIAN_POINT('',(-88.79267053276,-14.,99.770027839448));
#3678 = CARTESIAN_POINT('',(-90.50912512373,-14.,97.413846539542));
#3679 = CARTESIAN_POINT('',(-91.84292293338,-14.,94.800578646029));
#3680 = CARTESIAN_POINT('',(-92.747644906,-14.,92.009581721537));
#3681 = CARTESIAN_POINT('',(-93.2,-14.,89.129793265791));
#3682 = CARTESIAN_POINT('',(-93.2,-14.,86.25));
#3683 = AXIS1_PLACEMENT('',#3684,#3685);
#3684 = CARTESIAN_POINT('',(-59.2,-14.,86.25));
#3685 = DIRECTION('',(-0.,-0.,-1.));
#3686 = ADVANCED_FACE('',(#3687),#3751,.F.);
#3687 = FACE_BOUND('',#3688,.T.);
#3688 = EDGE_LOOP('',(#3689,#3690,#3691,#3699,#3706,#3707,#3726,#3734));
#3689 = ORIENTED_EDGE('',*,*,#2850,.F.);
#3690 = ORIENTED_EDGE('',*,*,#3654,.T.);
#3691 = ORIENTED_EDGE('',*,*,#3692,.T.);
#3692 = EDGE_CURVE('',#3655,#3693,#3695,.T.);
#3693 = VERTEX_POINT('',#3694);
#3694 = CARTESIAN_POINT('',(59.2,20.,86.25));
#3695 = LINE('',#3696,#3697);
#3696 = CARTESIAN_POINT('',(-59.2,20.,86.25));
#3697 = VECTOR('',#3698,1.);
#3698 = DIRECTION('',(1.,0.,0.));
#3699 = ORIENTED_EDGE('',*,*,#3700,.F.);
#3700 = EDGE_CURVE('',#2799,#3693,#3701,.T.);
#3701 = CIRCLE('',#3702,22.);
#3702 = AXIS2_PLACEMENT_3D('',#3703,#3704,#3705);
#3703 = CARTESIAN_POINT('',(59.2,-2.,86.25));
#3704 = DIRECTION('',(-1.,0.,0.));
#3705 = DIRECTION('',(0.,0.,1.));
#3706 = ORIENTED_EDGE('',*,*,#2807,.F.);
#3707 = ORIENTED_EDGE('',*,*,#3708,.T.);
#3708 = EDGE_CURVE('',#2808,#3709,#3711,.T.);
#3709 = VERTEX_POINT('',#3710);
#3710 = CARTESIAN_POINT('',(16.5,1.997349900376,107.88379748851));
#3711 = B_SPLINE_CURVE_WITH_KNOTS('',7,(#3712,#3713,#3714,#3715,#3716,
    #3717,#3718,#3719,#3720,#3721,#3722,#3723,#3724,#3725),
  .UNSPECIFIED.,.F.,.F.,(8,6,8),(0.,0.205319791162,1.),.UNSPECIFIED.);
#3712 = CARTESIAN_POINT('',(24.983094457935,-2.,108.25));
#3713 = CARTESIAN_POINT('',(24.779936004035,-1.753891408275,108.25));
#3714 = CARTESIAN_POINT('',(24.570874816821,-1.517599264938,
    108.24678801872));
#3715 = CARTESIAN_POINT('',(24.356431346591,-1.291025410562,
    108.24082513664));
#3716 = CARTESIAN_POINT('',(24.137089102404,-1.074060873351,
    108.23253453081));
#3717 = CARTESIAN_POINT('',(23.913294376632,-0.866586491397,
    108.22230336599));
#3718 = CARTESIAN_POINT('',(23.685455969515,-0.668473534936,
    108.21048468573));
#3719 = CARTESIAN_POINT('',(22.557892696176,0.251502105307,
    108.14675297149));
#3720 = CARTESIAN_POINT('',(21.605412960728,0.845560590136,
    108.07705205986));
#3721 = CARTESIAN_POINT('',(20.616189168165,1.310976997873,
    108.00669377771));
#3722 = CARTESIAN_POINT('',(19.602932956273,1.655073656742,
    107.94703684739));
#3723 = CARTESIAN_POINT('',(18.574726701765,1.88300665909,
    107.90492603725));
#3724 = CARTESIAN_POINT('',(17.538312342377,1.997349900376,
    107.88379748851));
#3725 = CARTESIAN_POINT('',(16.5,1.997349900376,107.88379748851));
#3726 = ORIENTED_EDGE('',*,*,#3727,.F.);
#3727 = EDGE_CURVE('',#3728,#3709,#3730,.T.);
#3728 = VERTEX_POINT('',#3729);
#3729 = CARTESIAN_POINT('',(-16.5,1.997349900376,107.88379748851));
#3730 = LINE('',#3731,#3732);
#3731 = CARTESIAN_POINT('',(-59.2,1.997349900376,107.88379748851));
#3732 = VECTOR('',#3733,1.);
#3733 = DIRECTION('',(1.,0.,0.));
#3734 = ORIENTED_EDGE('',*,*,#3735,.T.);
#3735 = EDGE_CURVE('',#3728,#2842,#3736,.T.);
#3736 = B_SPLINE_CURVE_WITH_KNOTS('',7,(#3737,#3738,#3739,#3740,#3741,
    #3742,#3743,#3744,#3745,#3746,#3747,#3748,#3749,#3750),
  .UNSPECIFIED.,.F.,.F.,(8,6,8),(0.,0.794944475837,1.),.UNSPECIFIED.);
#3737 = CARTESIAN_POINT('',(-16.5,1.997349900376,107.88379748851));
#3738 = CARTESIAN_POINT('',(-17.53862567916,1.997349900376,
    107.88379748851));
#3739 = CARTESIAN_POINT('',(-18.57539682318,1.882937644676,
    107.90493877566));
#3740 = CARTESIAN_POINT('',(-19.60398197885,1.654849550983,
    107.9470782431));
#3741 = CARTESIAN_POINT('',(-20.61760526286,1.310501329969,
    108.00677710611));
#3742 = CARTESIAN_POINT('',(-21.6071474555,0.844741089778,
    108.07717594132));
#3743 = CARTESIAN_POINT('',(-22.55987377674,0.250259963845,
    108.14689740471));
#3744 = CARTESIAN_POINT('',(-23.68726018045,-0.670042676658,
    108.21057824105));
#3745 = CARTESIAN_POINT('',(-23.91477123346,-0.867955882709,
    108.22237085328));
#3746 = CARTESIAN_POINT('',(-24.13824697429,-1.075206361828,
    108.23257827112));
#3747 = CARTESIAN_POINT('',(-24.35728020642,-1.291922392745,
    108.24084872293));
#3748 = CARTESIAN_POINT('',(-24.57142638689,-1.518222722984,
    108.24679648469));
#3749 = CARTESIAN_POINT('',(-24.78020392114,-1.754215966282,108.25));
#3750 = CARTESIAN_POINT('',(-24.98309445793,-2.,108.25));
#3751 = CYLINDRICAL_SURFACE('',#3752,22.);
#3752 = AXIS2_PLACEMENT_3D('',#3753,#3754,#3755);
#3753 = CARTESIAN_POINT('',(-59.2,-2.,86.25));
#3754 = DIRECTION('',(1.,0.,0.));
#3755 = DIRECTION('',(0.,0.,1.));
#3756 = ADVANCED_FACE('',(#3757),#3784,.F.);
#3757 = FACE_BOUND('',#3758,.F.);
#3758 = EDGE_LOOP('',(#3759,#3770,#3776,#3777,#3778));
#3759 = ORIENTED_EDGE('',*,*,#3760,.F.);
#3760 = EDGE_CURVE('',#3761,#3763,#3765,.T.);
#3761 = VERTEX_POINT('',#3762);
#3762 = CARTESIAN_POINT('',(-16.5,1.997349900376,149.25));
#3763 = VERTEX_POINT('',#3764);
#3764 = CARTESIAN_POINT('',(-16.5,-20.00265009962,149.25));
#3765 = CIRCLE('',#3766,11.);
#3766 = AXIS2_PLACEMENT_3D('',#3767,#3768,#3769);
#3767 = CARTESIAN_POINT('',(-16.5,-9.002650099624,149.25));
#3768 = DIRECTION('',(0.,0.,1.));
#3769 = DIRECTION('',(1.,0.,0.));
#3770 = ORIENTED_EDGE('',*,*,#3771,.F.);
#3771 = EDGE_CURVE('',#3728,#3761,#3772,.T.);
#3772 = LINE('',#3773,#3774);
#3773 = CARTESIAN_POINT('',(-16.5,1.997349900376,107.25));
#3774 = VECTOR('',#3775,1.);
#3775 = DIRECTION('',(0.,0.,1.));
#3776 = ORIENTED_EDGE('',*,*,#3735,.T.);
#3777 = ORIENTED_EDGE('',*,*,#2841,.T.);
#3778 = ORIENTED_EDGE('',*,*,#3779,.T.);
#3779 = EDGE_CURVE('',#2834,#3763,#3780,.T.);
#3780 = LINE('',#3781,#3782);
#3781 = CARTESIAN_POINT('',(-16.5,-20.00265009962,107.25));
#3782 = VECTOR('',#3783,1.);
#3783 = DIRECTION('',(0.,0.,1.));
#3784 = CYLINDRICAL_SURFACE('',#3785,11.);
#3785 = AXIS2_PLACEMENT_3D('',#3786,#3787,#3788);
#3786 = CARTESIAN_POINT('',(-16.5,-9.002650099624,107.25));
#3787 = DIRECTION('',(0.,0.,1.));
#3788 = DIRECTION('',(1.,0.,0.));
#3789 = ADVANCED_FACE('',(#3790),#3808,.T.);
#3790 = FACE_BOUND('',#3791,.T.);
#3791 = EDGE_LOOP('',(#3792,#3793,#3794,#3802));
#3792 = ORIENTED_EDGE('',*,*,#2833,.T.);
#3793 = ORIENTED_EDGE('',*,*,#3779,.T.);
#3794 = ORIENTED_EDGE('',*,*,#3795,.T.);
#3795 = EDGE_CURVE('',#3763,#3796,#3798,.T.);
#3796 = VERTEX_POINT('',#3797);
#3797 = CARTESIAN_POINT('',(16.5,-20.00265009962,149.25));
#3798 = LINE('',#3799,#3800);
#3799 = CARTESIAN_POINT('',(-16.5,-20.00265009962,149.25));
#3800 = VECTOR('',#3801,1.);
#3801 = DIRECTION('',(1.,0.,0.));
#3802 = ORIENTED_EDGE('',*,*,#3803,.F.);
#3803 = EDGE_CURVE('',#2825,#3796,#3804,.T.);
#3804 = LINE('',#3805,#3806);
#3805 = CARTESIAN_POINT('',(16.5,-20.00265009962,107.25));
#3806 = VECTOR('',#3807,1.);
#3807 = DIRECTION('',(0.,0.,1.));
#3808 = PLANE('',#3809);
#3809 = AXIS2_PLACEMENT_3D('',#3810,#3811,#3812);
#3810 = CARTESIAN_POINT('',(-16.5,-20.00265009962,107.25));
#3811 = DIRECTION('',(0.,1.,0.));
#3812 = DIRECTION('',(0.,0.,1.));
#3813 = ADVANCED_FACE('',(#3814),#3833,.F.);
#3814 = FACE_BOUND('',#3815,.F.);
#3815 = EDGE_LOOP('',(#3816,#3817,#3825,#3832));
#3816 = ORIENTED_EDGE('',*,*,#2824,.T.);
#3817 = ORIENTED_EDGE('',*,*,#3818,.T.);
#3818 = EDGE_CURVE('',#2816,#3819,#3821,.T.);
#3819 = VERTEX_POINT('',#3820);
#3820 = CARTESIAN_POINT('',(27.5,-9.002650099624,149.25));
#3821 = LINE('',#3822,#3823);
#3822 = CARTESIAN_POINT('',(27.5,-9.002650099624,107.25));
#3823 = VECTOR('',#3824,1.);
#3824 = DIRECTION('',(0.,0.,1.));
#3825 = ORIENTED_EDGE('',*,*,#3826,.F.);
#3826 = EDGE_CURVE('',#3796,#3819,#3827,.T.);
#3827 = CIRCLE('',#3828,11.);
#3828 = AXIS2_PLACEMENT_3D('',#3829,#3830,#3831);
#3829 = CARTESIAN_POINT('',(16.5,-9.002650099624,149.25));
#3830 = DIRECTION('',(0.,0.,1.));
#3831 = DIRECTION('',(1.,0.,0.));
#3832 = ORIENTED_EDGE('',*,*,#3803,.F.);
#3833 = CYLINDRICAL_SURFACE('',#3834,11.);
#3834 = AXIS2_PLACEMENT_3D('',#3835,#3836,#3837);
#3835 = CARTESIAN_POINT('',(16.5,-9.002650099624,107.25));
#3836 = DIRECTION('',(0.,0.,1.));
#3837 = DIRECTION('',(1.,0.,0.));
#3838 = ADVANCED_FACE('',(#3839),#3859,.F.);
#3839 = FACE_BOUND('',#3840,.F.);
#3840 = EDGE_LOOP('',(#3841,#3850,#3851,#3852,#3853));
#3841 = ORIENTED_EDGE('',*,*,#3842,.F.);
#3842 = EDGE_CURVE('',#3819,#3843,#3845,.T.);
#3843 = VERTEX_POINT('',#3844);
#3844 = CARTESIAN_POINT('',(16.5,1.997349900376,149.25));
#3845 = CIRCLE('',#3846,11.);
#3846 = AXIS2_PLACEMENT_3D('',#3847,#3848,#3849);
#3847 = CARTESIAN_POINT('',(16.5,-9.002650099624,149.25));
#3848 = DIRECTION('',(0.,0.,1.));
#3849 = DIRECTION('',(1.,0.,0.));
#3850 = ORIENTED_EDGE('',*,*,#3818,.F.);
#3851 = ORIENTED_EDGE('',*,*,#2815,.T.);
#3852 = ORIENTED_EDGE('',*,*,#3708,.T.);
#3853 = ORIENTED_EDGE('',*,*,#3854,.T.);
#3854 = EDGE_CURVE('',#3709,#3843,#3855,.T.);
#3855 = LINE('',#3856,#3857);
#3856 = CARTESIAN_POINT('',(16.5,1.997349900376,107.25));
#3857 = VECTOR('',#3858,1.);
#3858 = DIRECTION('',(0.,0.,1.));
#3859 = CYLINDRICAL_SURFACE('',#3860,11.);
#3860 = AXIS2_PLACEMENT_3D('',#3861,#3862,#3863);
#3861 = CARTESIAN_POINT('',(16.5,-9.002650099624,107.25));
#3862 = DIRECTION('',(0.,0.,1.));
#3863 = DIRECTION('',(1.,0.,0.));
#3864 = ADVANCED_FACE('',(#3865),#3885,.F.);
#3865 = FACE_BOUND('',#3866,.F.);
#3866 = EDGE_LOOP('',(#3867,#3868,#3869,#3878));
#3867 = ORIENTED_EDGE('',*,*,#3700,.F.);
#3868 = ORIENTED_EDGE('',*,*,#2798,.T.);
#3869 = ORIENTED_EDGE('',*,*,#3870,.T.);
#3870 = EDGE_CURVE('',#2791,#3871,#3873,.T.);
#3871 = VERTEX_POINT('',#3872);
#3872 = CARTESIAN_POINT('',(93.2,-14.,86.25));
#3873 = CIRCLE('',#3874,22.);
#3874 = AXIS2_PLACEMENT_3D('',#3875,#3876,#3877);
#3875 = CARTESIAN_POINT('',(71.2,-14.,86.25));
#3876 = DIRECTION('',(1.346893702706E-16,1.,0.));
#3877 = DIRECTION('',(1.,-1.346893702706E-16,0.));
#3878 = ORIENTED_EDGE('',*,*,#3879,.F.);
#3879 = EDGE_CURVE('',#3693,#3871,#3880,.T.);
#3880 = CIRCLE('',#3881,34.);
#3881 = AXIS2_PLACEMENT_3D('',#3882,#3883,#3884);
#3882 = CARTESIAN_POINT('',(59.2,-14.,86.25));
#3883 = DIRECTION('',(0.,0.,-1.));
#3884 = DIRECTION('',(4.17966315153E-16,1.,0.));
#3885 = SURFACE_OF_REVOLUTION('',#3886,#3899);
#3886 = B_SPLINE_CURVE_WITH_KNOTS('',6,(#3887,#3888,#3889,#3890,#3891,
    #3892,#3893,#3894,#3895,#3896,#3897,#3898),.UNSPECIFIED.,.F.,.F.,(7,
    5,7),(4.712388980385,5.497787143782,6.28318530718),.UNSPECIFIED.);
#3887 = CARTESIAN_POINT('',(59.2,-2.,108.25));
#3888 = CARTESIAN_POINT('',(59.2,0.879793265791,108.25));
#3889 = CARTESIAN_POINT('',(59.2,3.759581721537,107.797644906));
#3890 = CARTESIAN_POINT('',(59.2,6.550578646029,106.89292293338));
#3891 = CARTESIAN_POINT('',(59.2,9.163846539542,105.55912512373));
#3892 = CARTESIAN_POINT('',(59.2,11.520027839448,103.84267053276));
#3893 = CARTESIAN_POINT('',(59.2,15.59267053276,99.770027839448));
#3894 = CARTESIAN_POINT('',(59.2,17.309125123735,97.413846539542));
#3895 = CARTESIAN_POINT('',(59.2,18.642922933381,94.800578646029));
#3896 = CARTESIAN_POINT('',(59.2,19.547644906008,92.009581721537));
#3897 = CARTESIAN_POINT('',(59.2,20.,89.129793265791));
#3898 = CARTESIAN_POINT('',(59.2,20.,86.25));
#3899 = AXIS1_PLACEMENT('',#3900,#3901);
#3900 = CARTESIAN_POINT('',(59.2,-14.,86.25));
#3901 = DIRECTION('',(-0.,-0.,-1.));
#3902 = ADVANCED_FACE('',(#3903),#3915,.F.);
#3903 = FACE_BOUND('',#3904,.T.);
#3904 = EDGE_LOOP('',(#3905,#3906,#3907,#3913,#3914));
#3905 = ORIENTED_EDGE('',*,*,#2790,.F.);
#3906 = ORIENTED_EDGE('',*,*,#3870,.T.);
#3907 = ORIENTED_EDGE('',*,*,#3908,.T.);
#3908 = EDGE_CURVE('',#3871,#3551,#3909,.T.);
#3909 = LINE('',#3910,#3911);
#3910 = CARTESIAN_POINT('',(93.2,-14.,86.25));
#3911 = VECTOR('',#3912,1.);
#3912 = DIRECTION('',(0.,-1.,0.));
#3913 = ORIENTED_EDGE('',*,*,#3564,.T.);
#3914 = ORIENTED_EDGE('',*,*,#2873,.T.);
#3915 = CYLINDRICAL_SURFACE('',#3916,22.);
#3916 = AXIS2_PLACEMENT_3D('',#3917,#3918,#3919);
#3917 = CARTESIAN_POINT('',(71.2,-14.,86.25));
#3918 = DIRECTION('',(0.,-1.,0.));
#3919 = DIRECTION('',(0.,0.,1.));
#3920 = ADVANCED_FACE('',(#3921),#4122,.F.);
#3921 = FACE_BOUND('',#3922,.F.);
#3922 = EDGE_LOOP('',(#3923,#3924,#3932,#3941,#3949,#3958,#3964,#3965,
    #3966,#3967,#3968,#3969,#3978,#3987,#3996,#4005,#4014,#4023,#4032,
    #4041,#4050,#4059,#4068,#4077,#4086,#4095,#4104,#4113,#4120,#4121));
#3923 = ORIENTED_EDGE('',*,*,#2960,.T.);
#3924 = ORIENTED_EDGE('',*,*,#3925,.T.);
#3925 = EDGE_CURVE('',#2963,#3926,#3928,.T.);
#3926 = VERTEX_POINT('',#3927);
#3927 = CARTESIAN_POINT('',(-93.2,-14.,24.25));
#3928 = LINE('',#3929,#3930);
#3929 = CARTESIAN_POINT('',(-93.2,-182.,24.25));
#3930 = VECTOR('',#3931,1.);
#3931 = DIRECTION('',(0.,1.,0.));
#3932 = ORIENTED_EDGE('',*,*,#3933,.T.);
#3933 = EDGE_CURVE('',#3926,#3934,#3936,.T.);
#3934 = VERTEX_POINT('',#3935);
#3935 = CARTESIAN_POINT('',(-59.2,20.,24.25));
#3936 = CIRCLE('',#3937,34.);
#3937 = AXIS2_PLACEMENT_3D('',#3938,#3939,#3940);
#3938 = CARTESIAN_POINT('',(-59.2,-14.,24.25));
#3939 = DIRECTION('',(-0.,-0.,-1.));
#3940 = DIRECTION('',(0.,-1.,0.));
#3941 = ORIENTED_EDGE('',*,*,#3942,.T.);
#3942 = EDGE_CURVE('',#3934,#3943,#3945,.T.);
#3943 = VERTEX_POINT('',#3944);
#3944 = CARTESIAN_POINT('',(59.2,20.,24.25));
#3945 = LINE('',#3946,#3947);
#3946 = CARTESIAN_POINT('',(-93.2,20.,24.25));
#3947 = VECTOR('',#3948,1.);
#3948 = DIRECTION('',(1.,0.,0.));
#3949 = ORIENTED_EDGE('',*,*,#3950,.F.);
#3950 = EDGE_CURVE('',#3951,#3943,#3953,.T.);
#3951 = VERTEX_POINT('',#3952);
#3952 = CARTESIAN_POINT('',(93.2,-14.,24.25));
#3953 = CIRCLE('',#3954,34.);
#3954 = AXIS2_PLACEMENT_3D('',#3955,#3956,#3957);
#3955 = CARTESIAN_POINT('',(59.2,-14.,24.25));
#3956 = DIRECTION('',(-0.,0.,1.));
#3957 = DIRECTION('',(0.,-1.,0.));
#3958 = ORIENTED_EDGE('',*,*,#3959,.F.);
#3959 = EDGE_CURVE('',#3553,#3951,#3960,.T.);
#3960 = LINE('',#3961,#3962);
#3961 = CARTESIAN_POINT('',(93.2,-182.,24.25));
#3962 = VECTOR('',#3963,1.);
#3963 = DIRECTION('',(0.,1.,0.));
#3964 = ORIENTED_EDGE('',*,*,#3608,.T.);
#3965 = ORIENTED_EDGE('',*,*,#3522,.T.);
#3966 = ORIENTED_EDGE('',*,*,#3494,.T.);
#3967 = ORIENTED_EDGE('',*,*,#3466,.T.);
#3968 = ORIENTED_EDGE('',*,*,#3431,.T.);
#3969 = ORIENTED_EDGE('',*,*,#3970,.T.);
#3970 = EDGE_CURVE('',#3434,#3971,#3973,.T.);
#3971 = VERTEX_POINT('',#3972);
#3972 = CARTESIAN_POINT('',(110.2226922089,65.,24.25));
#3973 = B_SPLINE_CURVE_WITH_KNOTS('',3,(#3974,#3975,#3976,#3977),
  .UNSPECIFIED.,.F.,.F.,(4,4),(0.,1.),.PIECEWISE_BEZIER_KNOTS.);
#3974 = CARTESIAN_POINT('',(110.21378052338,60.483291675792,24.25));
#3975 = CARTESIAN_POINT('',(110.25777019441,71.85289126021,24.25));
#3976 = CARTESIAN_POINT('',(110.13898273678,83.396578922625,24.25));
#3977 = CARTESIAN_POINT('',(109.85742079632,95.114373183887,24.25));
#3978 = ORIENTED_EDGE('',*,*,#3979,.T.);
#3979 = EDGE_CURVE('',#3971,#3980,#3982,.T.);
#3980 = VERTEX_POINT('',#3981);
#3981 = CARTESIAN_POINT('',(110.21378052338,69.516708324208,24.25));
#3982 = B_SPLINE_CURVE_WITH_KNOTS('',3,(#3983,#3984,#3985,#3986),
  .UNSPECIFIED.,.F.,.F.,(4,4),(0.,1.),.PIECEWISE_BEZIER_KNOTS.);
#3983 = CARTESIAN_POINT('',(109.85742079632,34.885626816113,24.25));
#3984 = CARTESIAN_POINT('',(110.13898273678,46.603421077375,24.25));
#3985 = CARTESIAN_POINT('',(110.25777019441,58.14710873979,24.25));
#3986 = CARTESIAN_POINT('',(110.21378052338,69.516708324208,24.25));
#3987 = ORIENTED_EDGE('',*,*,#3988,.T.);
#3988 = EDGE_CURVE('',#3980,#3989,#3991,.T.);
#3989 = VERTEX_POINT('',#3990);
#3990 = CARTESIAN_POINT('',(109.93095387327,89.753840833267,24.25));
#3991 = B_SPLINE_CURVE_WITH_KNOTS('',3,(#3992,#3993,#3994,#3995),
  .UNSPECIFIED.,.F.,.F.,(4,4),(0.,1.),.PIECEWISE_BEZIER_KNOTS.);
#3992 = CARTESIAN_POINT('',(110.21378052338,69.516708324208,24.25));
#3993 = CARTESIAN_POINT('',(110.18928008108,75.778473688893,24.25));
#3994 = CARTESIAN_POINT('',(110.06294140721,81.649938541008,24.25));
#3995 = CARTESIAN_POINT('',(109.93095387327,89.753840833267,24.25));
#3996 = ORIENTED_EDGE('',*,*,#3997,.T.);
#3997 = EDGE_CURVE('',#3989,#3998,#4000,.T.);
#3998 = VERTEX_POINT('',#3999);
#3999 = CARTESIAN_POINT('',(108.68652190445,113.41693951052,24.25));
#4000 = B_SPLINE_CURVE_WITH_KNOTS('',3,(#4001,#4002,#4003,#4004),
  .UNSPECIFIED.,.F.,.F.,(4,4),(0.,1.),.PIECEWISE_BEZIER_KNOTS.);
#4001 = CARTESIAN_POINT('',(109.93095387327,89.753840833267,24.25));
#4002 = CARTESIAN_POINT('',(109.79896898516,97.648454844031,24.25));
#4003 = CARTESIAN_POINT('',(109.42752534649,105.82400637792,24.25));
#4004 = CARTESIAN_POINT('',(108.68652190445,113.41693951052,24.25));
#4005 = ORIENTED_EDGE('',*,*,#4006,.T.);
#4006 = EDGE_CURVE('',#3998,#4007,#4009,.T.);
#4007 = VERTEX_POINT('',#4008);
#4008 = CARTESIAN_POINT('',(104.25935283445,134.06888355779,24.25));
#4009 = B_SPLINE_CURVE_WITH_KNOTS('',3,(#4010,#4011,#4012,#4013),
  .UNSPECIFIED.,.F.,.F.,(4,4),(0.,1.),.PIECEWISE_BEZIER_KNOTS.);
#4010 = CARTESIAN_POINT('',(108.68652190445,113.41693951052,24.25));
#4011 = CARTESIAN_POINT('',(107.99077019727,120.53849312903,24.25));
#4012 = CARTESIAN_POINT('',(106.78781700102,127.42247447812,24.25));
#4013 = CARTESIAN_POINT('',(104.25935283445,134.06888355779,24.25));
#4014 = ORIENTED_EDGE('',*,*,#4015,.T.);
#4015 = EDGE_CURVE('',#4007,#4016,#4018,.T.);
#4016 = VERTEX_POINT('',#4017);
#4017 = CARTESIAN_POINT('',(95.026033068732,148.04613718331,24.25));
#4018 = B_SPLINE_CURVE_WITH_KNOTS('',3,(#4019,#4020,#4021,#4022),
  .UNSPECIFIED.,.F.,.F.,(4,4),(0.,1.),.PIECEWISE_BEZIER_KNOTS.);
#4019 = CARTESIAN_POINT('',(104.25935283445,134.06888355779,24.25));
#4020 = CARTESIAN_POINT('',(102.16393530852,139.57329685916,24.25));
#4021 = CARTESIAN_POINT('',(99.086147942154,144.232381401,24.25));
#4022 = CARTESIAN_POINT('',(95.026033068732,148.04613718331,24.25));
#4023 = ORIENTED_EDGE('',*,*,#4024,.T.);
#4024 = EDGE_CURVE('',#4016,#4025,#4027,.T.);
#4025 = VERTEX_POINT('',#4026);
#4026 = CARTESIAN_POINT('',(72.897736289131,158.59931112177,24.25));
#4027 = B_SPLINE_CURVE_WITH_KNOTS('',3,(#4028,#4029,#4030,#4031),
  .UNSPECIFIED.,.F.,.F.,(4,4),(0.,1.),.PIECEWISE_BEZIER_KNOTS.);
#4028 = CARTESIAN_POINT('',(95.026033068732,148.04613718331,24.25));
#4029 = CARTESIAN_POINT('',(88.834030464546,153.85915022426,24.25));
#4030 = CARTESIAN_POINT('',(81.175107533738,157.09279321204,24.25));
#4031 = CARTESIAN_POINT('',(72.897736289131,158.59931112177,24.25));
#4032 = ORIENTED_EDGE('',*,*,#4033,.T.);
#4033 = EDGE_CURVE('',#4025,#4034,#4036,.T.);
#4034 = VERTEX_POINT('',#4035);
#4035 = CARTESIAN_POINT('',(48.242864469939,160.99013360264,24.25));
#4036 = B_SPLINE_CURVE_WITH_KNOTS('',3,(#4037,#4038,#4039,#4040),
  .UNSPECIFIED.,.F.,.F.,(4,4),(0.,1.),.PIECEWISE_BEZIER_KNOTS.);
#4037 = CARTESIAN_POINT('',(72.897736289131,158.59931112177,24.25));
#4038 = CARTESIAN_POINT('',(64.829658617691,160.06623674006,24.25));
#4039 = CARTESIAN_POINT('',(56.363737154956,160.63000091331,24.25));
#4040 = CARTESIAN_POINT('',(48.242864469939,160.99013360264,24.25));
#4041 = ORIENTED_EDGE('',*,*,#4042,.T.);
#4042 = EDGE_CURVE('',#4034,#4043,#4045,.T.);
#4043 = VERTEX_POINT('',#4044);
#4044 = CARTESIAN_POINT('',(-6.473252071396E-02,161.99763359437,24.25));
#4045 = B_SPLINE_CURVE_WITH_KNOTS('',3,(#4046,#4047,#4048,#4049),
  .UNSPECIFIED.,.F.,.F.,(4,4),(0.,1.),.PIECEWISE_BEZIER_KNOTS.);
#4046 = CARTESIAN_POINT('',(48.242864469939,160.99013360264,24.25));
#4047 = CARTESIAN_POINT('',(33.106025547724,161.66137428418,24.25));
#4048 = CARTESIAN_POINT('',(17.714643169577,162.00265009962,24.25));
#4049 = CARTESIAN_POINT('',(-6.473252071396E-02,161.99763359437,24.25));
#4050 = ORIENTED_EDGE('',*,*,#4051,.T.);
#4051 = EDGE_CURVE('',#4043,#4052,#4054,.T.);
#4052 = VERTEX_POINT('',#4053);
#4053 = CARTESIAN_POINT('',(-48.19886421556,160.9675064123,24.25));
#4054 = B_SPLINE_CURVE_WITH_KNOTS('',3,(#4055,#4056,#4057,#4058),
  .UNSPECIFIED.,.F.,.F.,(4,4),(0.,1.),.PIECEWISE_BEZIER_KNOTS.);
#4055 = CARTESIAN_POINT('',(-6.473252071396E-02,161.99763359437,24.25));
#4056 = CARTESIAN_POINT('',(-17.84410816338,161.99255358905,24.25));
#4057 = CARTESIAN_POINT('',(-33.20909409307,161.64378211994,24.25));
#4058 = CARTESIAN_POINT('',(-48.19886421556,160.9675064123,24.25));
#4059 = ORIENTED_EDGE('',*,*,#4060,.T.);
#4060 = EDGE_CURVE('',#4052,#4061,#4063,.T.);
#4061 = VERTEX_POINT('',#4062);
#4062 = CARTESIAN_POINT('',(-60.64320242456,160.17182412138,24.25));
#4063 = B_SPLINE_CURVE_WITH_KNOTS('',3,(#4064,#4065,#4066,#4067),
  .UNSPECIFIED.,.F.,.F.,(4,4),(0.,1.),.PIECEWISE_BEZIER_KNOTS.);
#4064 = CARTESIAN_POINT('',(-48.19886421556,160.9675064123,24.25));
#4065 = CARTESIAN_POINT('',(-52.78818335106,160.76010196611,24.25));
#4066 = CARTESIAN_POINT('',(-56.9362960874,160.49486748024,24.25));
#4067 = CARTESIAN_POINT('',(-60.64320242456,160.17182412138,24.25));
#4068 = ORIENTED_EDGE('',*,*,#4069,.T.);
#4069 = EDGE_CURVE('',#4061,#4070,#4072,.T.);
#4070 = VERTEX_POINT('',#4071);
#4071 = CARTESIAN_POINT('',(-88.14330320011,153.17848242869,24.25));
#4072 = B_SPLINE_CURVE_WITH_KNOTS('',3,(#4073,#4074,#4075,#4076),
  .UNSPECIFIED.,.F.,.F.,(4,4),(0.,1.),.PIECEWISE_BEZIER_KNOTS.);
#4073 = CARTESIAN_POINT('',(-60.64320242456,160.17182412138,24.25));
#4074 = CARTESIAN_POINT('',(-70.03490458518,159.35540112126,24.25));
#4075 = CARTESIAN_POINT('',(-79.87535906954,158.048744379,24.25));
#4076 = CARTESIAN_POINT('',(-88.14330320011,153.17848242869,24.25));
#4077 = ORIENTED_EDGE('',*,*,#4078,.T.);
#4078 = EDGE_CURVE('',#4070,#4079,#4081,.T.);
#4079 = VERTEX_POINT('',#4080);
#4080 = CARTESIAN_POINT('',(-104.8922500592,132.40963740492,24.25));
#4081 = B_SPLINE_CURVE_WITH_KNOTS('',3,(#4082,#4083,#4084,#4085),
  .UNSPECIFIED.,.F.,.F.,(4,4),(0.,1.),.PIECEWISE_BEZIER_KNOTS.);
#4082 = CARTESIAN_POINT('',(-88.14330320011,153.17848242869,24.25));
#4083 = CARTESIAN_POINT('',(-96.22080798558,148.42323761956,24.25));
#4084 = CARTESIAN_POINT('',(-101.8037920358,141.50028310469,24.25));
#4085 = CARTESIAN_POINT('',(-104.8922500592,132.40963740492,24.25));
#4086 = ORIENTED_EDGE('',*,*,#4087,.T.);
#4087 = EDGE_CURVE('',#4079,#4088,#4090,.T.);
#4088 = VERTEX_POINT('',#4089);
#4089 = CARTESIAN_POINT('',(-108.9951084148,110.30396781567,24.25));
#4090 = B_SPLINE_CURVE_WITH_KNOTS('',3,(#4091,#4092,#4093,#4094),
  .UNSPECIFIED.,.F.,.F.,(4,4),(0.,1.),.PIECEWISE_BEZIER_KNOTS.);
#4091 = CARTESIAN_POINT('',(-104.8922500592,132.40963740492,24.25));
#4092 = CARTESIAN_POINT('',(-107.3226648315,125.25791596317,24.25));
#4093 = CARTESIAN_POINT('',(-108.3992899372,117.87238992261,24.25));
#4094 = CARTESIAN_POINT('',(-108.9951084148,110.30396781567,24.25));
#4095 = ORIENTED_EDGE('',*,*,#4096,.T.);
#4096 = EDGE_CURVE('',#4088,#4097,#4099,.T.);
#4097 = VERTEX_POINT('',#4098);
#4098 = CARTESIAN_POINT('',(-110.1773209018,74.622658708638,24.25));
#4099 = B_SPLINE_CURVE_WITH_KNOTS('',3,(#4100,#4101,#4102,#4103),
  .UNSPECIFIED.,.F.,.F.,(4,4),(0.,1.),.PIECEWISE_BEZIER_KNOTS.);
#4100 = CARTESIAN_POINT('',(-108.9951084148,110.30396781567,24.25));
#4101 = CARTESIAN_POINT('',(-109.9039240116,98.747704494264,24.25));
#4102 = CARTESIAN_POINT('',(-110.0623064065,85.656636629369,24.25));
#4103 = CARTESIAN_POINT('',(-110.1773209018,74.622658708638,24.25));
#4104 = ORIENTED_EDGE('',*,*,#4105,.T.);
#4105 = EDGE_CURVE('',#4097,#4106,#4108,.T.);
#4106 = VERTEX_POINT('',#4107);
#4107 = CARTESIAN_POINT('',(-110.2265110609,65.,24.25));
#4108 = B_SPLINE_CURVE_WITH_KNOTS('',3,(#4109,#4110,#4111,#4112),
  .UNSPECIFIED.,.F.,.F.,(4,4),(0.,1.),.PIECEWISE_BEZIER_KNOTS.);
#4109 = CARTESIAN_POINT('',(-110.1773209018,74.622658708638,24.25));
#4110 = CARTESIAN_POINT('',(-110.2577701944,67.019036398195,24.25));
#4111 = CARTESIAN_POINT('',(-110.2395430295,58.644883114817,24.25));
#4112 = CARTESIAN_POINT('',(-110.122642053,49.500180337652,24.25));
#4113 = ORIENTED_EDGE('',*,*,#4114,.T.);
#4114 = EDGE_CURVE('',#4106,#3048,#4115,.T.);
#4115 = B_SPLINE_CURVE_WITH_KNOTS('',3,(#4116,#4117,#4118,#4119),
  .UNSPECIFIED.,.F.,.F.,(4,4),(0.,1.),.PIECEWISE_BEZIER_KNOTS.);
#4116 = CARTESIAN_POINT('',(-110.122642053,80.499819662348,24.25));
#4117 = CARTESIAN_POINT('',(-110.2395430295,71.355116885183,24.25));
#4118 = CARTESIAN_POINT('',(-110.2577701944,62.980963601805,24.25));
#4119 = CARTESIAN_POINT('',(-110.1773209018,55.377341291362,24.25));
#4120 = ORIENTED_EDGE('',*,*,#3047,.T.);
#4121 = ORIENTED_EDGE('',*,*,#3019,.T.);
#4122 = PLANE('',#4123);
#4123 = AXIS2_PLACEMENT_3D('',#4124,#4125,#4126);
#4124 = CARTESIAN_POINT('',(1.208834336125E-02,65.,24.25));
#4125 = DIRECTION('',(0.,0.,1.));
#4126 = DIRECTION('',(1.,0.,0.));
#4127 = ADVANCED_FACE('',(#4128),#4139,.T.);
#4128 = FACE_BOUND('',#4129,.T.);
#4129 = EDGE_LOOP('',(#4130,#4131,#4137,#4138));
#4130 = ORIENTED_EDGE('',*,*,#3925,.T.);
#4131 = ORIENTED_EDGE('',*,*,#4132,.T.);
#4132 = EDGE_CURVE('',#3926,#3630,#4133,.T.);
#4133 = LINE('',#4134,#4135);
#4134 = CARTESIAN_POINT('',(-93.2,-14.,24.25));
#4135 = VECTOR('',#4136,1.);
#4136 = DIRECTION('',(0.,0.,1.));
#4137 = ORIENTED_EDGE('',*,*,#3629,.F.);
#4138 = ORIENTED_EDGE('',*,*,#3000,.T.);
#4139 = PLANE('',#4140);
#4140 = AXIS2_PLACEMENT_3D('',#4141,#4142,#4143);
#4141 = CARTESIAN_POINT('',(-93.2,-182.,24.25));
#4142 = DIRECTION('',(1.,0.,0.));
#4143 = DIRECTION('',(0.,0.,1.));
#4144 = ADVANCED_FACE('',(#4145),#4155,.F.);
#4145 = FACE_BOUND('',#4146,.F.);
#4146 = EDGE_LOOP('',(#4147,#4148,#4154));
#4147 = ORIENTED_EDGE('',*,*,#4114,.F.);
#4148 = ORIENTED_EDGE('',*,*,#4149,.T.);
#4149 = EDGE_CURVE('',#4106,#2659,#4150,.T.);
#4150 = LINE('',#4151,#4152);
#4151 = CARTESIAN_POINT('',(-110.2265110609,65.,24.25));
#4152 = VECTOR('',#4153,1.);
#4153 = DIRECTION('',(0.,0.,1.));
#4154 = ORIENTED_EDGE('',*,*,#3056,.F.);
#4155 = SURFACE_OF_LINEAR_EXTRUSION('',#4156,#4161);
#4156 = B_SPLINE_CURVE_WITH_KNOTS('',3,(#4157,#4158,#4159,#4160),
  .UNSPECIFIED.,.F.,.F.,(4,4),(0.,1.),.PIECEWISE_BEZIER_KNOTS.);
#4157 = CARTESIAN_POINT('',(-110.122642053,80.499819662348,24.25));
#4158 = CARTESIAN_POINT('',(-110.2395430295,71.355116885183,24.25));
#4159 = CARTESIAN_POINT('',(-110.2577701944,62.980963601805,24.25));
#4160 = CARTESIAN_POINT('',(-110.1773209018,55.377341291362,24.25));
#4161 = VECTOR('',#4162,1.);
#4162 = DIRECTION('',(-0.,-0.,-1.));
#4163 = ADVANCED_FACE('',(#4164),#4294,.F.);
#4164 = FACE_BOUND('',#4165,.F.);
#4165 = EDGE_LOOP('',(#4166,#4177,#4186,#4195,#4204,#4213,#4222,#4231,
    #4240,#4247,#4248,#4249,#4250,#4251,#4252,#4253,#4254,#4255,#4256,
    #4257,#4258,#4259,#4260,#4269,#4278,#4287));
#4166 = ORIENTED_EDGE('',*,*,#4167,.T.);
#4167 = EDGE_CURVE('',#4168,#4170,#4172,.T.);
#4168 = VERTEX_POINT('',#4169);
#4169 = CARTESIAN_POINT('',(-60.64320242456,-30.17182412138,216.55));
#4170 = VERTEX_POINT('',#4171);
#4171 = CARTESIAN_POINT('',(-48.19886421556,-30.9675064123,216.55));
#4172 = B_SPLINE_CURVE_WITH_KNOTS('',3,(#4173,#4174,#4175,#4176),
  .UNSPECIFIED.,.F.,.F.,(4,4),(0.,1.),.PIECEWISE_BEZIER_KNOTS.);
#4173 = CARTESIAN_POINT('',(-60.64320242456,-30.17182412138,216.55));
#4174 = CARTESIAN_POINT('',(-56.9362960874,-30.49486748024,216.55));
#4175 = CARTESIAN_POINT('',(-52.78818335106,-30.76010196611,216.55));
#4176 = CARTESIAN_POINT('',(-48.19886421556,-30.9675064123,216.55));
#4177 = ORIENTED_EDGE('',*,*,#4178,.T.);
#4178 = EDGE_CURVE('',#4170,#4179,#4181,.T.);
#4179 = VERTEX_POINT('',#4180);
#4180 = CARTESIAN_POINT('',(-6.473252071396E-02,-31.99763359437,216.55)
  );
#4181 = B_SPLINE_CURVE_WITH_KNOTS('',3,(#4182,#4183,#4184,#4185),
  .UNSPECIFIED.,.F.,.F.,(4,4),(0.,1.),.PIECEWISE_BEZIER_KNOTS.);
#4182 = CARTESIAN_POINT('',(-48.19886421556,-30.9675064123,216.55));
#4183 = CARTESIAN_POINT('',(-33.20909409307,-31.64378211994,216.55));
#4184 = CARTESIAN_POINT('',(-17.84410816338,-31.99255358905,216.55));
#4185 = CARTESIAN_POINT('',(-6.473252071396E-02,-31.99763359437,216.55)
  );
#4186 = ORIENTED_EDGE('',*,*,#4187,.T.);
#4187 = EDGE_CURVE('',#4179,#4188,#4190,.T.);
#4188 = VERTEX_POINT('',#4189);
#4189 = CARTESIAN_POINT('',(48.242864469939,-30.99013360264,216.55));
#4190 = B_SPLINE_CURVE_WITH_KNOTS('',3,(#4191,#4192,#4193,#4194),
  .UNSPECIFIED.,.F.,.F.,(4,4),(0.,1.),.PIECEWISE_BEZIER_KNOTS.);
#4191 = CARTESIAN_POINT('',(-6.473252071396E-02,-31.99763359437,216.55)
  );
#4192 = CARTESIAN_POINT('',(17.714643169577,-32.00265009962,216.55));
#4193 = CARTESIAN_POINT('',(33.106025547724,-31.66137428418,216.55));
#4194 = CARTESIAN_POINT('',(48.242864469939,-30.99013360264,216.55));
#4195 = ORIENTED_EDGE('',*,*,#4196,.T.);
#4196 = EDGE_CURVE('',#4188,#4197,#4199,.T.);
#4197 = VERTEX_POINT('',#4198);
#4198 = CARTESIAN_POINT('',(72.897736289131,-28.59931112177,216.55));
#4199 = B_SPLINE_CURVE_WITH_KNOTS('',3,(#4200,#4201,#4202,#4203),
  .UNSPECIFIED.,.F.,.F.,(4,4),(0.,1.),.PIECEWISE_BEZIER_KNOTS.);
#4200 = CARTESIAN_POINT('',(48.242864469939,-30.99013360264,216.55));
#4201 = CARTESIAN_POINT('',(56.363737154956,-30.63000091331,216.55));
#4202 = CARTESIAN_POINT('',(64.829658617691,-30.06623674006,216.55));
#4203 = CARTESIAN_POINT('',(72.897736289131,-28.59931112177,216.55));
#4204 = ORIENTED_EDGE('',*,*,#4205,.T.);
#4205 = EDGE_CURVE('',#4197,#4206,#4208,.T.);
#4206 = VERTEX_POINT('',#4207);
#4207 = CARTESIAN_POINT('',(95.026033068732,-18.04613718331,216.55));
#4208 = B_SPLINE_CURVE_WITH_KNOTS('',3,(#4209,#4210,#4211,#4212),
  .UNSPECIFIED.,.F.,.F.,(4,4),(0.,1.),.PIECEWISE_BEZIER_KNOTS.);
#4209 = CARTESIAN_POINT('',(72.897736289131,-28.59931112177,216.55));
#4210 = CARTESIAN_POINT('',(81.175107533738,-27.09279321204,216.55));
#4211 = CARTESIAN_POINT('',(88.834030464546,-23.85915022426,216.55));
#4212 = CARTESIAN_POINT('',(95.026033068732,-18.04613718331,216.55));
#4213 = ORIENTED_EDGE('',*,*,#4214,.T.);
#4214 = EDGE_CURVE('',#4206,#4215,#4217,.T.);
#4215 = VERTEX_POINT('',#4216);
#4216 = CARTESIAN_POINT('',(104.25935283445,-4.068883557796,216.55));
#4217 = B_SPLINE_CURVE_WITH_KNOTS('',3,(#4218,#4219,#4220,#4221),
  .UNSPECIFIED.,.F.,.F.,(4,4),(0.,1.),.PIECEWISE_BEZIER_KNOTS.);
#4218 = CARTESIAN_POINT('',(95.026033068732,-18.04613718331,216.55));
#4219 = CARTESIAN_POINT('',(99.086147942154,-14.232381401,216.55));
#4220 = CARTESIAN_POINT('',(102.16393530852,-9.573296859169,216.55));
#4221 = CARTESIAN_POINT('',(104.25935283445,-4.068883557796,216.55));
#4222 = ORIENTED_EDGE('',*,*,#4223,.T.);
#4223 = EDGE_CURVE('',#4215,#4224,#4226,.T.);
#4224 = VERTEX_POINT('',#4225);
#4225 = CARTESIAN_POINT('',(108.68652190445,16.583060489479,216.55));
#4226 = B_SPLINE_CURVE_WITH_KNOTS('',3,(#4227,#4228,#4229,#4230),
  .UNSPECIFIED.,.F.,.F.,(4,4),(0.,1.),.PIECEWISE_BEZIER_KNOTS.);
#4227 = CARTESIAN_POINT('',(104.25935283445,-4.068883557796,216.55));
#4228 = CARTESIAN_POINT('',(106.78781700102,2.577525521872,216.55));
#4229 = CARTESIAN_POINT('',(107.99077019727,9.461506870963,216.55));
#4230 = CARTESIAN_POINT('',(108.68652190445,16.583060489479,216.55));
#4231 = ORIENTED_EDGE('',*,*,#4232,.T.);
#4232 = EDGE_CURVE('',#4224,#4233,#4235,.T.);
#4233 = VERTEX_POINT('',#4234);
#4234 = CARTESIAN_POINT('',(109.93095387327,40.246159166733,216.55));
#4235 = B_SPLINE_CURVE_WITH_KNOTS('',3,(#4236,#4237,#4238,#4239),
  .UNSPECIFIED.,.F.,.F.,(4,4),(0.,1.),.PIECEWISE_BEZIER_KNOTS.);
#4236 = CARTESIAN_POINT('',(108.68652190445,16.583060489479,216.55));
#4237 = CARTESIAN_POINT('',(109.42752534649,24.175993622071,216.55));
#4238 = CARTESIAN_POINT('',(109.79896898516,32.351545155969,216.55));
#4239 = CARTESIAN_POINT('',(109.93095387327,40.246159166733,216.55));
#4240 = ORIENTED_EDGE('',*,*,#4241,.T.);
#4241 = EDGE_CURVE('',#4233,#2542,#4242,.T.);
#4242 = B_SPLINE_CURVE_WITH_KNOTS('',3,(#4243,#4244,#4245,#4246),
  .UNSPECIFIED.,.F.,.F.,(4,4),(0.,1.),.PIECEWISE_BEZIER_KNOTS.);
#4243 = CARTESIAN_POINT('',(109.93095387327,40.246159166733,216.55));
#4244 = CARTESIAN_POINT('',(110.06294140721,48.350061458992,216.55));
#4245 = CARTESIAN_POINT('',(110.18928008108,54.221526311107,216.55));
#4246 = CARTESIAN_POINT('',(110.21378052338,60.483291675792,216.55));
#4247 = ORIENTED_EDGE('',*,*,#3411,.F.);
#4248 = ORIENTED_EDGE('',*,*,#3383,.F.);
#4249 = ORIENTED_EDGE('',*,*,#3355,.F.);
#4250 = ORIENTED_EDGE('',*,*,#3327,.F.);
#4251 = ORIENTED_EDGE('',*,*,#3299,.F.);
#4252 = ORIENTED_EDGE('',*,*,#3271,.F.);
#4253 = ORIENTED_EDGE('',*,*,#3243,.F.);
#4254 = ORIENTED_EDGE('',*,*,#3215,.F.);
#4255 = ORIENTED_EDGE('',*,*,#3187,.F.);
#4256 = ORIENTED_EDGE('',*,*,#3159,.F.);
#4257 = ORIENTED_EDGE('',*,*,#3131,.F.);
#4258 = ORIENTED_EDGE('',*,*,#3103,.F.);
#4259 = ORIENTED_EDGE('',*,*,#3083,.F.);
#4260 = ORIENTED_EDGE('',*,*,#4261,.T.);
#4261 = EDGE_CURVE('',#2659,#4262,#4264,.T.);
#4262 = VERTEX_POINT('',#4263);
#4263 = CARTESIAN_POINT('',(-108.9951084148,19.69603218433,216.55));
#4264 = B_SPLINE_CURVE_WITH_KNOTS('',3,(#4265,#4266,#4267,#4268),
  .UNSPECIFIED.,.F.,.F.,(4,4),(0.,1.),.PIECEWISE_BEZIER_KNOTS.);
#4265 = CARTESIAN_POINT('',(-110.1773209018,55.377341291362,216.55));
#4266 = CARTESIAN_POINT('',(-110.0623064065,44.343363370631,216.55));
#4267 = CARTESIAN_POINT('',(-109.9039240116,31.252295505736,216.55));
#4268 = CARTESIAN_POINT('',(-108.9951084148,19.69603218433,216.55));
#4269 = ORIENTED_EDGE('',*,*,#4270,.T.);
#4270 = EDGE_CURVE('',#4262,#4271,#4273,.T.);
#4271 = VERTEX_POINT('',#4272);
#4272 = CARTESIAN_POINT('',(-104.8922500592,-2.409637404928,216.55));
#4273 = B_SPLINE_CURVE_WITH_KNOTS('',3,(#4274,#4275,#4276,#4277),
  .UNSPECIFIED.,.F.,.F.,(4,4),(0.,1.),.PIECEWISE_BEZIER_KNOTS.);
#4274 = CARTESIAN_POINT('',(-108.9951084148,19.69603218433,216.55));
#4275 = CARTESIAN_POINT('',(-108.3992899372,12.127610077386,216.55));
#4276 = CARTESIAN_POINT('',(-107.3226648315,4.742084036822,216.55));
#4277 = CARTESIAN_POINT('',(-104.8922500592,-2.409637404928,216.55));
#4278 = ORIENTED_EDGE('',*,*,#4279,.T.);
#4279 = EDGE_CURVE('',#4271,#4280,#4282,.T.);
#4280 = VERTEX_POINT('',#4281);
#4281 = CARTESIAN_POINT('',(-88.14330320011,-23.17848242869,216.55));
#4282 = B_SPLINE_CURVE_WITH_KNOTS('',3,(#4283,#4284,#4285,#4286),
  .UNSPECIFIED.,.F.,.F.,(4,4),(0.,1.),.PIECEWISE_BEZIER_KNOTS.);
#4283 = CARTESIAN_POINT('',(-104.8922500592,-2.409637404928,216.55));
#4284 = CARTESIAN_POINT('',(-101.8037920358,-11.50028310469,216.55));
#4285 = CARTESIAN_POINT('',(-96.22080798558,-18.42323761956,216.55));
#4286 = CARTESIAN_POINT('',(-88.14330320011,-23.17848242869,216.55));
#4287 = ORIENTED_EDGE('',*,*,#4288,.T.);
#4288 = EDGE_CURVE('',#4280,#4168,#4289,.T.);
#4289 = B_SPLINE_CURVE_WITH_KNOTS('',3,(#4290,#4291,#4292,#4293),
  .UNSPECIFIED.,.F.,.F.,(4,4),(0.,1.),.PIECEWISE_BEZIER_KNOTS.);
#4290 = CARTESIAN_POINT('',(-88.14330320011,-23.17848242869,216.55));
#4291 = CARTESIAN_POINT('',(-79.87535906954,-28.048744379,216.55));
#4292 = CARTESIAN_POINT('',(-70.03490458518,-29.35540112126,216.55));
#4293 = CARTESIAN_POINT('',(-60.64320242456,-30.17182412138,216.55));
#4294 = PLANE('',#4295);
#4295 = AXIS2_PLACEMENT_3D('',#4296,#4297,#4298);
#4296 = CARTESIAN_POINT('',(1.208834336125E-02,65.,216.55));
#4297 = DIRECTION('',(0.,0.,1.));
#4298 = DIRECTION('',(1.,0.,0.));
#4299 = ADVANCED_FACE('',(#4300),#4310,.F.);
#4300 = FACE_BOUND('',#4301,.F.);
#4301 = EDGE_LOOP('',(#4302,#4303,#4304));
#4302 = ORIENTED_EDGE('',*,*,#3970,.F.);
#4303 = ORIENTED_EDGE('',*,*,#3449,.T.);
#4304 = ORIENTED_EDGE('',*,*,#4305,.F.);
#4305 = EDGE_CURVE('',#3971,#2542,#4306,.T.);
#4306 = LINE('',#4307,#4308);
#4307 = CARTESIAN_POINT('',(110.2226922089,65.,24.25));
#4308 = VECTOR('',#4309,1.);
#4309 = DIRECTION('',(0.,0.,1.));
#4310 = SURFACE_OF_LINEAR_EXTRUSION('',#4311,#4316);
#4311 = B_SPLINE_CURVE_WITH_KNOTS('',3,(#4312,#4313,#4314,#4315),
  .UNSPECIFIED.,.F.,.F.,(4,4),(0.,1.),.PIECEWISE_BEZIER_KNOTS.);
#4312 = CARTESIAN_POINT('',(110.21378052338,60.483291675792,24.25));
#4313 = CARTESIAN_POINT('',(110.25777019441,71.85289126021,24.25));
#4314 = CARTESIAN_POINT('',(110.13898273678,83.396578922625,24.25));
#4315 = CARTESIAN_POINT('',(109.85742079632,95.114373183887,24.25));
#4316 = VECTOR('',#4317,1.);
#4317 = DIRECTION('',(-0.,-0.,-1.));
#4318 = ADVANCED_FACE('',(#4319),#4330,.F.);
#4319 = FACE_BOUND('',#4320,.F.);
#4320 = EDGE_LOOP('',(#4321,#4322,#4328,#4329));
#4321 = ORIENTED_EDGE('',*,*,#3959,.T.);
#4322 = ORIENTED_EDGE('',*,*,#4323,.T.);
#4323 = EDGE_CURVE('',#3951,#3871,#4324,.T.);
#4324 = LINE('',#4325,#4326);
#4325 = CARTESIAN_POINT('',(93.2,-14.,24.25));
#4326 = VECTOR('',#4327,1.);
#4327 = DIRECTION('',(0.,0.,1.));
#4328 = ORIENTED_EDGE('',*,*,#3908,.T.);
#4329 = ORIENTED_EDGE('',*,*,#3550,.T.);
#4330 = PLANE('',#4331);
#4331 = AXIS2_PLACEMENT_3D('',#4332,#4333,#4334);
#4332 = CARTESIAN_POINT('',(93.2,-182.,24.25));
#4333 = DIRECTION('',(1.,0.,0.));
#4334 = DIRECTION('',(0.,0.,1.));
#4335 = ADVANCED_FACE('',(#4336),#4347,.F.);
#4336 = FACE_BOUND('',#4337,.T.);
#4337 = EDGE_LOOP('',(#4338,#4339,#4340,#4346));
#4338 = ORIENTED_EDGE('',*,*,#4132,.F.);
#4339 = ORIENTED_EDGE('',*,*,#3933,.T.);
#4340 = ORIENTED_EDGE('',*,*,#4341,.T.);
#4341 = EDGE_CURVE('',#3934,#3655,#4342,.T.);
#4342 = LINE('',#4343,#4344);
#4343 = CARTESIAN_POINT('',(-59.2,20.,24.25));
#4344 = VECTOR('',#4345,1.);
#4345 = DIRECTION('',(0.,0.,1.));
#4346 = ORIENTED_EDGE('',*,*,#3663,.F.);
#4347 = CYLINDRICAL_SURFACE('',#4348,34.);
#4348 = AXIS2_PLACEMENT_3D('',#4349,#4350,#4351);
#4349 = CARTESIAN_POINT('',(-59.2,-14.,24.25));
#4350 = DIRECTION('',(0.,0.,1.));
#4351 = DIRECTION('',(-1.,0.,0.));
#4352 = ADVANCED_FACE('',(#4353),#4364,.F.);
#4353 = FACE_BOUND('',#4354,.F.);
#4354 = EDGE_LOOP('',(#4355,#4356,#4357,#4363));
#4355 = ORIENTED_EDGE('',*,*,#3727,.F.);
#4356 = ORIENTED_EDGE('',*,*,#3771,.T.);
#4357 = ORIENTED_EDGE('',*,*,#4358,.T.);
#4358 = EDGE_CURVE('',#3761,#3843,#4359,.T.);
#4359 = LINE('',#4360,#4361);
#4360 = CARTESIAN_POINT('',(-16.5,1.997349900376,149.25));
#4361 = VECTOR('',#4362,1.);
#4362 = DIRECTION('',(1.,0.,0.));
#4363 = ORIENTED_EDGE('',*,*,#3854,.F.);
#4364 = PLANE('',#4365);
#4365 = AXIS2_PLACEMENT_3D('',#4366,#4367,#4368);
#4366 = CARTESIAN_POINT('',(-16.5,1.997349900376,107.25));
#4367 = DIRECTION('',(0.,1.,0.));
#4368 = DIRECTION('',(0.,0.,1.));
#4369 = ADVANCED_FACE('',(#4370),#4381,.F.);
#4370 = FACE_BOUND('',#4371,.F.);
#4371 = EDGE_LOOP('',(#4372,#4373,#4374,#4380));
#4372 = ORIENTED_EDGE('',*,*,#4341,.T.);
#4373 = ORIENTED_EDGE('',*,*,#3692,.T.);
#4374 = ORIENTED_EDGE('',*,*,#4375,.F.);
#4375 = EDGE_CURVE('',#3943,#3693,#4376,.T.);
#4376 = LINE('',#4377,#4378);
#4377 = CARTESIAN_POINT('',(59.2,20.,24.25));
#4378 = VECTOR('',#4379,1.);
#4379 = DIRECTION('',(0.,0.,1.));
#4380 = ORIENTED_EDGE('',*,*,#3942,.F.);
#4381 = PLANE('',#4382);
#4382 = AXIS2_PLACEMENT_3D('',#4383,#4384,#4385);
#4383 = CARTESIAN_POINT('',(-93.2,20.,24.25));
#4384 = DIRECTION('',(0.,1.,0.));
#4385 = DIRECTION('',(0.,0.,1.));
#4386 = ADVANCED_FACE('',(#4387),#4396,.F.);
#4387 = FACE_BOUND('',#4388,.F.);
#4388 = EDGE_LOOP('',(#4389,#4395));
#4389 = ORIENTED_EDGE('',*,*,#4390,.T.);
#4390 = EDGE_CURVE('',#3763,#3761,#4391,.T.);
#4391 = LINE('',#4392,#4393);
#4392 = CARTESIAN_POINT('',(-16.5,-20.00265009962,149.25));
#4393 = VECTOR('',#4394,1.);
#4394 = DIRECTION('',(0.,1.,0.));
#4395 = ORIENTED_EDGE('',*,*,#3760,.T.);
#4396 = PLANE('',#4397);
#4397 = AXIS2_PLACEMENT_3D('',#4398,#4399,#4400);
#4398 = CARTESIAN_POINT('',(-16.5,-9.002650099624,149.25));
#4399 = DIRECTION('',(0.,0.,1.));
#4400 = DIRECTION('',(1.,0.,0.));
#4401 = ADVANCED_FACE('',(#4402),#4429,.F.);
#4402 = FACE_BOUND('',#4403,.F.);
#4403 = EDGE_LOOP('',(#4404,#4413,#4414,#4421,#4422));
#4404 = ORIENTED_EDGE('',*,*,#4405,.F.);
#4405 = EDGE_CURVE('',#3763,#4406,#4408,.T.);
#4406 = VERTEX_POINT('',#4407);
#4407 = CARTESIAN_POINT('',(-5.5,-9.002650099624,149.25));
#4408 = CIRCLE('',#4409,11.);
#4409 = AXIS2_PLACEMENT_3D('',#4410,#4411,#4412);
#4410 = CARTESIAN_POINT('',(-16.5,-9.002650099624,149.25));
#4411 = DIRECTION('',(0.,0.,1.));
#4412 = DIRECTION('',(1.,0.,0.));
#4413 = ORIENTED_EDGE('',*,*,#3795,.T.);
#4414 = ORIENTED_EDGE('',*,*,#4415,.F.);
#4415 = EDGE_CURVE('',#3843,#3796,#4416,.T.);
#4416 = CIRCLE('',#4417,11.);
#4417 = AXIS2_PLACEMENT_3D('',#4418,#4419,#4420);
#4418 = CARTESIAN_POINT('',(16.5,-9.002650099624,149.25));
#4419 = DIRECTION('',(0.,0.,1.));
#4420 = DIRECTION('',(1.,0.,0.));
#4421 = ORIENTED_EDGE('',*,*,#4358,.F.);
#4422 = ORIENTED_EDGE('',*,*,#4423,.F.);
#4423 = EDGE_CURVE('',#4406,#3761,#4424,.T.);
#4424 = CIRCLE('',#4425,11.);
#4425 = AXIS2_PLACEMENT_3D('',#4426,#4427,#4428);
#4426 = CARTESIAN_POINT('',(-16.5,-9.002650099624,149.25));
#4427 = DIRECTION('',(0.,0.,1.));
#4428 = DIRECTION('',(1.,0.,0.));
#4429 = PLANE('',#4430);
#4430 = AXIS2_PLACEMENT_3D('',#4431,#4432,#4433);
#4431 = CARTESIAN_POINT('',(-16.5,-20.00265009962,149.25));
#4432 = DIRECTION('',(0.,0.,1.));
#4433 = DIRECTION('',(1.,0.,0.));
#4434 = ADVANCED_FACE('',(#4435),#4445,.F.);
#4435 = FACE_BOUND('',#4436,.F.);
#4436 = EDGE_LOOP('',(#4437,#4438,#4439));
#4437 = ORIENTED_EDGE('',*,*,#3826,.T.);
#4438 = ORIENTED_EDGE('',*,*,#3842,.T.);
#4439 = ORIENTED_EDGE('',*,*,#4440,.F.);
#4440 = EDGE_CURVE('',#3796,#3843,#4441,.T.);
#4441 = LINE('',#4442,#4443);
#4442 = CARTESIAN_POINT('',(16.5,-20.00265009962,149.25));
#4443 = VECTOR('',#4444,1.);
#4444 = DIRECTION('',(0.,1.,0.));
#4445 = PLANE('',#4446);
#4446 = AXIS2_PLACEMENT_3D('',#4447,#4448,#4449);
#4447 = CARTESIAN_POINT('',(16.5,-9.002650099624,149.25));
#4448 = DIRECTION('',(0.,0.,1.));
#4449 = DIRECTION('',(1.,0.,0.));
#4450 = ADVANCED_FACE('',(#4451),#4457,.F.);
#4451 = FACE_BOUND('',#4452,.F.);
#4452 = EDGE_LOOP('',(#4453,#4454,#4455,#4456));
#4453 = ORIENTED_EDGE('',*,*,#4323,.F.);
#4454 = ORIENTED_EDGE('',*,*,#3950,.T.);
#4455 = ORIENTED_EDGE('',*,*,#4375,.T.);
#4456 = ORIENTED_EDGE('',*,*,#3879,.T.);
#4457 = CYLINDRICAL_SURFACE('',#4458,34.);
#4458 = AXIS2_PLACEMENT_3D('',#4459,#4460,#4461);
#4459 = CARTESIAN_POINT('',(59.2,-14.,24.25));
#4460 = DIRECTION('',(0.,0.,1.));
#4461 = DIRECTION('',(1.,0.,0.));
#4462 = ADVANCED_FACE('',(#4463),#4473,.F.);
#4463 = FACE_BOUND('',#4464,.F.);
#4464 = EDGE_LOOP('',(#4465,#4466,#4472));
#4465 = ORIENTED_EDGE('',*,*,#4105,.F.);
#4466 = ORIENTED_EDGE('',*,*,#4467,.T.);
#4467 = EDGE_CURVE('',#4097,#2659,#4468,.T.);
#4468 = LINE('',#4469,#4470);
#4469 = CARTESIAN_POINT('',(-110.1773209018,74.622658708638,24.25));
#4470 = VECTOR('',#4471,1.);
#4471 = DIRECTION('',(0.,0.,1.));
#4472 = ORIENTED_EDGE('',*,*,#4149,.F.);
#4473 = SURFACE_OF_LINEAR_EXTRUSION('',#4474,#4479);
#4474 = B_SPLINE_CURVE_WITH_KNOTS('',3,(#4475,#4476,#4477,#4478),
  .UNSPECIFIED.,.F.,.F.,(4,4),(0.,1.),.PIECEWISE_BEZIER_KNOTS.);
#4475 = CARTESIAN_POINT('',(-110.1773209018,74.622658708638,24.25));
#4476 = CARTESIAN_POINT('',(-110.2577701944,67.019036398195,24.25));
#4477 = CARTESIAN_POINT('',(-110.2395430295,58.644883114817,24.25));
#4478 = CARTESIAN_POINT('',(-110.122642053,49.500180337652,24.25));
#4479 = VECTOR('',#4480,1.);
#4480 = DIRECTION('',(-0.,-0.,-1.));
#4481 = ADVANCED_FACE('',(#4482),#4501,.F.);
#4482 = FACE_BOUND('',#4483,.F.);
#4483 = EDGE_LOOP('',(#4484,#4485,#4493,#4500));
#4484 = ORIENTED_EDGE('',*,*,#4096,.F.);
#4485 = ORIENTED_EDGE('',*,*,#4486,.T.);
#4486 = EDGE_CURVE('',#4088,#4487,#4489,.T.);
#4487 = VERTEX_POINT('',#4488);
#4488 = CARTESIAN_POINT('',(-108.9951084148,110.30396781567,215.95));
#4489 = LINE('',#4490,#4491);
#4490 = CARTESIAN_POINT('',(-108.9951084148,110.30396781567,24.25));
#4491 = VECTOR('',#4492,1.);
#4492 = DIRECTION('',(0.,0.,1.));
#4493 = ORIENTED_EDGE('',*,*,#4494,.T.);
#4494 = EDGE_CURVE('',#4487,#2659,#4495,.T.);
#4495 = B_SPLINE_CURVE_WITH_KNOTS('',3,(#4496,#4497,#4498,#4499),
  .UNSPECIFIED.,.F.,.F.,(4,4),(0.,1.),.PIECEWISE_BEZIER_KNOTS.);
#4496 = CARTESIAN_POINT('',(-108.9951084148,110.30396781567,215.95));
#4497 = CARTESIAN_POINT('',(-109.9039240116,98.747704494264,215.95));
#4498 = CARTESIAN_POINT('',(-110.0623064065,85.656636629369,215.95));
#4499 = CARTESIAN_POINT('',(-110.1773209018,74.622658708638,215.95));
#4500 = ORIENTED_EDGE('',*,*,#4467,.F.);
#4501 = SURFACE_OF_LINEAR_EXTRUSION('',#4502,#4507);
#4502 = B_SPLINE_CURVE_WITH_KNOTS('',3,(#4503,#4504,#4505,#4506),
  .UNSPECIFIED.,.F.,.F.,(4,4),(0.,1.),.PIECEWISE_BEZIER_KNOTS.);
#4503 = CARTESIAN_POINT('',(-108.9951084148,110.30396781567,24.25));
#4504 = CARTESIAN_POINT('',(-109.9039240116,98.747704494264,24.25));
#4505 = CARTESIAN_POINT('',(-110.0623064065,85.656636629369,24.25));
#4506 = CARTESIAN_POINT('',(-110.1773209018,74.622658708638,24.25));
#4507 = VECTOR('',#4508,1.);
#4508 = DIRECTION('',(-0.,-0.,-1.));
#4509 = ADVANCED_FACE('',(#4510),#4529,.F.);
#4510 = FACE_BOUND('',#4511,.F.);
#4511 = EDGE_LOOP('',(#4512,#4513,#4521,#4528));
#4512 = ORIENTED_EDGE('',*,*,#4087,.F.);
#4513 = ORIENTED_EDGE('',*,*,#4514,.T.);
#4514 = EDGE_CURVE('',#4079,#4515,#4517,.T.);
#4515 = VERTEX_POINT('',#4516);
#4516 = CARTESIAN_POINT('',(-104.8922500592,132.40963740492,215.95));
#4517 = LINE('',#4518,#4519);
#4518 = CARTESIAN_POINT('',(-104.8922500592,132.40963740492,24.25));
#4519 = VECTOR('',#4520,1.);
#4520 = DIRECTION('',(0.,0.,1.));
#4521 = ORIENTED_EDGE('',*,*,#4522,.T.);
#4522 = EDGE_CURVE('',#4515,#4487,#4523,.T.);
#4523 = B_SPLINE_CURVE_WITH_KNOTS('',3,(#4524,#4525,#4526,#4527),
  .UNSPECIFIED.,.F.,.F.,(4,4),(0.,1.),.PIECEWISE_BEZIER_KNOTS.);
#4524 = CARTESIAN_POINT('',(-104.8922500592,132.40963740492,215.95));
#4525 = CARTESIAN_POINT('',(-107.3226648315,125.25791596317,215.95));
#4526 = CARTESIAN_POINT('',(-108.3992899372,117.87238992261,215.95));
#4527 = CARTESIAN_POINT('',(-108.9951084148,110.30396781567,215.95));
#4528 = ORIENTED_EDGE('',*,*,#4486,.F.);
#4529 = SURFACE_OF_LINEAR_EXTRUSION('',#4530,#4535);
#4530 = B_SPLINE_CURVE_WITH_KNOTS('',3,(#4531,#4532,#4533,#4534),
  .UNSPECIFIED.,.F.,.F.,(4,4),(0.,1.),.PIECEWISE_BEZIER_KNOTS.);
#4531 = CARTESIAN_POINT('',(-104.8922500592,132.40963740492,24.25));
#4532 = CARTESIAN_POINT('',(-107.3226648315,125.25791596317,24.25));
#4533 = CARTESIAN_POINT('',(-108.3992899372,117.87238992261,24.25));
#4534 = CARTESIAN_POINT('',(-108.9951084148,110.30396781567,24.25));
#4535 = VECTOR('',#4536,1.);
#4536 = DIRECTION('',(-0.,-0.,-1.));
#4537 = ADVANCED_FACE('',(#4538),#4557,.F.);
#4538 = FACE_BOUND('',#4539,.F.);
#4539 = EDGE_LOOP('',(#4540,#4541,#4549,#4556));
#4540 = ORIENTED_EDGE('',*,*,#4078,.F.);
#4541 = ORIENTED_EDGE('',*,*,#4542,.T.);
#4542 = EDGE_CURVE('',#4070,#4543,#4545,.T.);
#4543 = VERTEX_POINT('',#4544);
#4544 = CARTESIAN_POINT('',(-88.14330320011,153.17848242869,215.95));
#4545 = LINE('',#4546,#4547);
#4546 = CARTESIAN_POINT('',(-88.14330320011,153.17848242869,24.25));
#4547 = VECTOR('',#4548,1.);
#4548 = DIRECTION('',(0.,0.,1.));
#4549 = ORIENTED_EDGE('',*,*,#4550,.T.);
#4550 = EDGE_CURVE('',#4543,#4515,#4551,.T.);
#4551 = B_SPLINE_CURVE_WITH_KNOTS('',3,(#4552,#4553,#4554,#4555),
  .UNSPECIFIED.,.F.,.F.,(4,4),(0.,1.),.PIECEWISE_BEZIER_KNOTS.);
#4552 = CARTESIAN_POINT('',(-88.14330320011,153.17848242869,215.95));
#4553 = CARTESIAN_POINT('',(-96.22080798558,148.42323761956,215.95));
#4554 = CARTESIAN_POINT('',(-101.8037920358,141.50028310469,215.95));
#4555 = CARTESIAN_POINT('',(-104.8922500592,132.40963740492,215.95));
#4556 = ORIENTED_EDGE('',*,*,#4514,.F.);
#4557 = SURFACE_OF_LINEAR_EXTRUSION('',#4558,#4563);
#4558 = B_SPLINE_CURVE_WITH_KNOTS('',3,(#4559,#4560,#4561,#4562),
  .UNSPECIFIED.,.F.,.F.,(4,4),(0.,1.),.PIECEWISE_BEZIER_KNOTS.);
#4559 = CARTESIAN_POINT('',(-88.14330320011,153.17848242869,24.25));
#4560 = CARTESIAN_POINT('',(-96.22080798558,148.42323761956,24.25));
#4561 = CARTESIAN_POINT('',(-101.8037920358,141.50028310469,24.25));
#4562 = CARTESIAN_POINT('',(-104.8922500592,132.40963740492,24.25));
#4563 = VECTOR('',#4564,1.);
#4564 = DIRECTION('',(-0.,-0.,-1.));
#4565 = ADVANCED_FACE('',(#4566),#4585,.F.);
#4566 = FACE_BOUND('',#4567,.F.);
#4567 = EDGE_LOOP('',(#4568,#4569,#4577,#4584));
#4568 = ORIENTED_EDGE('',*,*,#4069,.F.);
#4569 = ORIENTED_EDGE('',*,*,#4570,.T.);
#4570 = EDGE_CURVE('',#4061,#4571,#4573,.T.);
#4571 = VERTEX_POINT('',#4572);
#4572 = CARTESIAN_POINT('',(-60.64320242456,160.17182412138,215.95));
#4573 = LINE('',#4574,#4575);
#4574 = CARTESIAN_POINT('',(-60.64320242456,160.17182412138,24.25));
#4575 = VECTOR('',#4576,1.);
#4576 = DIRECTION('',(0.,0.,1.));
#4577 = ORIENTED_EDGE('',*,*,#4578,.T.);
#4578 = EDGE_CURVE('',#4571,#4543,#4579,.T.);
#4579 = B_SPLINE_CURVE_WITH_KNOTS('',3,(#4580,#4581,#4582,#4583),
  .UNSPECIFIED.,.F.,.F.,(4,4),(0.,1.),.PIECEWISE_BEZIER_KNOTS.);
#4580 = CARTESIAN_POINT('',(-60.64320242456,160.17182412138,215.95));
#4581 = CARTESIAN_POINT('',(-70.03490458518,159.35540112126,215.95));
#4582 = CARTESIAN_POINT('',(-79.87535906954,158.048744379,215.95));
#4583 = CARTESIAN_POINT('',(-88.14330320011,153.17848242869,215.95));
#4584 = ORIENTED_EDGE('',*,*,#4542,.F.);
#4585 = SURFACE_OF_LINEAR_EXTRUSION('',#4586,#4591);
#4586 = B_SPLINE_CURVE_WITH_KNOTS('',3,(#4587,#4588,#4589,#4590),
  .UNSPECIFIED.,.F.,.F.,(4,4),(0.,1.),.PIECEWISE_BEZIER_KNOTS.);
#4587 = CARTESIAN_POINT('',(-60.64320242456,160.17182412138,24.25));
#4588 = CARTESIAN_POINT('',(-70.03490458518,159.35540112126,24.25));
#4589 = CARTESIAN_POINT('',(-79.87535906954,158.048744379,24.25));
#4590 = CARTESIAN_POINT('',(-88.14330320011,153.17848242869,24.25));
#4591 = VECTOR('',#4592,1.);
#4592 = DIRECTION('',(-0.,-0.,-1.));
#4593 = ADVANCED_FACE('',(#4594),#4613,.F.);
#4594 = FACE_BOUND('',#4595,.F.);
#4595 = EDGE_LOOP('',(#4596,#4597,#4605,#4612));
#4596 = ORIENTED_EDGE('',*,*,#4060,.F.);
#4597 = ORIENTED_EDGE('',*,*,#4598,.T.);
#4598 = EDGE_CURVE('',#4052,#4599,#4601,.T.);
#4599 = VERTEX_POINT('',#4600);
#4600 = CARTESIAN_POINT('',(-48.19886421556,160.9675064123,215.95));
#4601 = LINE('',#4602,#4603);
#4602 = CARTESIAN_POINT('',(-48.19886421556,160.9675064123,24.25));
#4603 = VECTOR('',#4604,1.);
#4604 = DIRECTION('',(0.,0.,1.));
#4605 = ORIENTED_EDGE('',*,*,#4606,.T.);
#4606 = EDGE_CURVE('',#4599,#4571,#4607,.T.);
#4607 = B_SPLINE_CURVE_WITH_KNOTS('',3,(#4608,#4609,#4610,#4611),
  .UNSPECIFIED.,.F.,.F.,(4,4),(0.,1.),.PIECEWISE_BEZIER_KNOTS.);
#4608 = CARTESIAN_POINT('',(-48.19886421556,160.9675064123,215.95));
#4609 = CARTESIAN_POINT('',(-52.78818335106,160.76010196611,215.95));
#4610 = CARTESIAN_POINT('',(-56.9362960874,160.49486748024,215.95));
#4611 = CARTESIAN_POINT('',(-60.64320242456,160.17182412138,215.95));
#4612 = ORIENTED_EDGE('',*,*,#4570,.F.);
#4613 = SURFACE_OF_LINEAR_EXTRUSION('',#4614,#4619);
#4614 = B_SPLINE_CURVE_WITH_KNOTS('',3,(#4615,#4616,#4617,#4618),
  .UNSPECIFIED.,.F.,.F.,(4,4),(0.,1.),.PIECEWISE_BEZIER_KNOTS.);
#4615 = CARTESIAN_POINT('',(-48.19886421556,160.9675064123,24.25));
#4616 = CARTESIAN_POINT('',(-52.78818335106,160.76010196611,24.25));
#4617 = CARTESIAN_POINT('',(-56.9362960874,160.49486748024,24.25));
#4618 = CARTESIAN_POINT('',(-60.64320242456,160.17182412138,24.25));
#4619 = VECTOR('',#4620,1.);
#4620 = DIRECTION('',(-0.,-0.,-1.));
#4621 = ADVANCED_FACE('',(#4622),#4641,.F.);
#4622 = FACE_BOUND('',#4623,.F.);
#4623 = EDGE_LOOP('',(#4624,#4625,#4633,#4640));
#4624 = ORIENTED_EDGE('',*,*,#4051,.F.);
#4625 = ORIENTED_EDGE('',*,*,#4626,.T.);
#4626 = EDGE_CURVE('',#4043,#4627,#4629,.T.);
#4627 = VERTEX_POINT('',#4628);
#4628 = CARTESIAN_POINT('',(-6.473252071396E-02,161.99763359437,215.95)
  );
#4629 = LINE('',#4630,#4631);
#4630 = CARTESIAN_POINT('',(-6.473252071396E-02,161.99763359437,24.25));
#4631 = VECTOR('',#4632,1.);
#4632 = DIRECTION('',(0.,0.,1.));
#4633 = ORIENTED_EDGE('',*,*,#4634,.T.);
#4634 = EDGE_CURVE('',#4627,#4599,#4635,.T.);
#4635 = B_SPLINE_CURVE_WITH_KNOTS('',3,(#4636,#4637,#4638,#4639),
  .UNSPECIFIED.,.F.,.F.,(4,4),(0.,1.),.PIECEWISE_BEZIER_KNOTS.);
#4636 = CARTESIAN_POINT('',(-6.473252071396E-02,161.99763359437,215.95)
  );
#4637 = CARTESIAN_POINT('',(-17.84410816338,161.99255358905,215.95));
#4638 = CARTESIAN_POINT('',(-33.20909409307,161.64378211994,215.95));
#4639 = CARTESIAN_POINT('',(-48.19886421556,160.9675064123,215.95));
#4640 = ORIENTED_EDGE('',*,*,#4598,.F.);
#4641 = SURFACE_OF_LINEAR_EXTRUSION('',#4642,#4647);
#4642 = B_SPLINE_CURVE_WITH_KNOTS('',3,(#4643,#4644,#4645,#4646),
  .UNSPECIFIED.,.F.,.F.,(4,4),(0.,1.),.PIECEWISE_BEZIER_KNOTS.);
#4643 = CARTESIAN_POINT('',(-6.473252071396E-02,161.99763359437,24.25));
#4644 = CARTESIAN_POINT('',(-17.84410816338,161.99255358905,24.25));
#4645 = CARTESIAN_POINT('',(-33.20909409307,161.64378211994,24.25));
#4646 = CARTESIAN_POINT('',(-48.19886421556,160.9675064123,24.25));
#4647 = VECTOR('',#4648,1.);
#4648 = DIRECTION('',(-0.,-0.,-1.));
#4649 = ADVANCED_FACE('',(#4650),#4669,.F.);
#4650 = FACE_BOUND('',#4651,.F.);
#4651 = EDGE_LOOP('',(#4652,#4653,#4661,#4668));
#4652 = ORIENTED_EDGE('',*,*,#4042,.F.);
#4653 = ORIENTED_EDGE('',*,*,#4654,.T.);
#4654 = EDGE_CURVE('',#4034,#4655,#4657,.T.);
#4655 = VERTEX_POINT('',#4656);
#4656 = CARTESIAN_POINT('',(48.242864469939,160.99013360264,215.95));
#4657 = LINE('',#4658,#4659);
#4658 = CARTESIAN_POINT('',(48.242864469939,160.99013360264,24.25));
#4659 = VECTOR('',#4660,1.);
#4660 = DIRECTION('',(0.,0.,1.));
#4661 = ORIENTED_EDGE('',*,*,#4662,.T.);
#4662 = EDGE_CURVE('',#4655,#4627,#4663,.T.);
#4663 = B_SPLINE_CURVE_WITH_KNOTS('',3,(#4664,#4665,#4666,#4667),
  .UNSPECIFIED.,.F.,.F.,(4,4),(0.,1.),.PIECEWISE_BEZIER_KNOTS.);
#4664 = CARTESIAN_POINT('',(48.242864469939,160.99013360264,215.95));
#4665 = CARTESIAN_POINT('',(33.106025547724,161.66137428418,215.95));
#4666 = CARTESIAN_POINT('',(17.714643169577,162.00265009962,215.95));
#4667 = CARTESIAN_POINT('',(-6.473252071396E-02,161.99763359437,215.95)
  );
#4668 = ORIENTED_EDGE('',*,*,#4626,.F.);
#4669 = SURFACE_OF_LINEAR_EXTRUSION('',#4670,#4675);
#4670 = B_SPLINE_CURVE_WITH_KNOTS('',3,(#4671,#4672,#4673,#4674),
  .UNSPECIFIED.,.F.,.F.,(4,4),(0.,1.),.PIECEWISE_BEZIER_KNOTS.);
#4671 = CARTESIAN_POINT('',(48.242864469939,160.99013360264,24.25));
#4672 = CARTESIAN_POINT('',(33.106025547724,161.66137428418,24.25));
#4673 = CARTESIAN_POINT('',(17.714643169577,162.00265009962,24.25));
#4674 = CARTESIAN_POINT('',(-6.473252071396E-02,161.99763359437,24.25));
#4675 = VECTOR('',#4676,1.);
#4676 = DIRECTION('',(-0.,-0.,-1.));
#4677 = ADVANCED_FACE('',(#4678),#4697,.F.);
#4678 = FACE_BOUND('',#4679,.F.);
#4679 = EDGE_LOOP('',(#4680,#4681,#4689,#4696));
#4680 = ORIENTED_EDGE('',*,*,#4033,.F.);
#4681 = ORIENTED_EDGE('',*,*,#4682,.T.);
#4682 = EDGE_CURVE('',#4025,#4683,#4685,.T.);
#4683 = VERTEX_POINT('',#4684);
#4684 = CARTESIAN_POINT('',(72.897736289131,158.59931112177,215.95));
#4685 = LINE('',#4686,#4687);
#4686 = CARTESIAN_POINT('',(72.897736289131,158.59931112177,24.25));
#4687 = VECTOR('',#4688,1.);
#4688 = DIRECTION('',(0.,0.,1.));
#4689 = ORIENTED_EDGE('',*,*,#4690,.T.);
#4690 = EDGE_CURVE('',#4683,#4655,#4691,.T.);
#4691 = B_SPLINE_CURVE_WITH_KNOTS('',3,(#4692,#4693,#4694,#4695),
  .UNSPECIFIED.,.F.,.F.,(4,4),(0.,1.),.PIECEWISE_BEZIER_KNOTS.);
#4692 = CARTESIAN_POINT('',(72.897736289131,158.59931112177,215.95));
#4693 = CARTESIAN_POINT('',(64.829658617691,160.06623674006,215.95));
#4694 = CARTESIAN_POINT('',(56.363737154956,160.63000091331,215.95));
#4695 = CARTESIAN_POINT('',(48.242864469939,160.99013360264,215.95));
#4696 = ORIENTED_EDGE('',*,*,#4654,.F.);
#4697 = SURFACE_OF_LINEAR_EXTRUSION('',#4698,#4703);
#4698 = B_SPLINE_CURVE_WITH_KNOTS('',3,(#4699,#4700,#4701,#4702),
  .UNSPECIFIED.,.F.,.F.,(4,4),(0.,1.),.PIECEWISE_BEZIER_KNOTS.);
#4699 = CARTESIAN_POINT('',(72.897736289131,158.59931112177,24.25));
#4700 = CARTESIAN_POINT('',(64.829658617691,160.06623674006,24.25));
#4701 = CARTESIAN_POINT('',(56.363737154956,160.63000091331,24.25));
#4702 = CARTESIAN_POINT('',(48.242864469939,160.99013360264,24.25));
#4703 = VECTOR('',#4704,1.);
#4704 = DIRECTION('',(-0.,-0.,-1.));
#4705 = ADVANCED_FACE('',(#4706),#4725,.F.);
#4706 = FACE_BOUND('',#4707,.F.);
#4707 = EDGE_LOOP('',(#4708,#4709,#4717,#4724));
#4708 = ORIENTED_EDGE('',*,*,#4024,.F.);
#4709 = ORIENTED_EDGE('',*,*,#4710,.T.);
#4710 = EDGE_CURVE('',#4016,#4711,#4713,.T.);
#4711 = VERTEX_POINT('',#4712);
#4712 = CARTESIAN_POINT('',(95.026033068732,148.04613718331,215.95));
#4713 = LINE('',#4714,#4715);
#4714 = CARTESIAN_POINT('',(95.026033068732,148.04613718331,24.25));
#4715 = VECTOR('',#4716,1.);
#4716 = DIRECTION('',(0.,0.,1.));
#4717 = ORIENTED_EDGE('',*,*,#4718,.T.);
#4718 = EDGE_CURVE('',#4711,#4683,#4719,.T.);
#4719 = B_SPLINE_CURVE_WITH_KNOTS('',3,(#4720,#4721,#4722,#4723),
  .UNSPECIFIED.,.F.,.F.,(4,4),(0.,1.),.PIECEWISE_BEZIER_KNOTS.);
#4720 = CARTESIAN_POINT('',(95.026033068732,148.04613718331,215.95));
#4721 = CARTESIAN_POINT('',(88.834030464546,153.85915022426,215.95));
#4722 = CARTESIAN_POINT('',(81.175107533738,157.09279321204,215.95));
#4723 = CARTESIAN_POINT('',(72.897736289131,158.59931112177,215.95));
#4724 = ORIENTED_EDGE('',*,*,#4682,.F.);
#4725 = SURFACE_OF_LINEAR_EXTRUSION('',#4726,#4731);
#4726 = B_SPLINE_CURVE_WITH_KNOTS('',3,(#4727,#4728,#4729,#4730),
  .UNSPECIFIED.,.F.,.F.,(4,4),(0.,1.),.PIECEWISE_BEZIER_KNOTS.);
#4727 = CARTESIAN_POINT('',(95.026033068732,148.04613718331,24.25));
#4728 = CARTESIAN_POINT('',(88.834030464546,153.85915022426,24.25));
#4729 = CARTESIAN_POINT('',(81.175107533738,157.09279321204,24.25));
#4730 = CARTESIAN_POINT('',(72.897736289131,158.59931112177,24.25));
#4731 = VECTOR('',#4732,1.);
#4732 = DIRECTION('',(-0.,-0.,-1.));
#4733 = ADVANCED_FACE('',(#4734),#4753,.F.);
#4734 = FACE_BOUND('',#4735,.F.);
#4735 = EDGE_LOOP('',(#4736,#4737,#4745,#4752));
#4736 = ORIENTED_EDGE('',*,*,#4015,.F.);
#4737 = ORIENTED_EDGE('',*,*,#4738,.T.);
#4738 = EDGE_CURVE('',#4007,#4739,#4741,.T.);
#4739 = VERTEX_POINT('',#4740);
#4740 = CARTESIAN_POINT('',(104.25935283445,134.06888355779,215.95));
#4741 = LINE('',#4742,#4743);
#4742 = CARTESIAN_POINT('',(104.25935283445,134.06888355779,24.25));
#4743 = VECTOR('',#4744,1.);
#4744 = DIRECTION('',(0.,0.,1.));
#4745 = ORIENTED_EDGE('',*,*,#4746,.T.);
#4746 = EDGE_CURVE('',#4739,#4711,#4747,.T.);
#4747 = B_SPLINE_CURVE_WITH_KNOTS('',3,(#4748,#4749,#4750,#4751),
  .UNSPECIFIED.,.F.,.F.,(4,4),(0.,1.),.PIECEWISE_BEZIER_KNOTS.);
#4748 = CARTESIAN_POINT('',(104.25935283445,134.06888355779,215.95));
#4749 = CARTESIAN_POINT('',(102.16393530852,139.57329685916,215.95));
#4750 = CARTESIAN_POINT('',(99.086147942154,144.232381401,215.95));
#4751 = CARTESIAN_POINT('',(95.026033068732,148.04613718331,215.95));
#4752 = ORIENTED_EDGE('',*,*,#4710,.F.);
#4753 = SURFACE_OF_LINEAR_EXTRUSION('',#4754,#4759);
#4754 = B_SPLINE_CURVE_WITH_KNOTS('',3,(#4755,#4756,#4757,#4758),
  .UNSPECIFIED.,.F.,.F.,(4,4),(0.,1.),.PIECEWISE_BEZIER_KNOTS.);
#4755 = CARTESIAN_POINT('',(104.25935283445,134.06888355779,24.25));
#4756 = CARTESIAN_POINT('',(102.16393530852,139.57329685916,24.25));
#4757 = CARTESIAN_POINT('',(99.086147942154,144.232381401,24.25));
#4758 = CARTESIAN_POINT('',(95.026033068732,148.04613718331,24.25));
#4759 = VECTOR('',#4760,1.);
#4760 = DIRECTION('',(-0.,-0.,-1.));
#4761 = ADVANCED_FACE('',(#4762),#4781,.F.);
#4762 = FACE_BOUND('',#4763,.F.);
#4763 = EDGE_LOOP('',(#4764,#4765,#4773,#4780));
#4764 = ORIENTED_EDGE('',*,*,#4006,.F.);
#4765 = ORIENTED_EDGE('',*,*,#4766,.T.);
#4766 = EDGE_CURVE('',#3998,#4767,#4769,.T.);
#4767 = VERTEX_POINT('',#4768);
#4768 = CARTESIAN_POINT('',(108.68652190445,113.41693951052,215.95));
#4769 = LINE('',#4770,#4771);
#4770 = CARTESIAN_POINT('',(108.68652190445,113.41693951052,24.25));
#4771 = VECTOR('',#4772,1.);
#4772 = DIRECTION('',(0.,0.,1.));
#4773 = ORIENTED_EDGE('',*,*,#4774,.T.);
#4774 = EDGE_CURVE('',#4767,#4739,#4775,.T.);
#4775 = B_SPLINE_CURVE_WITH_KNOTS('',3,(#4776,#4777,#4778,#4779),
  .UNSPECIFIED.,.F.,.F.,(4,4),(0.,1.),.PIECEWISE_BEZIER_KNOTS.);
#4776 = CARTESIAN_POINT('',(108.68652190445,113.41693951052,215.95));
#4777 = CARTESIAN_POINT('',(107.99077019727,120.53849312903,215.95));
#4778 = CARTESIAN_POINT('',(106.78781700102,127.42247447812,215.95));
#4779 = CARTESIAN_POINT('',(104.25935283445,134.06888355779,215.95));
#4780 = ORIENTED_EDGE('',*,*,#4738,.F.);
#4781 = SURFACE_OF_LINEAR_EXTRUSION('',#4782,#4787);
#4782 = B_SPLINE_CURVE_WITH_KNOTS('',3,(#4783,#4784,#4785,#4786),
  .UNSPECIFIED.,.F.,.F.,(4,4),(0.,1.),.PIECEWISE_BEZIER_KNOTS.);
#4783 = CARTESIAN_POINT('',(108.68652190445,113.41693951052,24.25));
#4784 = CARTESIAN_POINT('',(107.99077019727,120.53849312903,24.25));
#4785 = CARTESIAN_POINT('',(106.78781700102,127.42247447812,24.25));
#4786 = CARTESIAN_POINT('',(104.25935283445,134.06888355779,24.25));
#4787 = VECTOR('',#4788,1.);
#4788 = DIRECTION('',(-0.,-0.,-1.));
#4789 = ADVANCED_FACE('',(#4790),#4809,.F.);
#4790 = FACE_BOUND('',#4791,.F.);
#4791 = EDGE_LOOP('',(#4792,#4793,#4801,#4808));
#4792 = ORIENTED_EDGE('',*,*,#3997,.F.);
#4793 = ORIENTED_EDGE('',*,*,#4794,.T.);
#4794 = EDGE_CURVE('',#3989,#4795,#4797,.T.);
#4795 = VERTEX_POINT('',#4796);
#4796 = CARTESIAN_POINT('',(109.93095387327,89.753840833267,215.95));
#4797 = LINE('',#4798,#4799);
#4798 = CARTESIAN_POINT('',(109.93095387327,89.753840833267,24.25));
#4799 = VECTOR('',#4800,1.);
#4800 = DIRECTION('',(0.,0.,1.));
#4801 = ORIENTED_EDGE('',*,*,#4802,.T.);
#4802 = EDGE_CURVE('',#4795,#4767,#4803,.T.);
#4803 = B_SPLINE_CURVE_WITH_KNOTS('',3,(#4804,#4805,#4806,#4807),
  .UNSPECIFIED.,.F.,.F.,(4,4),(0.,1.),.PIECEWISE_BEZIER_KNOTS.);
#4804 = CARTESIAN_POINT('',(109.93095387327,89.753840833267,215.95));
#4805 = CARTESIAN_POINT('',(109.79896898516,97.648454844031,215.95));
#4806 = CARTESIAN_POINT('',(109.42752534649,105.82400637792,215.95));
#4807 = CARTESIAN_POINT('',(108.68652190445,113.41693951052,215.95));
#4808 = ORIENTED_EDGE('',*,*,#4766,.F.);
#4809 = SURFACE_OF_LINEAR_EXTRUSION('',#4810,#4815);
#4810 = B_SPLINE_CURVE_WITH_KNOTS('',3,(#4811,#4812,#4813,#4814),
  .UNSPECIFIED.,.F.,.F.,(4,4),(0.,1.),.PIECEWISE_BEZIER_KNOTS.);
#4811 = CARTESIAN_POINT('',(109.93095387327,89.753840833267,24.25));
#4812 = CARTESIAN_POINT('',(109.79896898516,97.648454844031,24.25));
#4813 = CARTESIAN_POINT('',(109.42752534649,105.82400637792,24.25));
#4814 = CARTESIAN_POINT('',(108.68652190445,113.41693951052,24.25));
#4815 = VECTOR('',#4816,1.);
#4816 = DIRECTION('',(-0.,-0.,-1.));
#4817 = ADVANCED_FACE('',(#4818),#4835,.F.);
#4818 = FACE_BOUND('',#4819,.F.);
#4819 = EDGE_LOOP('',(#4820,#4821,#4827,#4834));
#4820 = ORIENTED_EDGE('',*,*,#3988,.F.);
#4821 = ORIENTED_EDGE('',*,*,#4822,.T.);
#4822 = EDGE_CURVE('',#3980,#2542,#4823,.T.);
#4823 = LINE('',#4824,#4825);
#4824 = CARTESIAN_POINT('',(110.21378052338,69.516708324208,24.25));
#4825 = VECTOR('',#4826,1.);
#4826 = DIRECTION('',(0.,0.,1.));
#4827 = ORIENTED_EDGE('',*,*,#4828,.T.);
#4828 = EDGE_CURVE('',#2542,#4795,#4829,.T.);
#4829 = B_SPLINE_CURVE_WITH_KNOTS('',3,(#4830,#4831,#4832,#4833),
  .UNSPECIFIED.,.F.,.F.,(4,4),(0.,1.),.PIECEWISE_BEZIER_KNOTS.);
#4830 = CARTESIAN_POINT('',(110.21378052338,69.516708324208,215.95));
#4831 = CARTESIAN_POINT('',(110.18928008108,75.778473688893,215.95));
#4832 = CARTESIAN_POINT('',(110.06294140721,81.649938541008,215.95));
#4833 = CARTESIAN_POINT('',(109.93095387327,89.753840833267,215.95));
#4834 = ORIENTED_EDGE('',*,*,#4794,.F.);
#4835 = SURFACE_OF_LINEAR_EXTRUSION('',#4836,#4841);
#4836 = B_SPLINE_CURVE_WITH_KNOTS('',3,(#4837,#4838,#4839,#4840),
  .UNSPECIFIED.,.F.,.F.,(4,4),(0.,1.),.PIECEWISE_BEZIER_KNOTS.);
#4837 = CARTESIAN_POINT('',(110.21378052338,69.516708324208,24.25));
#4838 = CARTESIAN_POINT('',(110.18928008108,75.778473688893,24.25));
#4839 = CARTESIAN_POINT('',(110.06294140721,81.649938541008,24.25));
#4840 = CARTESIAN_POINT('',(109.93095387327,89.753840833267,24.25));
#4841 = VECTOR('',#4842,1.);
#4842 = DIRECTION('',(-0.,-0.,-1.));
#4843 = ADVANCED_FACE('',(#4844),#4849,.F.);
#4844 = FACE_BOUND('',#4845,.F.);
#4845 = EDGE_LOOP('',(#4846,#4847,#4848));
#4846 = ORIENTED_EDGE('',*,*,#3979,.F.);
#4847 = ORIENTED_EDGE('',*,*,#4305,.T.);
#4848 = ORIENTED_EDGE('',*,*,#4822,.F.);
#4849 = SURFACE_OF_LINEAR_EXTRUSION('',#4850,#4855);
#4850 = B_SPLINE_CURVE_WITH_KNOTS('',3,(#4851,#4852,#4853,#4854),
  .UNSPECIFIED.,.F.,.F.,(4,4),(0.,1.),.PIECEWISE_BEZIER_KNOTS.);
#4851 = CARTESIAN_POINT('',(109.85742079632,34.885626816113,24.25));
#4852 = CARTESIAN_POINT('',(110.13898273678,46.603421077375,24.25));
#4853 = CARTESIAN_POINT('',(110.25777019441,58.14710873979,24.25));
#4854 = CARTESIAN_POINT('',(110.21378052338,69.516708324208,24.25));
#4855 = VECTOR('',#4856,1.);
#4856 = DIRECTION('',(-0.,-0.,-1.));
#4857 = ADVANCED_FACE('',(#4858),#4884,.F.);
#4858 = FACE_BOUND('',#4859,.F.);
#4859 = EDGE_LOOP('',(#4860,#4868,#4869,#4877));
#4860 = ORIENTED_EDGE('',*,*,#4861,.F.);
#4861 = EDGE_CURVE('',#4170,#4862,#4864,.T.);
#4862 = VERTEX_POINT('',#4863);
#4863 = CARTESIAN_POINT('',(-48.19886421556,-30.9675064123,370.));
#4864 = LINE('',#4865,#4866);
#4865 = CARTESIAN_POINT('',(-48.19886421556,-30.9675064123,24.25));
#4866 = VECTOR('',#4867,1.);
#4867 = DIRECTION('',(0.,0.,1.));
#4868 = ORIENTED_EDGE('',*,*,#4167,.F.);
#4869 = ORIENTED_EDGE('',*,*,#4870,.T.);
#4870 = EDGE_CURVE('',#4168,#4871,#4873,.T.);
#4871 = VERTEX_POINT('',#4872);
#4872 = CARTESIAN_POINT('',(-60.64320242456,-30.17182412138,370.));
#4873 = LINE('',#4874,#4875);
#4874 = CARTESIAN_POINT('',(-60.64320242456,-30.17182412138,24.25));
#4875 = VECTOR('',#4876,1.);
#4876 = DIRECTION('',(0.,0.,1.));
#4877 = ORIENTED_EDGE('',*,*,#4878,.T.);
#4878 = EDGE_CURVE('',#4871,#4862,#4879,.T.);
#4879 = B_SPLINE_CURVE_WITH_KNOTS('',3,(#4880,#4881,#4882,#4883),
  .UNSPECIFIED.,.F.,.F.,(4,4),(0.,1.),.PIECEWISE_BEZIER_KNOTS.);
#4880 = CARTESIAN_POINT('',(-60.64320242456,-30.17182412138,370.));
#4881 = CARTESIAN_POINT('',(-56.9362960874,-30.49486748024,370.));
#4882 = CARTESIAN_POINT('',(-52.78818335106,-30.76010196611,370.));
#4883 = CARTESIAN_POINT('',(-48.19886421556,-30.9675064123,370.));
#4884 = SURFACE_OF_LINEAR_EXTRUSION('',#4885,#4890);
#4885 = B_SPLINE_CURVE_WITH_KNOTS('',3,(#4886,#4887,#4888,#4889),
  .UNSPECIFIED.,.F.,.F.,(4,4),(0.,1.),.PIECEWISE_BEZIER_KNOTS.);
#4886 = CARTESIAN_POINT('',(-60.64320242456,-30.17182412138,24.25));
#4887 = CARTESIAN_POINT('',(-56.9362960874,-30.49486748024,24.25));
#4888 = CARTESIAN_POINT('',(-52.78818335106,-30.76010196611,24.25));
#4889 = CARTESIAN_POINT('',(-48.19886421556,-30.9675064123,24.25));
#4890 = VECTOR('',#4891,1.);
#4891 = DIRECTION('',(-0.,-0.,-1.));
#4892 = ADVANCED_FACE('',(#4893),#4912,.F.);
#4893 = FACE_BOUND('',#4894,.F.);
#4894 = EDGE_LOOP('',(#4895,#4896,#4904,#4911));
#4895 = ORIENTED_EDGE('',*,*,#4288,.F.);
#4896 = ORIENTED_EDGE('',*,*,#4897,.T.);
#4897 = EDGE_CURVE('',#4280,#4898,#4900,.T.);
#4898 = VERTEX_POINT('',#4899);
#4899 = CARTESIAN_POINT('',(-88.14330320011,-23.17848242869,370.));
#4900 = LINE('',#4901,#4902);
#4901 = CARTESIAN_POINT('',(-88.14330320011,-23.17848242869,24.25));
#4902 = VECTOR('',#4903,1.);
#4903 = DIRECTION('',(0.,0.,1.));
#4904 = ORIENTED_EDGE('',*,*,#4905,.T.);
#4905 = EDGE_CURVE('',#4898,#4871,#4906,.T.);
#4906 = B_SPLINE_CURVE_WITH_KNOTS('',3,(#4907,#4908,#4909,#4910),
  .UNSPECIFIED.,.F.,.F.,(4,4),(0.,1.),.PIECEWISE_BEZIER_KNOTS.);
#4907 = CARTESIAN_POINT('',(-88.14330320011,-23.17848242869,370.));
#4908 = CARTESIAN_POINT('',(-79.87535906954,-28.048744379,370.));
#4909 = CARTESIAN_POINT('',(-70.03490458518,-29.35540112126,370.));
#4910 = CARTESIAN_POINT('',(-60.64320242456,-30.17182412138,370.));
#4911 = ORIENTED_EDGE('',*,*,#4870,.F.);
#4912 = SURFACE_OF_LINEAR_EXTRUSION('',#4913,#4918);
#4913 = B_SPLINE_CURVE_WITH_KNOTS('',3,(#4914,#4915,#4916,#4917),
  .UNSPECIFIED.,.F.,.F.,(4,4),(0.,1.),.PIECEWISE_BEZIER_KNOTS.);
#4914 = CARTESIAN_POINT('',(-88.14330320011,-23.17848242869,24.25));
#4915 = CARTESIAN_POINT('',(-79.87535906954,-28.048744379,24.25));
#4916 = CARTESIAN_POINT('',(-70.03490458518,-29.35540112126,24.25));
#4917 = CARTESIAN_POINT('',(-60.64320242456,-30.17182412138,24.25));
#4918 = VECTOR('',#4919,1.);
#4919 = DIRECTION('',(-0.,-0.,-1.));
#4920 = ADVANCED_FACE('',(#4921),#4940,.F.);
#4921 = FACE_BOUND('',#4922,.F.);
#4922 = EDGE_LOOP('',(#4923,#4924,#4932,#4939));
#4923 = ORIENTED_EDGE('',*,*,#4279,.F.);
#4924 = ORIENTED_EDGE('',*,*,#4925,.T.);
#4925 = EDGE_CURVE('',#4271,#4926,#4928,.T.);
#4926 = VERTEX_POINT('',#4927);
#4927 = CARTESIAN_POINT('',(-104.8922500592,-2.409637404928,370.));
#4928 = LINE('',#4929,#4930);
#4929 = CARTESIAN_POINT('',(-104.8922500592,-2.409637404928,24.25));
#4930 = VECTOR('',#4931,1.);
#4931 = DIRECTION('',(0.,0.,1.));
#4932 = ORIENTED_EDGE('',*,*,#4933,.T.);
#4933 = EDGE_CURVE('',#4926,#4898,#4934,.T.);
#4934 = B_SPLINE_CURVE_WITH_KNOTS('',3,(#4935,#4936,#4937,#4938),
  .UNSPECIFIED.,.F.,.F.,(4,4),(0.,1.),.PIECEWISE_BEZIER_KNOTS.);
#4935 = CARTESIAN_POINT('',(-104.8922500592,-2.409637404928,370.));
#4936 = CARTESIAN_POINT('',(-101.8037920358,-11.50028310469,370.));
#4937 = CARTESIAN_POINT('',(-96.22080798558,-18.42323761956,370.));
#4938 = CARTESIAN_POINT('',(-88.14330320011,-23.17848242869,370.));
#4939 = ORIENTED_EDGE('',*,*,#4897,.F.);
#4940 = SURFACE_OF_LINEAR_EXTRUSION('',#4941,#4946);
#4941 = B_SPLINE_CURVE_WITH_KNOTS('',3,(#4942,#4943,#4944,#4945),
  .UNSPECIFIED.,.F.,.F.,(4,4),(0.,1.),.PIECEWISE_BEZIER_KNOTS.);
#4942 = CARTESIAN_POINT('',(-104.8922500592,-2.409637404928,24.25));
#4943 = CARTESIAN_POINT('',(-101.8037920358,-11.50028310469,24.25));
#4944 = CARTESIAN_POINT('',(-96.22080798558,-18.42323761956,24.25));
#4945 = CARTESIAN_POINT('',(-88.14330320011,-23.17848242869,24.25));
#4946 = VECTOR('',#4947,1.);
#4947 = DIRECTION('',(-0.,-0.,-1.));
#4948 = ADVANCED_FACE('',(#4949),#4968,.F.);
#4949 = FACE_BOUND('',#4950,.F.);
#4950 = EDGE_LOOP('',(#4951,#4952,#4960,#4967));
#4951 = ORIENTED_EDGE('',*,*,#4270,.F.);
#4952 = ORIENTED_EDGE('',*,*,#4953,.T.);
#4953 = EDGE_CURVE('',#4262,#4954,#4956,.T.);
#4954 = VERTEX_POINT('',#4955);
#4955 = CARTESIAN_POINT('',(-108.9951084148,19.69603218433,370.));
#4956 = LINE('',#4957,#4958);
#4957 = CARTESIAN_POINT('',(-108.9951084148,19.69603218433,24.25));
#4958 = VECTOR('',#4959,1.);
#4959 = DIRECTION('',(0.,0.,1.));
#4960 = ORIENTED_EDGE('',*,*,#4961,.T.);
#4961 = EDGE_CURVE('',#4954,#4926,#4962,.T.);
#4962 = B_SPLINE_CURVE_WITH_KNOTS('',3,(#4963,#4964,#4965,#4966),
  .UNSPECIFIED.,.F.,.F.,(4,4),(0.,1.),.PIECEWISE_BEZIER_KNOTS.);
#4963 = CARTESIAN_POINT('',(-108.9951084148,19.69603218433,370.));
#4964 = CARTESIAN_POINT('',(-108.3992899372,12.127610077386,370.));
#4965 = CARTESIAN_POINT('',(-107.3226648315,4.742084036822,370.));
#4966 = CARTESIAN_POINT('',(-104.8922500592,-2.409637404928,370.));
#4967 = ORIENTED_EDGE('',*,*,#4925,.F.);
#4968 = SURFACE_OF_LINEAR_EXTRUSION('',#4969,#4974);
#4969 = B_SPLINE_CURVE_WITH_KNOTS('',3,(#4970,#4971,#4972,#4973),
  .UNSPECIFIED.,.F.,.F.,(4,4),(0.,1.),.PIECEWISE_BEZIER_KNOTS.);
#4970 = CARTESIAN_POINT('',(-108.9951084148,19.69603218433,24.25));
#4971 = CARTESIAN_POINT('',(-108.3992899372,12.127610077386,24.25));
#4972 = CARTESIAN_POINT('',(-107.3226648315,4.742084036822,24.25));
#4973 = CARTESIAN_POINT('',(-104.8922500592,-2.409637404928,24.25));
#4974 = VECTOR('',#4975,1.);
#4975 = DIRECTION('',(-0.,-0.,-1.));
#4976 = ADVANCED_FACE('',(#4977),#4996,.F.);
#4977 = FACE_BOUND('',#4978,.F.);
#4978 = EDGE_LOOP('',(#4979,#4980,#4988,#4995));
#4979 = ORIENTED_EDGE('',*,*,#4261,.F.);
#4980 = ORIENTED_EDGE('',*,*,#4981,.T.);
#4981 = EDGE_CURVE('',#2659,#4982,#4984,.T.);
#4982 = VERTEX_POINT('',#4983);
#4983 = CARTESIAN_POINT('',(-110.1773209018,55.377341291362,370.));
#4984 = LINE('',#4985,#4986);
#4985 = CARTESIAN_POINT('',(-110.1773209018,55.377341291362,24.25));
#4986 = VECTOR('',#4987,1.);
#4987 = DIRECTION('',(0.,0.,1.));
#4988 = ORIENTED_EDGE('',*,*,#4989,.T.);
#4989 = EDGE_CURVE('',#4982,#4954,#4990,.T.);
#4990 = B_SPLINE_CURVE_WITH_KNOTS('',3,(#4991,#4992,#4993,#4994),
  .UNSPECIFIED.,.F.,.F.,(4,4),(0.,1.),.PIECEWISE_BEZIER_KNOTS.);
#4991 = CARTESIAN_POINT('',(-110.1773209018,55.377341291362,370.));
#4992 = CARTESIAN_POINT('',(-110.0623064065,44.343363370631,370.));
#4993 = CARTESIAN_POINT('',(-109.9039240116,31.252295505736,370.));
#4994 = CARTESIAN_POINT('',(-108.9951084148,19.69603218433,370.));
#4995 = ORIENTED_EDGE('',*,*,#4953,.F.);
#4996 = SURFACE_OF_LINEAR_EXTRUSION('',#4997,#5002);
#4997 = B_SPLINE_CURVE_WITH_KNOTS('',3,(#4998,#4999,#5000,#5001),
  .UNSPECIFIED.,.F.,.F.,(4,4),(0.,1.),.PIECEWISE_BEZIER_KNOTS.);
#4998 = CARTESIAN_POINT('',(-110.1773209018,55.377341291362,24.25));
#4999 = CARTESIAN_POINT('',(-110.0623064065,44.343363370631,24.25));
#5000 = CARTESIAN_POINT('',(-109.9039240116,31.252295505736,24.25));
#5001 = CARTESIAN_POINT('',(-108.9951084148,19.69603218433,24.25));
#5002 = VECTOR('',#5003,1.);
#5003 = DIRECTION('',(-0.,-0.,-1.));
#5004 = ADVANCED_FACE('',(#5005),#5031,.F.);
#5005 = FACE_BOUND('',#5006,.F.);
#5006 = EDGE_LOOP('',(#5007,#5008,#5016,#5025));
#5007 = ORIENTED_EDGE('',*,*,#4241,.F.);
#5008 = ORIENTED_EDGE('',*,*,#5009,.T.);
#5009 = EDGE_CURVE('',#4233,#5010,#5012,.T.);
#5010 = VERTEX_POINT('',#5011);
#5011 = CARTESIAN_POINT('',(109.93095387327,40.246159166733,370.));
#5012 = LINE('',#5013,#5014);
#5013 = CARTESIAN_POINT('',(109.93095387327,40.246159166733,24.25));
#5014 = VECTOR('',#5015,1.);
#5015 = DIRECTION('',(0.,0.,1.));
#5016 = ORIENTED_EDGE('',*,*,#5017,.T.);
#5017 = EDGE_CURVE('',#5010,#5018,#5020,.T.);
#5018 = VERTEX_POINT('',#5019);
#5019 = CARTESIAN_POINT('',(110.21378052338,60.483291675792,370.));
#5020 = B_SPLINE_CURVE_WITH_KNOTS('',3,(#5021,#5022,#5023,#5024),
  .UNSPECIFIED.,.F.,.F.,(4,4),(0.,1.),.PIECEWISE_BEZIER_KNOTS.);
#5021 = CARTESIAN_POINT('',(109.93095387327,40.246159166733,370.));
#5022 = CARTESIAN_POINT('',(110.06294140721,48.350061458992,370.));
#5023 = CARTESIAN_POINT('',(110.18928008108,54.221526311107,370.));
#5024 = CARTESIAN_POINT('',(110.21378052338,60.483291675792,370.));
#5025 = ORIENTED_EDGE('',*,*,#5026,.F.);
#5026 = EDGE_CURVE('',#2542,#5018,#5027,.T.);
#5027 = LINE('',#5028,#5029);
#5028 = CARTESIAN_POINT('',(110.21378052338,60.483291675792,24.25));
#5029 = VECTOR('',#5030,1.);
#5030 = DIRECTION('',(0.,0.,1.));
#5031 = SURFACE_OF_LINEAR_EXTRUSION('',#5032,#5037);
#5032 = B_SPLINE_CURVE_WITH_KNOTS('',3,(#5033,#5034,#5035,#5036),
  .UNSPECIFIED.,.F.,.F.,(4,4),(0.,1.),.PIECEWISE_BEZIER_KNOTS.);
#5033 = CARTESIAN_POINT('',(109.93095387327,40.246159166733,24.25));
#5034 = CARTESIAN_POINT('',(110.06294140721,48.350061458992,24.25));
#5035 = CARTESIAN_POINT('',(110.18928008108,54.221526311107,24.25));
#5036 = CARTESIAN_POINT('',(110.21378052338,60.483291675792,24.25));
#5037 = VECTOR('',#5038,1.);
#5038 = DIRECTION('',(-0.,-0.,-1.));
#5039 = ADVANCED_FACE('',(#5040),#5059,.F.);
#5040 = FACE_BOUND('',#5041,.F.);
#5041 = EDGE_LOOP('',(#5042,#5043,#5051,#5058));
#5042 = ORIENTED_EDGE('',*,*,#4232,.F.);
#5043 = ORIENTED_EDGE('',*,*,#5044,.T.);
#5044 = EDGE_CURVE('',#4224,#5045,#5047,.T.);
#5045 = VERTEX_POINT('',#5046);
#5046 = CARTESIAN_POINT('',(108.68652190445,16.583060489479,370.));
#5047 = LINE('',#5048,#5049);
#5048 = CARTESIAN_POINT('',(108.68652190445,16.583060489479,24.25));
#5049 = VECTOR('',#5050,1.);
#5050 = DIRECTION('',(0.,0.,1.));
#5051 = ORIENTED_EDGE('',*,*,#5052,.T.);
#5052 = EDGE_CURVE('',#5045,#5010,#5053,.T.);
#5053 = B_SPLINE_CURVE_WITH_KNOTS('',3,(#5054,#5055,#5056,#5057),
  .UNSPECIFIED.,.F.,.F.,(4,4),(0.,1.),.PIECEWISE_BEZIER_KNOTS.);
#5054 = CARTESIAN_POINT('',(108.68652190445,16.583060489479,370.));
#5055 = CARTESIAN_POINT('',(109.42752534649,24.175993622071,370.));
#5056 = CARTESIAN_POINT('',(109.79896898516,32.351545155969,370.));
#5057 = CARTESIAN_POINT('',(109.93095387327,40.246159166733,370.));
#5058 = ORIENTED_EDGE('',*,*,#5009,.F.);
#5059 = SURFACE_OF_LINEAR_EXTRUSION('',#5060,#5065);
#5060 = B_SPLINE_CURVE_WITH_KNOTS('',3,(#5061,#5062,#5063,#5064),
  .UNSPECIFIED.,.F.,.F.,(4,4),(0.,1.),.PIECEWISE_BEZIER_KNOTS.);
#5061 = CARTESIAN_POINT('',(108.68652190445,16.583060489479,24.25));
#5062 = CARTESIAN_POINT('',(109.42752534649,24.175993622071,24.25));
#5063 = CARTESIAN_POINT('',(109.79896898516,32.351545155969,24.25));
#5064 = CARTESIAN_POINT('',(109.93095387327,40.246159166733,24.25));
#5065 = VECTOR('',#5066,1.);
#5066 = DIRECTION('',(-0.,-0.,-1.));
#5067 = ADVANCED_FACE('',(#5068),#5087,.F.);
#5068 = FACE_BOUND('',#5069,.F.);
#5069 = EDGE_LOOP('',(#5070,#5071,#5079,#5086));
#5070 = ORIENTED_EDGE('',*,*,#4223,.F.);
#5071 = ORIENTED_EDGE('',*,*,#5072,.T.);
#5072 = EDGE_CURVE('',#4215,#5073,#5075,.T.);
#5073 = VERTEX_POINT('',#5074);
#5074 = CARTESIAN_POINT('',(104.25935283445,-4.068883557796,370.));
#5075 = LINE('',#5076,#5077);
#5076 = CARTESIAN_POINT('',(104.25935283445,-4.068883557796,24.25));
#5077 = VECTOR('',#5078,1.);
#5078 = DIRECTION('',(0.,0.,1.));
#5079 = ORIENTED_EDGE('',*,*,#5080,.T.);
#5080 = EDGE_CURVE('',#5073,#5045,#5081,.T.);
#5081 = B_SPLINE_CURVE_WITH_KNOTS('',3,(#5082,#5083,#5084,#5085),
  .UNSPECIFIED.,.F.,.F.,(4,4),(0.,1.),.PIECEWISE_BEZIER_KNOTS.);
#5082 = CARTESIAN_POINT('',(104.25935283445,-4.068883557796,370.));
#5083 = CARTESIAN_POINT('',(106.78781700102,2.577525521872,370.));
#5084 = CARTESIAN_POINT('',(107.99077019727,9.461506870963,370.));
#5085 = CARTESIAN_POINT('',(108.68652190445,16.583060489479,370.));
#5086 = ORIENTED_EDGE('',*,*,#5044,.F.);
#5087 = SURFACE_OF_LINEAR_EXTRUSION('',#5088,#5093);
#5088 = B_SPLINE_CURVE_WITH_KNOTS('',3,(#5089,#5090,#5091,#5092),
  .UNSPECIFIED.,.F.,.F.,(4,4),(0.,1.),.PIECEWISE_BEZIER_KNOTS.);
#5089 = CARTESIAN_POINT('',(104.25935283445,-4.068883557796,24.25));
#5090 = CARTESIAN_POINT('',(106.78781700102,2.577525521872,24.25));
#5091 = CARTESIAN_POINT('',(107.99077019727,9.461506870963,24.25));
#5092 = CARTESIAN_POINT('',(108.68652190445,16.583060489479,24.25));
#5093 = VECTOR('',#5094,1.);
#5094 = DIRECTION('',(-0.,-0.,-1.));
#5095 = ADVANCED_FACE('',(#5096),#5115,.F.);
#5096 = FACE_BOUND('',#5097,.F.);
#5097 = EDGE_LOOP('',(#5098,#5099,#5107,#5114));
#5098 = ORIENTED_EDGE('',*,*,#4214,.F.);
#5099 = ORIENTED_EDGE('',*,*,#5100,.T.);
#5100 = EDGE_CURVE('',#4206,#5101,#5103,.T.);
#5101 = VERTEX_POINT('',#5102);
#5102 = CARTESIAN_POINT('',(95.026033068732,-18.04613718331,370.));
#5103 = LINE('',#5104,#5105);
#5104 = CARTESIAN_POINT('',(95.026033068732,-18.04613718331,24.25));
#5105 = VECTOR('',#5106,1.);
#5106 = DIRECTION('',(0.,0.,1.));
#5107 = ORIENTED_EDGE('',*,*,#5108,.T.);
#5108 = EDGE_CURVE('',#5101,#5073,#5109,.T.);
#5109 = B_SPLINE_CURVE_WITH_KNOTS('',3,(#5110,#5111,#5112,#5113),
  .UNSPECIFIED.,.F.,.F.,(4,4),(0.,1.),.PIECEWISE_BEZIER_KNOTS.);
#5110 = CARTESIAN_POINT('',(95.026033068732,-18.04613718331,370.));
#5111 = CARTESIAN_POINT('',(99.086147942154,-14.232381401,370.));
#5112 = CARTESIAN_POINT('',(102.16393530852,-9.573296859169,370.));
#5113 = CARTESIAN_POINT('',(104.25935283445,-4.068883557796,370.));
#5114 = ORIENTED_EDGE('',*,*,#5072,.F.);
#5115 = SURFACE_OF_LINEAR_EXTRUSION('',#5116,#5121);
#5116 = B_SPLINE_CURVE_WITH_KNOTS('',3,(#5117,#5118,#5119,#5120),
  .UNSPECIFIED.,.F.,.F.,(4,4),(0.,1.),.PIECEWISE_BEZIER_KNOTS.);
#5117 = CARTESIAN_POINT('',(95.026033068732,-18.04613718331,24.25));
#5118 = CARTESIAN_POINT('',(99.086147942154,-14.232381401,24.25));
#5119 = CARTESIAN_POINT('',(102.16393530852,-9.573296859169,24.25));
#5120 = CARTESIAN_POINT('',(104.25935283445,-4.068883557796,24.25));
#5121 = VECTOR('',#5122,1.);
#5122 = DIRECTION('',(-0.,-0.,-1.));
#5123 = ADVANCED_FACE('',(#5124),#5143,.F.);
#5124 = FACE_BOUND('',#5125,.F.);
#5125 = EDGE_LOOP('',(#5126,#5127,#5135,#5142));
#5126 = ORIENTED_EDGE('',*,*,#4205,.F.);
#5127 = ORIENTED_EDGE('',*,*,#5128,.T.);
#5128 = EDGE_CURVE('',#4197,#5129,#5131,.T.);
#5129 = VERTEX_POINT('',#5130);
#5130 = CARTESIAN_POINT('',(72.897736289131,-28.59931112177,370.));
#5131 = LINE('',#5132,#5133);
#5132 = CARTESIAN_POINT('',(72.897736289131,-28.59931112177,24.25));
#5133 = VECTOR('',#5134,1.);
#5134 = DIRECTION('',(0.,0.,1.));
#5135 = ORIENTED_EDGE('',*,*,#5136,.T.);
#5136 = EDGE_CURVE('',#5129,#5101,#5137,.T.);
#5137 = B_SPLINE_CURVE_WITH_KNOTS('',3,(#5138,#5139,#5140,#5141),
  .UNSPECIFIED.,.F.,.F.,(4,4),(0.,1.),.PIECEWISE_BEZIER_KNOTS.);
#5138 = CARTESIAN_POINT('',(72.897736289131,-28.59931112177,370.));
#5139 = CARTESIAN_POINT('',(81.175107533738,-27.09279321204,370.));
#5140 = CARTESIAN_POINT('',(88.834030464546,-23.85915022426,370.));
#5141 = CARTESIAN_POINT('',(95.026033068732,-18.04613718331,370.));
#5142 = ORIENTED_EDGE('',*,*,#5100,.F.);
#5143 = SURFACE_OF_LINEAR_EXTRUSION('',#5144,#5149);
#5144 = B_SPLINE_CURVE_WITH_KNOTS('',3,(#5145,#5146,#5147,#5148),
  .UNSPECIFIED.,.F.,.F.,(4,4),(0.,1.),.PIECEWISE_BEZIER_KNOTS.);
#5145 = CARTESIAN_POINT('',(72.897736289131,-28.59931112177,24.25));
#5146 = CARTESIAN_POINT('',(81.175107533738,-27.09279321204,24.25));
#5147 = CARTESIAN_POINT('',(88.834030464546,-23.85915022426,24.25));
#5148 = CARTESIAN_POINT('',(95.026033068732,-18.04613718331,24.25));
#5149 = VECTOR('',#5150,1.);
#5150 = DIRECTION('',(-0.,-0.,-1.));
#5151 = ADVANCED_FACE('',(#5152),#5171,.F.);
#5152 = FACE_BOUND('',#5153,.F.);
#5153 = EDGE_LOOP('',(#5154,#5155,#5163,#5170));
#5154 = ORIENTED_EDGE('',*,*,#4196,.F.);
#5155 = ORIENTED_EDGE('',*,*,#5156,.T.);
#5156 = EDGE_CURVE('',#4188,#5157,#5159,.T.);
#5157 = VERTEX_POINT('',#5158);
#5158 = CARTESIAN_POINT('',(48.242864469939,-30.99013360264,370.));
#5159 = LINE('',#5160,#5161);
#5160 = CARTESIAN_POINT('',(48.242864469939,-30.99013360264,24.25));
#5161 = VECTOR('',#5162,1.);
#5162 = DIRECTION('',(0.,0.,1.));
#5163 = ORIENTED_EDGE('',*,*,#5164,.T.);
#5164 = EDGE_CURVE('',#5157,#5129,#5165,.T.);
#5165 = B_SPLINE_CURVE_WITH_KNOTS('',3,(#5166,#5167,#5168,#5169),
  .UNSPECIFIED.,.F.,.F.,(4,4),(0.,1.),.PIECEWISE_BEZIER_KNOTS.);
#5166 = CARTESIAN_POINT('',(48.242864469939,-30.99013360264,370.));
#5167 = CARTESIAN_POINT('',(56.363737154956,-30.63000091331,370.));
#5168 = CARTESIAN_POINT('',(64.829658617691,-30.06623674006,370.));
#5169 = CARTESIAN_POINT('',(72.897736289131,-28.59931112177,370.));
#5170 = ORIENTED_EDGE('',*,*,#5128,.F.);
#5171 = SURFACE_OF_LINEAR_EXTRUSION('',#5172,#5177);
#5172 = B_SPLINE_CURVE_WITH_KNOTS('',3,(#5173,#5174,#5175,#5176),
  .UNSPECIFIED.,.F.,.F.,(4,4),(0.,1.),.PIECEWISE_BEZIER_KNOTS.);
#5173 = CARTESIAN_POINT('',(48.242864469939,-30.99013360264,24.25));
#5174 = CARTESIAN_POINT('',(56.363737154956,-30.63000091331,24.25));
#5175 = CARTESIAN_POINT('',(64.829658617691,-30.06623674006,24.25));
#5176 = CARTESIAN_POINT('',(72.897736289131,-28.59931112177,24.25));
#5177 = VECTOR('',#5178,1.);
#5178 = DIRECTION('',(-0.,-0.,-1.));
#5179 = ADVANCED_FACE('',(#5180),#5301,.F.);
#5180 = FACE_BOUND('',#5181,.F.);
#5181 = EDGE_LOOP('',(#5182,#5183,#5184,#5192,#5229,#5239,#5276,#5286,
    #5294));
#5182 = ORIENTED_EDGE('',*,*,#5156,.F.);
#5183 = ORIENTED_EDGE('',*,*,#4187,.F.);
#5184 = ORIENTED_EDGE('',*,*,#5185,.T.);
#5185 = EDGE_CURVE('',#4179,#5186,#5188,.T.);
#5186 = VERTEX_POINT('',#5187);
#5187 = CARTESIAN_POINT('',(-6.473252071396E-02,-31.99763359437,
    250.2503223387));
#5188 = LINE('',#5189,#5190);
#5189 = CARTESIAN_POINT('',(-6.473252071396E-02,-31.99763359437,24.25));
#5190 = VECTOR('',#5191,1.);
#5191 = DIRECTION('',(0.,0.,1.));
#5192 = ORIENTED_EDGE('',*,*,#5193,.T.);
#5193 = EDGE_CURVE('',#5186,#5194,#5196,.T.);
#5194 = VERTEX_POINT('',#5195);
#5195 = CARTESIAN_POINT('',(6.5,-31.98328947846,256.75));
#5196 = B_SPLINE_CURVE_WITH_KNOTS('',7,(#5197,#5198,#5199,#5200,#5201,
    #5202,#5203,#5204,#5205,#5206,#5207,#5208,#5209,#5210,#5211,#5212,
    #5213,#5214,#5215,#5216,#5217,#5218,#5219,#5220,#5221,#5222,#5223,
    #5224,#5225,#5226,#5227,#5228),.UNSPECIFIED.,.F.,.F.,(8,6,6,6,6,8),(
    0.,0.200784481028,0.324840669915,0.489154086801,0.67147220452,1.),
  .UNSPECIFIED.);
#5197 = CARTESIAN_POINT('',(-6.473252071396E-02,-31.99763359437,
    250.2503223387));
#5198 = CARTESIAN_POINT('',(0.29198732351,-31.99773424397,
    250.24676964333));
#5199 = CARTESIAN_POINT('',(0.649340071358,-31.99772686059,
    250.26605368983));
#5200 = CARTESIAN_POINT('',(1.003391313254,-31.99760887161,
    250.30830656615));
#5201 = CARTESIAN_POINT('',(1.350898156354,-31.99738505066,
    250.3726499516));
#5202 = CARTESIAN_POINT('',(1.689184408404,-31.99706563992,
    250.45763852142));
#5203 = CARTESIAN_POINT('',(2.016090087367,-31.99666414285,
    250.5614301347));
#5204 = CARTESIAN_POINT('',(2.523837364075,-31.99590600254,
    250.75638767882));
#5205 = CARTESIAN_POINT('',(2.712864013089,-31.99559069097,
    250.83726242284));
#5206 = CARTESIAN_POINT('',(2.896703940029,-31.99525293026,
    250.92411614832));
#5207 = CARTESIAN_POINT('',(3.075143143057,-31.99489613841,
    251.01650428457));
#5208 = CARTESIAN_POINT('',(3.248042122255,-31.99452365987,
    251.11399667729));
#5209 = CARTESIAN_POINT('',(3.415322736373,-31.99413865859,
    251.21619069953));
#5210 = CARTESIAN_POINT('',(3.791047114142,-31.99322142478,
    251.4638194726));
#5211 = CARTESIAN_POINT('',(3.995208514305,-31.99268200967,
    251.61250847022));
#5212 = CARTESIAN_POINT('',(4.18941165623,-31.99213260359,
    251.76795065501));
#5213 = CARTESIAN_POINT('',(4.373706618888,-31.99157935487,
    251.92938362831));
#5214 = CARTESIAN_POINT('',(4.548208299447,-31.99102774412,
    252.09612854354));
#5215 = CARTESIAN_POINT('',(4.713079785925,-31.99048255101,
    252.26759947821));
#5216 = CARTESIAN_POINT('',(5.040983622362,-31.9893544983,
    252.63827998358));
#5217 = CARTESIAN_POINT('',(5.201807864406,-31.98877415933,
    252.83843968806));
#5218 = CARTESIAN_POINT('',(5.351253647718,-31.98821238388,
    253.04312111199));
#5219 = CARTESIAN_POINT('',(5.489568990467,-31.98767395217,
    253.25173169135));
#5220 = CARTESIAN_POINT('',(5.616994215901,-31.98716288829,
    253.46375311525));
#5221 = CARTESIAN_POINT('',(5.73376118403,-31.98668253596,253.6787410896
    ));
#5222 = CARTESIAN_POINT('',(6.031667372245,-31.98543043198,
    254.28841072608));
#5223 = CARTESIAN_POINT('',(6.18925716746,-31.98473424534,
    254.68877472604));
#5224 = CARTESIAN_POINT('',(6.314177703576,-31.98416301672,
    255.09533374341));
#5225 = CARTESIAN_POINT('',(6.407249056078,-31.98372787632,
    255.50625661388));
#5226 = CARTESIAN_POINT('',(6.469073255476,-31.98343566117,
    255.91991770151));
#5227 = CARTESIAN_POINT('',(6.5,-31.98328947846,256.33490026493));
#5228 = CARTESIAN_POINT('',(6.5,-31.98328947846,256.75));
#5229 = ORIENTED_EDGE('',*,*,#5230,.F.);
#5230 = EDGE_CURVE('',#5231,#5194,#5233,.T.);
#5231 = VERTEX_POINT('',#5232);
#5232 = CARTESIAN_POINT('',(6.5,-31.98328947846,331.75));
#5233 = B_SPLINE_CURVE_WITH_KNOTS('',4,(#5234,#5235,#5236,#5237,#5238),
  .UNSPECIFIED.,.F.,.F.,(5,5),(0.,1.),.PIECEWISE_BEZIER_KNOTS.);
#5234 = CARTESIAN_POINT('',(6.5,-31.98328947846,331.75));
#5235 = CARTESIAN_POINT('',(6.5,-31.98328947846,313.));
#5236 = CARTESIAN_POINT('',(6.5,-31.98328947846,294.25));
#5237 = CARTESIAN_POINT('',(6.5,-31.98328947846,275.5));
#5238 = CARTESIAN_POINT('',(6.5,-31.98328947846,256.75));
#5239 = ORIENTED_EDGE('',*,*,#5240,.T.);
#5240 = EDGE_CURVE('',#5231,#5241,#5243,.T.);
#5241 = VERTEX_POINT('',#5242);
#5242 = CARTESIAN_POINT('',(-1.592040838892E-15,-31.99765033121,338.25)
  );
#5243 = B_SPLINE_CURVE_WITH_KNOTS('',7,(#5244,#5245,#5246,#5247,#5248,
    #5249,#5250,#5251,#5252,#5253,#5254,#5255,#5256,#5257,#5258,#5259,
    #5260,#5261,#5262,#5263,#5264,#5265,#5266,#5267,#5268,#5269,#5270,
    #5271,#5272,#5273,#5274,#5275),.UNSPECIFIED.,.F.,.F.,(8,6,6,6,6,8),(
    0.,0.308394231091,0.513329487543,0.681653538597,0.803602106148,1.),
  .UNSPECIFIED.);
#5244 = CARTESIAN_POINT('',(6.5,-31.98328947846,331.75));
#5245 = CARTESIAN_POINT('',(6.5,-31.98328947846,332.13763115704));
#5246 = CARTESIAN_POINT('',(6.473030210668,-31.98341695396,
    332.5251825006));
#5247 = CARTESIAN_POINT('',(6.419112620515,-31.98367181209,
    332.91164999895));
#5248 = CARTESIAN_POINT('',(6.337978278062,-31.984051654,333.29587804205
    ));
#5249 = CARTESIAN_POINT('',(6.22918155267,-31.98455129287,
    333.67657008517));
#5250 = CARTESIAN_POINT('',(6.092079625401,-31.98516236224,
    334.0522815085));
#5251 = CARTESIAN_POINT('',(5.81509887135,-31.98634525981,
    334.66667912872));
#5252 = CARTESIAN_POINT('',(5.691608259493,-31.98686136436,
    334.90898979172));
#5253 = CARTESIAN_POINT('',(5.55492489083,-31.98741780761,
    335.14785221787));
#5254 = CARTESIAN_POINT('',(5.404733028188,-31.98801023298,
    335.38267548393));
#5255 = CARTESIAN_POINT('',(5.240701991203,-31.98863325822,
    335.61275856728));
#5256 = CARTESIAN_POINT('',(5.062486752034,-31.98928034338,
    335.83728961004));
#5257 = CARTESIAN_POINT('',(4.711370208959,-31.99048857911,
    336.23443271256));
#5258 = CARTESIAN_POINT('',(4.543234210446,-31.99104432895,
    336.40912360163));
#5259 = CARTESIAN_POINT('',(4.365094033473,-31.99160669182,
    336.57890034202));
#5260 = CARTESIAN_POINT('',(4.176777089892,-31.99217059761,
    336.74314140391));
#5261 = CARTESIAN_POINT('',(3.978163540597,-31.99273021869,
    336.90112466106));
#5262 = CARTESIAN_POINT('',(3.769204845436,-31.99327900845,
    337.05203791191));
#5263 = CARTESIAN_POINT('',(3.391089483923,-31.99419424797,
    337.29855587959));
#5264 = CARTESIAN_POINT('',(3.226842412638,-31.99456924373,
    337.39793382314));
#5265 = CARTESIAN_POINT('',(3.057230496014,-31.9949319813,
    337.49277917825));
#5266 = CARTESIAN_POINT('',(2.882329659867,-31.99527947287,
    337.58271234102));
#5267 = CARTESIAN_POINT('',(2.702274034241,-31.99560858647,
    337.66733017504));
#5268 = CARTESIAN_POINT('',(2.517267628566,-31.99591614367,
    337.74621802975));
#5269 = CARTESIAN_POINT('',(2.022130286419,-31.99665458462,
    337.93611537072));
#5270 = CARTESIAN_POINT('',(1.704326765399,-31.99704649509,
    338.03742503124));
#5271 = CARTESIAN_POINT('',(1.375719187828,-31.99736101328,
    338.12097942231));
#5272 = CARTESIAN_POINT('',(1.038272573784,-31.99758568774,
    338.18507950816));
#5273 = CARTESIAN_POINT('',(0.694424232995,-31.99771091615,
    338.22837144896));
#5274 = CARTESIAN_POINT('',(0.347133327087,-31.99773188922,338.25));
#5275 = CARTESIAN_POINT('',(0.,-31.99765033121,338.25));
#5276 = ORIENTED_EDGE('',*,*,#5277,.T.);
#5277 = EDGE_CURVE('',#5241,#5278,#5280,.T.);
#5278 = VERTEX_POINT('',#5279);
#5279 = CARTESIAN_POINT('',(-6.473252071396E-02,-31.99763359437,
    338.24967766129));
#5280 = B_SPLINE_CURVE_WITH_KNOTS('',4,(#5281,#5282,#5283,#5284,#5285),
  .UNSPECIFIED.,.F.,.F.,(5,5),(0.,1.),.PIECEWISE_BEZIER_KNOTS.);
#5281 = CARTESIAN_POINT('',(-1.595945597899E-15,-31.99765033121,338.25)
  );
#5282 = CARTESIAN_POINT('',(-1.618370292591E-02,-31.99764652889,338.25)
  );
#5283 = CARTESIAN_POINT('',(-3.23673190575E-02,-31.99764247181,
    338.24994627457));
#5284 = CARTESIAN_POINT('',(-4.855045615968E-02,-31.99763816019,
    338.24983882403));
#5285 = CARTESIAN_POINT('',(-6.473252071396E-02,-31.99763359437,
    338.24967766129));
#5286 = ORIENTED_EDGE('',*,*,#5287,.T.);
#5287 = EDGE_CURVE('',#5278,#5288,#5290,.T.);
#5288 = VERTEX_POINT('',#5289);
#5289 = CARTESIAN_POINT('',(-6.473252071396E-02,-31.99763359437,370.));
#5290 = LINE('',#5291,#5292);
#5291 = CARTESIAN_POINT('',(-6.473252071396E-02,-31.99763359437,24.25));
#5292 = VECTOR('',#5293,1.);
#5293 = DIRECTION('',(0.,0.,1.));
#5294 = ORIENTED_EDGE('',*,*,#5295,.T.);
#5295 = EDGE_CURVE('',#5288,#5157,#5296,.T.);
#5296 = B_SPLINE_CURVE_WITH_KNOTS('',3,(#5297,#5298,#5299,#5300),
  .UNSPECIFIED.,.F.,.F.,(4,4),(0.,1.),.PIECEWISE_BEZIER_KNOTS.);
#5297 = CARTESIAN_POINT('',(-6.473252071396E-02,-31.99763359437,370.));
#5298 = CARTESIAN_POINT('',(17.714643169577,-32.00265009962,370.));
#5299 = CARTESIAN_POINT('',(33.106025547724,-31.66137428418,370.));
#5300 = CARTESIAN_POINT('',(48.242864469939,-30.99013360264,370.));
#5301 = SURFACE_OF_LINEAR_EXTRUSION('',#5302,#5307);
#5302 = B_SPLINE_CURVE_WITH_KNOTS('',3,(#5303,#5304,#5305,#5306),
  .UNSPECIFIED.,.F.,.F.,(4,4),(0.,1.),.PIECEWISE_BEZIER_KNOTS.);
#5303 = CARTESIAN_POINT('',(-6.473252071396E-02,-31.99763359437,24.25));
#5304 = CARTESIAN_POINT('',(17.714643169577,-32.00265009962,24.25));
#5305 = CARTESIAN_POINT('',(33.106025547724,-31.66137428418,24.25));
#5306 = CARTESIAN_POINT('',(48.242864469939,-30.99013360264,24.25));
#5307 = VECTOR('',#5308,1.);
#5308 = DIRECTION('',(-0.,-0.,-1.));
#5309 = ADVANCED_FACE('',(#5310),#5403,.F.);
#5310 = FACE_BOUND('',#5311,.F.);
#5311 = EDGE_LOOP('',(#5312,#5313,#5314,#5315,#5322,#5323,#5360,#5370));
#5312 = ORIENTED_EDGE('',*,*,#5185,.F.);
#5313 = ORIENTED_EDGE('',*,*,#4178,.F.);
#5314 = ORIENTED_EDGE('',*,*,#4861,.T.);
#5315 = ORIENTED_EDGE('',*,*,#5316,.T.);
#5316 = EDGE_CURVE('',#4862,#5288,#5317,.T.);
#5317 = B_SPLINE_CURVE_WITH_KNOTS('',3,(#5318,#5319,#5320,#5321),
  .UNSPECIFIED.,.F.,.F.,(4,4),(0.,1.),.PIECEWISE_BEZIER_KNOTS.);
#5318 = CARTESIAN_POINT('',(-48.19886421556,-30.9675064123,370.));
#5319 = CARTESIAN_POINT('',(-33.20909409307,-31.64378211994,370.));
#5320 = CARTESIAN_POINT('',(-17.84410816338,-31.99255358905,370.));
#5321 = CARTESIAN_POINT('',(-6.473252071396E-02,-31.99763359437,370.));
#5322 = ORIENTED_EDGE('',*,*,#5287,.F.);
#5323 = ORIENTED_EDGE('',*,*,#5324,.T.);
#5324 = EDGE_CURVE('',#5278,#5325,#5327,.T.);
#5325 = VERTEX_POINT('',#5326);
#5326 = CARTESIAN_POINT('',(-6.5,-31.98029133949,331.75));
#5327 = B_SPLINE_CURVE_WITH_KNOTS('',7,(#5328,#5329,#5330,#5331,#5332,
    #5333,#5334,#5335,#5336,#5337,#5338,#5339,#5340,#5341,#5342,#5343,
    #5344,#5345,#5346,#5347,#5348,#5349,#5350,#5351,#5352,#5353,#5354,
    #5355,#5356,#5357,#5358,#5359),.UNSPECIFIED.,.F.,.F.,(8,6,6,6,6,8),(
    0.,0.19147032073,0.3167121512,0.482440478597,0.678643721564,1.),
  .UNSPECIFIED.);
#5328 = CARTESIAN_POINT('',(-6.473252071396E-02,-31.99763359437,
    338.24967766129));
#5329 = CARTESIAN_POINT('',(-0.401345796482,-31.99753741567,
    338.24632521414));
#5330 = CARTESIAN_POINT('',(-0.73768902478,-31.99734530242,
    338.22263495363));
#5331 = CARTESIAN_POINT('',(-1.070511757593,-31.99705781015,
    338.17865433962));
#5332 = CARTESIAN_POINT('',(-1.39713992186,-31.99668089891,
    338.11520073843));
#5333 = CARTESIAN_POINT('',(-1.715371135354,-31.99622444033,
    338.03352654982));
#5334 = CARTESIAN_POINT('',(-2.023429526798,-31.99570056185,
    337.93518211223));
#5335 = CARTESIAN_POINT('',(-2.513869264217,-31.99474408557,
    337.74779671391));
#5336 = CARTESIAN_POINT('',(-2.702950057694,-31.99434242579,
    337.66727127399));
#5337 = CARTESIAN_POINT('',(-2.886862788905,-31.99392078343,
    337.58076123274));
#5338 = CARTESIAN_POINT('',(-3.065391495434,-31.99348265153,
    337.48871029844));
#5339 = CARTESIAN_POINT('',(-3.238394882984,-31.99303141801,
    337.3915481138));
#5340 = CARTESIAN_POINT('',(-3.405793183237,-31.99257026494,
    337.28967708925));
#5341 = CARTESIAN_POINT('',(-3.781617790466,-31.99148264046,
    337.04291433715));
#5342 = CARTESIAN_POINT('',(-3.98578935583,-31.99085098126,
    336.89477704145));
#5343 = CARTESIAN_POINT('',(-4.180038999076,-31.99021388541,
    336.73988579473));
#5344 = CARTESIAN_POINT('',(-4.364414173603,-31.9895774325,
    336.57900130785));
#5345 = CARTESIAN_POINT('',(-4.539027581976,-31.98894701263,
    336.41280125166));
#5346 = CARTESIAN_POINT('',(-4.7040404929,-31.98832729996,
    336.24187080469));
#5347 = CARTESIAN_POINT('',(-5.043865117264,-31.98700588861,
    335.8593031031));
#5348 = CARTESIAN_POINT('',(-5.21486575189,-31.98631020832,
    335.6459977348));
#5349 = CARTESIAN_POINT('',(-5.372971466059,-31.98564175972,
    335.42758775248));
#5350 = CARTESIAN_POINT('',(-5.518481165899,-31.98500611102,
    335.20478431421));
#5351 = CARTESIAN_POINT('',(-5.651683196835,-31.98440787512,
    334.97820492463));
#5352 = CARTESIAN_POINT('',(-5.772854536428,-31.9838508129,
    334.74837387543));
#5353 = CARTESIAN_POINT('',(-6.061413222149,-31.98249804791,
    334.13465498988));
#5354 = CARTESIAN_POINT('',(-6.208909330643,-31.98177710579,
    333.74615975359));
#5355 = CARTESIAN_POINT('',(-6.325891351193,-31.98118838758,
    333.35208072256));
#5356 = CARTESIAN_POINT('',(-6.413085898575,-31.98074122572,
    332.95405302256));
#5357 = CARTESIAN_POINT('',(-6.471020625083,-31.98044134598,
    332.5535373648));
#5358 = CARTESIAN_POINT('',(-6.5,-31.98029133949,332.15181806832));
#5359 = CARTESIAN_POINT('',(-6.5,-31.98029133949,331.75));
#5360 = ORIENTED_EDGE('',*,*,#5361,.T.);
#5361 = EDGE_CURVE('',#5325,#5362,#5364,.T.);
#5362 = VERTEX_POINT('',#5363);
#5363 = CARTESIAN_POINT('',(-6.5,-31.98029133949,256.75));
#5364 = B_SPLINE_CURVE_WITH_KNOTS('',4,(#5365,#5366,#5367,#5368,#5369),
  .UNSPECIFIED.,.F.,.F.,(5,5),(0.,1.),.PIECEWISE_BEZIER_KNOTS.);
#5365 = CARTESIAN_POINT('',(-6.5,-31.98029133949,331.75));
#5366 = CARTESIAN_POINT('',(-6.5,-31.98029133949,313.));
#5367 = CARTESIAN_POINT('',(-6.5,-31.98029133949,294.25));
#5368 = CARTESIAN_POINT('',(-6.5,-31.98029133949,275.5));
#5369 = CARTESIAN_POINT('',(-6.5,-31.98029133949,256.75));
#5370 = ORIENTED_EDGE('',*,*,#5371,.T.);
#5371 = EDGE_CURVE('',#5362,#5186,#5372,.T.);
#5372 = B_SPLINE_CURVE_WITH_KNOTS('',8,(#5373,#5374,#5375,#5376,#5377,
    #5378,#5379,#5380,#5381,#5382,#5383,#5384,#5385,#5386,#5387,#5388,
    #5389,#5390,#5391,#5392,#5393,#5394,#5395,#5396,#5397,#5398,#5399,
    #5400,#5401,#5402),.UNSPECIFIED.,.F.,.F.,(9,7,7,7,9),(0.,
    0.512826892193,0.682957059,0.810857925574,1.),.UNSPECIFIED.);
#5373 = CARTESIAN_POINT('',(-6.5,-31.98029133949,256.75));
#5374 = CARTESIAN_POINT('',(-6.5,-31.98029133949,256.18868608529));
#5375 = CARTESIAN_POINT('',(-6.444601093171,-31.98057808943,
    255.62841052388));
#5376 = CARTESIAN_POINT('',(-6.334172056746,-31.98114975597,
    255.07100790717));
#5377 = CARTESIAN_POINT('',(-6.167407582225,-31.98199919257,
    254.51950408009));
#5378 = CARTESIAN_POINT('',(-5.942570295018,-31.9831091285,
    253.97789822149));
#5379 = CARTESIAN_POINT('',(-5.657101305554,-31.98444763297,
    253.45134402455));
#5380 = CARTESIAN_POINT('',(-5.308482241318,-31.98596620032,
    252.94593981196));
#5381 = CARTESIAN_POINT('',(-4.75321641364,-31.98813911,252.31141337158)
  );
#5382 = CARTESIAN_POINT('',(-4.60747628673,-31.98869243975,
    252.15664864885));
#5383 = CARTESIAN_POINT('',(-4.454185129656,-31.98925519937,
    252.00550556345));
#5384 = CARTESIAN_POINT('',(-4.293227550902,-31.98982436918,
    251.85836107183));
#5385 = CARTESIAN_POINT('',(-4.124511855561,-31.99039653036,
    251.71564454274));
#5386 = CARTESIAN_POINT('',(-3.947976989311,-31.99096787493,
    251.57783386783));
#5387 = CARTESIAN_POINT('',(-3.763599482378,-31.99153421589,
    251.44545157232));
#5388 = CARTESIAN_POINT('',(-3.426908499558,-31.99250957577,
    251.22404266088));
#5389 = CARTESIAN_POINT('',(-3.278007620963,-31.99292272145,
    251.13241833152));
#5390 = CARTESIAN_POINT('',(-3.124715693036,-31.99332848563,
    251.04443159944));
#5391 = CARTESIAN_POINT('',(-2.967079035474,-31.99372478101,
    250.96034591836));
#5392 = CARTESIAN_POINT('',(-2.805176235919,-31.99410940159,
    250.88044078767));
#5393 = CARTESIAN_POINT('',(-2.639123107681,-31.99448005764,
    250.80500681586));
#5394 = CARTESIAN_POINT('',(-2.46907872159,-31.99483442557,
    250.73433959364));
#5395 = CARTESIAN_POINT('',(-2.038195224223,-31.99566678123,
    250.5717112584));
#5396 = CARTESIAN_POINT('',(-1.772726481696,-31.99612298684,
    250.48570203915));
#5397 = CARTESIAN_POINT('',(-1.499697337507,-31.99653097966,
    250.41174786334));
#5398 = CARTESIAN_POINT('',(-1.220144388533,-31.99688336211,
    250.35079565947));
#5399 = CARTESIAN_POINT('',(-0.935300989911,-31.99717369595,
    250.30366868265));
#5400 = CARTESIAN_POINT('',(-0.64661504077,-31.99739702829,
    250.27101342792));
#5401 = CARTESIAN_POINT('',(-0.355773341235,-31.99755043684,
    250.25322091412));
#5402 = CARTESIAN_POINT('',(-6.473252071396E-02,-31.99763359437,
    250.2503223387));
#5403 = SURFACE_OF_LINEAR_EXTRUSION('',#5404,#5409);
#5404 = B_SPLINE_CURVE_WITH_KNOTS('',3,(#5405,#5406,#5407,#5408),
  .UNSPECIFIED.,.F.,.F.,(4,4),(0.,1.),.PIECEWISE_BEZIER_KNOTS.);
#5405 = CARTESIAN_POINT('',(-48.19886421556,-30.9675064123,24.25));
#5406 = CARTESIAN_POINT('',(-33.20909409307,-31.64378211994,24.25));
#5407 = CARTESIAN_POINT('',(-17.84410816338,-31.99255358905,24.25));
#5408 = CARTESIAN_POINT('',(-6.473252071396E-02,-31.99763359437,24.25));
#5409 = VECTOR('',#5410,1.);
#5410 = DIRECTION('',(-0.,-0.,-1.));
#5411 = ADVANCED_FACE('',(#5412),#5417,.F.);
#5412 = FACE_BOUND('',#5413,.F.);
#5413 = EDGE_LOOP('',(#5414,#5415,#5416));
#5414 = ORIENTED_EDGE('',*,*,#4405,.T.);
#5415 = ORIENTED_EDGE('',*,*,#4423,.T.);
#5416 = ORIENTED_EDGE('',*,*,#4390,.F.);
#5417 = PLANE('',#5418);
#5418 = AXIS2_PLACEMENT_3D('',#5419,#5420,#5421);
#5419 = CARTESIAN_POINT('',(-16.5,-9.002650099624,149.25));
#5420 = DIRECTION('',(0.,0.,1.));
#5421 = DIRECTION('',(1.,0.,0.));
#5422 = ADVANCED_FACE('',(#5423),#5427,.F.);
#5423 = FACE_BOUND('',#5424,.F.);
#5424 = EDGE_LOOP('',(#5425,#5426));
#5425 = ORIENTED_EDGE('',*,*,#4440,.T.);
#5426 = ORIENTED_EDGE('',*,*,#4415,.T.);
#5427 = PLANE('',#5428);
#5428 = AXIS2_PLACEMENT_3D('',#5429,#5430,#5431);
#5429 = CARTESIAN_POINT('',(16.5,-9.002650099624,149.25));
#5430 = DIRECTION('',(0.,0.,1.));
#5431 = DIRECTION('',(1.,0.,0.));
#5432 = ADVANCED_FACE('',(#5433),#5563,.T.);
#5433 = FACE_BOUND('',#5434,.T.);
#5434 = EDGE_LOOP('',(#5435,#5436,#5445,#5454,#5463,#5472,#5481,#5490,
    #5499,#5508,#5517,#5526,#5535,#5544,#5551,#5552,#5553,#5554,#5555,
    #5556,#5557,#5558,#5559,#5560,#5561,#5562));
#5435 = ORIENTED_EDGE('',*,*,#4494,.T.);
#5436 = ORIENTED_EDGE('',*,*,#5437,.F.);
#5437 = EDGE_CURVE('',#5438,#2659,#5440,.T.);
#5438 = VERTEX_POINT('',#5439);
#5439 = CARTESIAN_POINT('',(-108.4996761038,110.07044175829,215.95));
#5440 = B_SPLINE_CURVE_WITH_KNOTS('',3,(#5441,#5442,#5443,#5444),
  .UNSPECIFIED.,.F.,.F.,(4,4),(0.,1.),.PIECEWISE_BEZIER_KNOTS.);
#5441 = CARTESIAN_POINT('',(-108.4996761038,110.07044175829,215.95));
#5442 = CARTESIAN_POINT('',(-109.4043607206,98.573745177124,215.95));
#5443 = CARTESIAN_POINT('',(-109.5620231956,85.550155199954,215.95));
#5444 = CARTESIAN_POINT('',(-109.6765148978,74.573051900223,215.95));
#5445 = ORIENTED_EDGE('',*,*,#5446,.F.);
#5446 = EDGE_CURVE('',#5447,#5438,#5449,.T.);
#5447 = VERTEX_POINT('',#5448);
#5448 = CARTESIAN_POINT('',(-104.4154671043,132.0621677101,215.95));
#5449 = B_SPLINE_CURVE_WITH_KNOTS('',3,(#5450,#5451,#5452,#5453),
  .UNSPECIFIED.,.F.,.F.,(4,4),(0.,1.),.PIECEWISE_BEZIER_KNOTS.);
#5450 = CARTESIAN_POINT('',(-104.4154671043,132.0621677101,215.95));
#5451 = CARTESIAN_POINT('',(-106.8348345368,124.94730980473,215.95));
#5452 = CARTESIAN_POINT('',(-107.906565892,117.59985244596,215.95));
#5453 = CARTESIAN_POINT('',(-108.4996761038,110.07044175829,215.95));
#5454 = ORIENTED_EDGE('',*,*,#5455,.F.);
#5455 = EDGE_CURVE('',#5456,#5447,#5458,.T.);
#5456 = VERTEX_POINT('',#5457);
#5457 = CARTESIAN_POINT('',(-87.74265182193,152.72395975643,215.95));
#5458 = B_SPLINE_CURVE_WITH_KNOTS('',3,(#5459,#5460,#5461,#5462),
  .UNSPECIFIED.,.F.,.F.,(4,4),(0.,1.),.PIECEWISE_BEZIER_KNOTS.);
#5459 = CARTESIAN_POINT('',(-87.74265182193,152.72395975643,215.95));
#5460 = CARTESIAN_POINT('',(-95.78344067656,147.99322584884,215.95));
#5461 = CARTESIAN_POINT('',(-101.3410475265,141.10595569159,215.95));
#5462 = CARTESIAN_POINT('',(-104.4154671043,132.0621677101,215.95));
#5463 = ORIENTED_EDGE('',*,*,#5464,.F.);
#5464 = EDGE_CURVE('',#5465,#5456,#5467,.T.);
#5465 = VERTEX_POINT('',#5466);
#5466 = CARTESIAN_POINT('',(-60.36755150445,159.6812542809,215.95));
#5467 = B_SPLINE_CURVE_WITH_KNOTS('',3,(#5468,#5469,#5470,#5471),
  .UNSPECIFIED.,.F.,.F.,(4,4),(0.,1.),.PIECEWISE_BEZIER_KNOTS.);
#5468 = CARTESIAN_POINT('',(-60.36755150445,159.6812542809,215.95));
#5469 = CARTESIAN_POINT('',(-69.7165641098,158.86903953179,215.95));
#5470 = CARTESIAN_POINT('',(-79.51228925558,157.56911794955,215.95));
#5471 = CARTESIAN_POINT('',(-87.74265182193,152.72395975643,215.95));
#5472 = ORIENTED_EDGE('',*,*,#5473,.F.);
#5473 = EDGE_CURVE('',#5474,#5465,#5476,.T.);
#5474 = VERTEX_POINT('',#5475);
#5475 = CARTESIAN_POINT('',(-47.97977846913,160.47283522876,215.95));
#5476 = B_SPLINE_CURVE_WITH_KNOTS('',3,(#5477,#5478,#5479,#5480),
  .UNSPECIFIED.,.F.,.F.,(4,4),(0.,1.),.PIECEWISE_BEZIER_KNOTS.);
#5477 = CARTESIAN_POINT('',(-47.97977846913,160.47283522876,215.95));
#5478 = CARTESIAN_POINT('',(-52.5482370631,160.26649984845,215.95));
#5479 = CARTESIAN_POINT('',(-56.67749474155,160.0026325133,215.95));
#5480 = CARTESIAN_POINT('',(-60.36755150445,159.6812542809,215.95));
#5481 = ORIENTED_EDGE('',*,*,#5482,.F.);
#5482 = EDGE_CURVE('',#5483,#5474,#5485,.T.);
#5483 = VERTEX_POINT('',#5484);
#5484 = CARTESIAN_POINT('',(-6.443828198344E-02,161.49765262197,215.95)
  );
#5485 = B_SPLINE_CURVE_WITH_KNOTS('',3,(#5486,#5487,#5488,#5489),
  .UNSPECIFIED.,.F.,.F.,(4,4),(0.,1.),.PIECEWISE_BEZIER_KNOTS.);
#5486 = CARTESIAN_POINT('',(-6.443828198344E-02,161.49765262197,215.95)
  );
#5487 = CARTESIAN_POINT('',(-17.76299858081,161.49259880153,215.95));
#5488 = CARTESIAN_POINT('',(-33.05814366537,161.14562507438,215.95));
#5489 = CARTESIAN_POINT('',(-47.97977846913,160.47283522876,215.95));
#5490 = ORIENTED_EDGE('',*,*,#5491,.F.);
#5491 = EDGE_CURVE('',#5492,#5483,#5494,.T.);
#5492 = VERTEX_POINT('',#5493);
#5493 = CARTESIAN_POINT('',(48.023578722348,160.49534578729,215.95));
#5494 = B_SPLINE_CURVE_WITH_KNOTS('',3,(#5495,#5496,#5497,#5498),
  .UNSPECIFIED.,.F.,.F.,(4,4),(0.,1.),.PIECEWISE_BEZIER_KNOTS.);
#5495 = CARTESIAN_POINT('',(48.023578722348,160.49534578729,215.95));
#5496 = CARTESIAN_POINT('',(32.955543613416,161.16312655984,215.95));
#5497 = CARTESIAN_POINT('',(17.634122064261,161.50264326965,215.95));
#5498 = CARTESIAN_POINT('',(-6.443828198344E-02,161.49765262197,215.95)
  );
#5499 = ORIENTED_EDGE('',*,*,#5500,.F.);
#5500 = EDGE_CURVE('',#5501,#5492,#5503,.T.);
#5501 = VERTEX_POINT('',#5502);
#5502 = CARTESIAN_POINT('',(72.566382942362,158.11684679695,215.95));
#5503 = B_SPLINE_CURVE_WITH_KNOTS('',3,(#5504,#5505,#5506,#5507),
  .UNSPECIFIED.,.F.,.F.,(4,4),(0.,1.),.PIECEWISE_BEZIER_KNOTS.);
#5504 = CARTESIAN_POINT('',(72.566382942362,158.11684679695,215.95));
#5505 = CARTESIAN_POINT('',(64.534978351247,159.57621114956,215.95));
#5506 = CARTESIAN_POINT('',(56.107538349706,160.13706940131,215.95));
#5507 = CARTESIAN_POINT('',(48.023578722348,160.49534578729,215.95));
#5508 = ORIENTED_EDGE('',*,*,#5509,.F.);
#5509 = EDGE_CURVE('',#5510,#5501,#5512,.T.);
#5510 = VERTEX_POINT('',#5511);
#5511 = CARTESIAN_POINT('',(94.594096554783,147.61806917616,215.95));
#5512 = B_SPLINE_CURVE_WITH_KNOTS('',3,(#5513,#5514,#5515,#5516),
  .UNSPECIFIED.,.F.,.F.,(4,4),(0.,1.),.PIECEWISE_BEZIER_KNOTS.);
#5513 = CARTESIAN_POINT('',(94.594096554783,147.61806917616,215.95));
#5514 = CARTESIAN_POINT('',(88.43023941698,153.40111905097,215.95));
#5515 = CARTESIAN_POINT('',(80.806129772221,156.61809423131,215.95));
#5516 = CARTESIAN_POINT('',(72.566382942362,158.11684679695,215.95));
#5517 = ORIENTED_EDGE('',*,*,#5518,.F.);
#5518 = EDGE_CURVE('',#5519,#5510,#5521,.T.);
#5519 = VERTEX_POINT('',#5520);
#5520 = CARTESIAN_POINT('',(103.78544668521,133.71286128141,215.95));
#5521 = B_SPLINE_CURVE_WITH_KNOTS('',3,(#5522,#5523,#5524,#5525),
  .UNSPECIFIED.,.F.,.F.,(4,4),(0.,1.),.PIECEWISE_BEZIER_KNOTS.);
#5522 = CARTESIAN_POINT('',(103.78544668521,133.71286128141,215.95));
#5523 = CARTESIAN_POINT('',(101.69955378439,139.18890209349,215.95));
#5524 = CARTESIAN_POINT('',(98.635756360599,143.82397139174,215.95));
#5525 = CARTESIAN_POINT('',(94.594096554783,147.61806917616,215.95));
#5526 = ORIENTED_EDGE('',*,*,#5527,.F.);
#5527 = EDGE_CURVE('',#5528,#5519,#5530,.T.);
#5528 = VERTEX_POINT('',#5529);
#5529 = CARTESIAN_POINT('',(108.19249225943,113.16736764567,215.95));
#5530 = B_SPLINE_CURVE_WITH_KNOTS('',3,(#5531,#5532,#5533,#5534),
  .UNSPECIFIED.,.F.,.F.,(4,4),(0.,1.),.PIECEWISE_BEZIER_KNOTS.);
#5531 = CARTESIAN_POINT('',(108.19249225943,113.16736764567,215.95));
#5532 = CARTESIAN_POINT('',(107.49990306001,120.2522132278,215.95));
#5533 = CARTESIAN_POINT('',(106.30241783283,127.10071110638,215.95));
#5534 = CARTESIAN_POINT('',(103.78544668521,133.71286128141,215.95));
#5535 = ORIENTED_EDGE('',*,*,#5536,.F.);
#5536 = EDGE_CURVE('',#5537,#5528,#5539,.T.);
#5537 = VERTEX_POINT('',#5538);
#5538 = CARTESIAN_POINT('',(109.4312677193,89.626240371539,215.95));
#5539 = B_SPLINE_CURVE_WITH_KNOTS('',3,(#5540,#5541,#5542,#5543),
  .UNSPECIFIED.,.F.,.F.,(4,4),(0.,1.),.PIECEWISE_BEZIER_KNOTS.);
#5540 = CARTESIAN_POINT('',(109.4312677193,89.626240371539,215.95));
#5541 = CARTESIAN_POINT('',(109.2998827625,97.480161607401,215.95));
#5542 = CARTESIAN_POINT('',(108.93012750401,105.61357227439,215.95));
#5543 = CARTESIAN_POINT('',(108.19249225943,113.16736764567,215.95));
#5544 = ORIENTED_EDGE('',*,*,#5545,.F.);
#5545 = EDGE_CURVE('',#2542,#5537,#5546,.T.);
#5546 = B_SPLINE_CURVE_WITH_KNOTS('',3,(#5547,#5548,#5549,#5550),
  .UNSPECIFIED.,.F.,.F.,(4,4),(0.,1.),.PIECEWISE_BEZIER_KNOTS.);
#5547 = CARTESIAN_POINT('',(109.71280879373,69.493420128631,215.95));
#5548 = CARTESIAN_POINT('',(109.68841971707,75.722909234068,215.95));
#5549 = CARTESIAN_POINT('',(109.5626553099,81.564109630284,215.95));
#5550 = CARTESIAN_POINT('',(109.4312677193,89.626240371539,215.95));
#5551 = ORIENTED_EDGE('',*,*,#4828,.T.);
#5552 = ORIENTED_EDGE('',*,*,#4802,.T.);
#5553 = ORIENTED_EDGE('',*,*,#4774,.T.);
#5554 = ORIENTED_EDGE('',*,*,#4746,.T.);
#5555 = ORIENTED_EDGE('',*,*,#4718,.T.);
#5556 = ORIENTED_EDGE('',*,*,#4690,.T.);
#5557 = ORIENTED_EDGE('',*,*,#4662,.T.);
#5558 = ORIENTED_EDGE('',*,*,#4634,.T.);
#5559 = ORIENTED_EDGE('',*,*,#4606,.T.);
#5560 = ORIENTED_EDGE('',*,*,#4578,.T.);
#5561 = ORIENTED_EDGE('',*,*,#4550,.T.);
#5562 = ORIENTED_EDGE('',*,*,#4522,.T.);
#5563 = PLANE('',#5564);
#5564 = AXIS2_PLACEMENT_3D('',#5565,#5566,#5567);
#5565 = CARTESIAN_POINT('',(1.208834336125E-02,65.,215.95));
#5566 = DIRECTION('',(0.,0.,1.));
#5567 = DIRECTION('',(1.,0.,0.));
#5568 = ADVANCED_FACE('',(#5569),#5735,.T.);
#5569 = FACE_BOUND('',#5570,.T.);
#5570 = EDGE_LOOP('',(#5571,#5572,#5573,#5574,#5575,#5576,#5577,#5578,
    #5579,#5588,#5597,#5606,#5615,#5624,#5633,#5642,#5651,#5660,#5669,
    #5678,#5687,#5696,#5705,#5714,#5723,#5730,#5731,#5732,#5733,#5734));
#5571 = ORIENTED_EDGE('',*,*,#5316,.T.);
#5572 = ORIENTED_EDGE('',*,*,#5295,.T.);
#5573 = ORIENTED_EDGE('',*,*,#5164,.T.);
#5574 = ORIENTED_EDGE('',*,*,#5136,.T.);
#5575 = ORIENTED_EDGE('',*,*,#5108,.T.);
#5576 = ORIENTED_EDGE('',*,*,#5080,.T.);
#5577 = ORIENTED_EDGE('',*,*,#5052,.T.);
#5578 = ORIENTED_EDGE('',*,*,#5017,.T.);
#5579 = ORIENTED_EDGE('',*,*,#5580,.T.);
#5580 = EDGE_CURVE('',#5018,#5581,#5583,.T.);
#5581 = VERTEX_POINT('',#5582);
#5582 = CARTESIAN_POINT('',(110.2226922089,65.,370.));
#5583 = B_SPLINE_CURVE_WITH_KNOTS('',3,(#5584,#5585,#5586,#5587),
  .UNSPECIFIED.,.F.,.F.,(4,4),(0.,1.),.PIECEWISE_BEZIER_KNOTS.);
#5584 = CARTESIAN_POINT('',(110.21378052338,60.483291675792,370.));
#5585 = CARTESIAN_POINT('',(110.25777019441,71.85289126021,370.));
#5586 = CARTESIAN_POINT('',(110.13898273678,83.396578922625,370.));
#5587 = CARTESIAN_POINT('',(109.85742079632,95.114373183887,370.));
#5588 = ORIENTED_EDGE('',*,*,#5589,.T.);
#5589 = EDGE_CURVE('',#5581,#5590,#5592,.T.);
#5590 = VERTEX_POINT('',#5591);
#5591 = CARTESIAN_POINT('',(110.21378052338,69.516708324208,370.));
#5592 = B_SPLINE_CURVE_WITH_KNOTS('',3,(#5593,#5594,#5595,#5596),
  .UNSPECIFIED.,.F.,.F.,(4,4),(0.,1.),.PIECEWISE_BEZIER_KNOTS.);
#5593 = CARTESIAN_POINT('',(109.85742079632,34.885626816113,370.));
#5594 = CARTESIAN_POINT('',(110.13898273678,46.603421077375,370.));
#5595 = CARTESIAN_POINT('',(110.25777019441,58.14710873979,370.));
#5596 = CARTESIAN_POINT('',(110.21378052338,69.516708324208,370.));
#5597 = ORIENTED_EDGE('',*,*,#5598,.T.);
#5598 = EDGE_CURVE('',#5590,#5599,#5601,.T.);
#5599 = VERTEX_POINT('',#5600);
#5600 = CARTESIAN_POINT('',(109.93095387327,89.753840833267,370.));
#5601 = B_SPLINE_CURVE_WITH_KNOTS('',3,(#5602,#5603,#5604,#5605),
  .UNSPECIFIED.,.F.,.F.,(4,4),(0.,1.),.PIECEWISE_BEZIER_KNOTS.);
#5602 = CARTESIAN_POINT('',(110.21378052338,69.516708324208,370.));
#5603 = CARTESIAN_POINT('',(110.18928008108,75.778473688893,370.));
#5604 = CARTESIAN_POINT('',(110.06294140721,81.649938541008,370.));
#5605 = CARTESIAN_POINT('',(109.93095387327,89.753840833267,370.));
#5606 = ORIENTED_EDGE('',*,*,#5607,.T.);
#5607 = EDGE_CURVE('',#5599,#5608,#5610,.T.);
#5608 = VERTEX_POINT('',#5609);
#5609 = CARTESIAN_POINT('',(108.68652190445,113.41693951052,370.));
#5610 = B_SPLINE_CURVE_WITH_KNOTS('',3,(#5611,#5612,#5613,#5614),
  .UNSPECIFIED.,.F.,.F.,(4,4),(0.,1.),.PIECEWISE_BEZIER_KNOTS.);
#5611 = CARTESIAN_POINT('',(109.93095387327,89.753840833267,370.));
#5612 = CARTESIAN_POINT('',(109.79896898516,97.648454844031,370.));
#5613 = CARTESIAN_POINT('',(109.42752534649,105.82400637792,370.));
#5614 = CARTESIAN_POINT('',(108.68652190445,113.41693951052,370.));
#5615 = ORIENTED_EDGE('',*,*,#5616,.T.);
#5616 = EDGE_CURVE('',#5608,#5617,#5619,.T.);
#5617 = VERTEX_POINT('',#5618);
#5618 = CARTESIAN_POINT('',(104.25935283445,134.06888355779,370.));
#5619 = B_SPLINE_CURVE_WITH_KNOTS('',3,(#5620,#5621,#5622,#5623),
  .UNSPECIFIED.,.F.,.F.,(4,4),(0.,1.),.PIECEWISE_BEZIER_KNOTS.);
#5620 = CARTESIAN_POINT('',(108.68652190445,113.41693951052,370.));
#5621 = CARTESIAN_POINT('',(107.99077019727,120.53849312903,370.));
#5622 = CARTESIAN_POINT('',(106.78781700102,127.42247447812,370.));
#5623 = CARTESIAN_POINT('',(104.25935283445,134.06888355779,370.));
#5624 = ORIENTED_EDGE('',*,*,#5625,.T.);
#5625 = EDGE_CURVE('',#5617,#5626,#5628,.T.);
#5626 = VERTEX_POINT('',#5627);
#5627 = CARTESIAN_POINT('',(95.026033068732,148.04613718331,370.));
#5628 = B_SPLINE_CURVE_WITH_KNOTS('',3,(#5629,#5630,#5631,#5632),
  .UNSPECIFIED.,.F.,.F.,(4,4),(0.,1.),.PIECEWISE_BEZIER_KNOTS.);
#5629 = CARTESIAN_POINT('',(104.25935283445,134.06888355779,370.));
#5630 = CARTESIAN_POINT('',(102.16393530852,139.57329685916,370.));
#5631 = CARTESIAN_POINT('',(99.086147942154,144.232381401,370.));
#5632 = CARTESIAN_POINT('',(95.026033068732,148.04613718331,370.));
#5633 = ORIENTED_EDGE('',*,*,#5634,.T.);
#5634 = EDGE_CURVE('',#5626,#5635,#5637,.T.);
#5635 = VERTEX_POINT('',#5636);
#5636 = CARTESIAN_POINT('',(72.897736289131,158.59931112177,370.));
#5637 = B_SPLINE_CURVE_WITH_KNOTS('',3,(#5638,#5639,#5640,#5641),
  .UNSPECIFIED.,.F.,.F.,(4,4),(0.,1.),.PIECEWISE_BEZIER_KNOTS.);
#5638 = CARTESIAN_POINT('',(95.026033068732,148.04613718331,370.));
#5639 = CARTESIAN_POINT('',(88.834030464546,153.85915022426,370.));
#5640 = CARTESIAN_POINT('',(81.175107533738,157.09279321204,370.));
#5641 = CARTESIAN_POINT('',(72.897736289131,158.59931112177,370.));
#5642 = ORIENTED_EDGE('',*,*,#5643,.T.);
#5643 = EDGE_CURVE('',#5635,#5644,#5646,.T.);
#5644 = VERTEX_POINT('',#5645);
#5645 = CARTESIAN_POINT('',(48.242864469939,160.99013360264,370.));
#5646 = B_SPLINE_CURVE_WITH_KNOTS('',3,(#5647,#5648,#5649,#5650),
  .UNSPECIFIED.,.F.,.F.,(4,4),(0.,1.),.PIECEWISE_BEZIER_KNOTS.);
#5647 = CARTESIAN_POINT('',(72.897736289131,158.59931112177,370.));
#5648 = CARTESIAN_POINT('',(64.829658617691,160.06623674006,370.));
#5649 = CARTESIAN_POINT('',(56.363737154956,160.63000091331,370.));
#5650 = CARTESIAN_POINT('',(48.242864469939,160.99013360264,370.));
#5651 = ORIENTED_EDGE('',*,*,#5652,.T.);
#5652 = EDGE_CURVE('',#5644,#5653,#5655,.T.);
#5653 = VERTEX_POINT('',#5654);
#5654 = CARTESIAN_POINT('',(-6.473252071396E-02,161.99763359437,370.));
#5655 = B_SPLINE_CURVE_WITH_KNOTS('',3,(#5656,#5657,#5658,#5659),
  .UNSPECIFIED.,.F.,.F.,(4,4),(0.,1.),.PIECEWISE_BEZIER_KNOTS.);
#5656 = CARTESIAN_POINT('',(48.242864469939,160.99013360264,370.));
#5657 = CARTESIAN_POINT('',(33.106025547724,161.66137428418,370.));
#5658 = CARTESIAN_POINT('',(17.714643169577,162.00265009962,370.));
#5659 = CARTESIAN_POINT('',(-6.473252071396E-02,161.99763359437,370.));
#5660 = ORIENTED_EDGE('',*,*,#5661,.T.);
#5661 = EDGE_CURVE('',#5653,#5662,#5664,.T.);
#5662 = VERTEX_POINT('',#5663);
#5663 = CARTESIAN_POINT('',(-48.19886421556,160.9675064123,370.));
#5664 = B_SPLINE_CURVE_WITH_KNOTS('',3,(#5665,#5666,#5667,#5668),
  .UNSPECIFIED.,.F.,.F.,(4,4),(0.,1.),.PIECEWISE_BEZIER_KNOTS.);
#5665 = CARTESIAN_POINT('',(-6.473252071396E-02,161.99763359437,370.));
#5666 = CARTESIAN_POINT('',(-17.84410816338,161.99255358905,370.));
#5667 = CARTESIAN_POINT('',(-33.20909409307,161.64378211994,370.));
#5668 = CARTESIAN_POINT('',(-48.19886421556,160.9675064123,370.));
#5669 = ORIENTED_EDGE('',*,*,#5670,.T.);
#5670 = EDGE_CURVE('',#5662,#5671,#5673,.T.);
#5671 = VERTEX_POINT('',#5672);
#5672 = CARTESIAN_POINT('',(-60.64320242456,160.17182412138,370.));
#5673 = B_SPLINE_CURVE_WITH_KNOTS('',3,(#5674,#5675,#5676,#5677),
  .UNSPECIFIED.,.F.,.F.,(4,4),(0.,1.),.PIECEWISE_BEZIER_KNOTS.);
#5674 = CARTESIAN_POINT('',(-48.19886421556,160.9675064123,370.));
#5675 = CARTESIAN_POINT('',(-52.78818335106,160.76010196611,370.));
#5676 = CARTESIAN_POINT('',(-56.9362960874,160.49486748024,370.));
#5677 = CARTESIAN_POINT('',(-60.64320242456,160.17182412138,370.));
#5678 = ORIENTED_EDGE('',*,*,#5679,.T.);
#5679 = EDGE_CURVE('',#5671,#5680,#5682,.T.);
#5680 = VERTEX_POINT('',#5681);
#5681 = CARTESIAN_POINT('',(-88.14330320011,153.17848242869,370.));
#5682 = B_SPLINE_CURVE_WITH_KNOTS('',3,(#5683,#5684,#5685,#5686),
  .UNSPECIFIED.,.F.,.F.,(4,4),(0.,1.),.PIECEWISE_BEZIER_KNOTS.);
#5683 = CARTESIAN_POINT('',(-60.64320242456,160.17182412138,370.));
#5684 = CARTESIAN_POINT('',(-70.03490458518,159.35540112126,370.));
#5685 = CARTESIAN_POINT('',(-79.87535906954,158.048744379,370.));
#5686 = CARTESIAN_POINT('',(-88.14330320011,153.17848242869,370.));
#5687 = ORIENTED_EDGE('',*,*,#5688,.T.);
#5688 = EDGE_CURVE('',#5680,#5689,#5691,.T.);
#5689 = VERTEX_POINT('',#5690);
#5690 = CARTESIAN_POINT('',(-104.8922500592,132.40963740492,370.));
#5691 = B_SPLINE_CURVE_WITH_KNOTS('',3,(#5692,#5693,#5694,#5695),
  .UNSPECIFIED.,.F.,.F.,(4,4),(0.,1.),.PIECEWISE_BEZIER_KNOTS.);
#5692 = CARTESIAN_POINT('',(-88.14330320011,153.17848242869,370.));
#5693 = CARTESIAN_POINT('',(-96.22080798558,148.42323761956,370.));
#5694 = CARTESIAN_POINT('',(-101.8037920358,141.50028310469,370.));
#5695 = CARTESIAN_POINT('',(-104.8922500592,132.40963740492,370.));
#5696 = ORIENTED_EDGE('',*,*,#5697,.T.);
#5697 = EDGE_CURVE('',#5689,#5698,#5700,.T.);
#5698 = VERTEX_POINT('',#5699);
#5699 = CARTESIAN_POINT('',(-108.9951084148,110.30396781567,370.));
#5700 = B_SPLINE_CURVE_WITH_KNOTS('',3,(#5701,#5702,#5703,#5704),
  .UNSPECIFIED.,.F.,.F.,(4,4),(0.,1.),.PIECEWISE_BEZIER_KNOTS.);
#5701 = CARTESIAN_POINT('',(-104.8922500592,132.40963740492,370.));
#5702 = CARTESIAN_POINT('',(-107.3226648315,125.25791596317,370.));
#5703 = CARTESIAN_POINT('',(-108.3992899372,117.87238992261,370.));
#5704 = CARTESIAN_POINT('',(-108.9951084148,110.30396781567,370.));
#5705 = ORIENTED_EDGE('',*,*,#5706,.T.);
#5706 = EDGE_CURVE('',#5698,#5707,#5709,.T.);
#5707 = VERTEX_POINT('',#5708);
#5708 = CARTESIAN_POINT('',(-110.1773209018,74.622658708638,370.));
#5709 = B_SPLINE_CURVE_WITH_KNOTS('',3,(#5710,#5711,#5712,#5713),
  .UNSPECIFIED.,.F.,.F.,(4,4),(0.,1.),.PIECEWISE_BEZIER_KNOTS.);
#5710 = CARTESIAN_POINT('',(-108.9951084148,110.30396781567,370.));
#5711 = CARTESIAN_POINT('',(-109.9039240116,98.747704494264,370.));
#5712 = CARTESIAN_POINT('',(-110.0623064065,85.656636629369,370.));
#5713 = CARTESIAN_POINT('',(-110.1773209018,74.622658708638,370.));
#5714 = ORIENTED_EDGE('',*,*,#5715,.T.);
#5715 = EDGE_CURVE('',#5707,#5716,#5718,.T.);
#5716 = VERTEX_POINT('',#5717);
#5717 = CARTESIAN_POINT('',(-110.2265110609,65.,370.));
#5718 = B_SPLINE_CURVE_WITH_KNOTS('',3,(#5719,#5720,#5721,#5722),
  .UNSPECIFIED.,.F.,.F.,(4,4),(0.,1.),.PIECEWISE_BEZIER_KNOTS.);
#5719 = CARTESIAN_POINT('',(-110.1773209018,74.622658708638,370.));
#5720 = CARTESIAN_POINT('',(-110.2577701944,67.019036398195,370.));
#5721 = CARTESIAN_POINT('',(-110.2395430295,58.644883114817,370.));
#5722 = CARTESIAN_POINT('',(-110.122642053,49.500180337652,370.));
#5723 = ORIENTED_EDGE('',*,*,#5724,.T.);
#5724 = EDGE_CURVE('',#5716,#4982,#5725,.T.);
#5725 = B_SPLINE_CURVE_WITH_KNOTS('',3,(#5726,#5727,#5728,#5729),
  .UNSPECIFIED.,.F.,.F.,(4,4),(0.,1.),.PIECEWISE_BEZIER_KNOTS.);
#5726 = CARTESIAN_POINT('',(-110.122642053,80.499819662348,370.));
#5727 = CARTESIAN_POINT('',(-110.2395430295,71.355116885183,370.));
#5728 = CARTESIAN_POINT('',(-110.2577701944,62.980963601805,370.));
#5729 = CARTESIAN_POINT('',(-110.1773209018,55.377341291362,370.));
#5730 = ORIENTED_EDGE('',*,*,#4989,.T.);
#5731 = ORIENTED_EDGE('',*,*,#4961,.T.);
#5732 = ORIENTED_EDGE('',*,*,#4933,.T.);
#5733 = ORIENTED_EDGE('',*,*,#4905,.T.);
#5734 = ORIENTED_EDGE('',*,*,#4878,.T.);
#5735 = PLANE('',#5736);
#5736 = AXIS2_PLACEMENT_3D('',#5737,#5738,#5739);
#5737 = CARTESIAN_POINT('',(1.208834336125E-02,65.,370.));
#5738 = DIRECTION('',(0.,0.,1.));
#5739 = DIRECTION('',(1.,0.,0.));
#5740 = ADVANCED_FACE('',(#5741),#5751,.F.);
#5741 = FACE_BOUND('',#5742,.F.);
#5742 = EDGE_LOOP('',(#5743,#5744,#5750));
#5743 = ORIENTED_EDGE('',*,*,#4981,.F.);
#5744 = ORIENTED_EDGE('',*,*,#5745,.T.);
#5745 = EDGE_CURVE('',#2659,#5716,#5746,.T.);
#5746 = LINE('',#5747,#5748);
#5747 = CARTESIAN_POINT('',(-110.2265110609,65.,24.25));
#5748 = VECTOR('',#5749,1.);
#5749 = DIRECTION('',(0.,0.,1.));
#5750 = ORIENTED_EDGE('',*,*,#5724,.T.);
#5751 = SURFACE_OF_LINEAR_EXTRUSION('',#5752,#5757);
#5752 = B_SPLINE_CURVE_WITH_KNOTS('',3,(#5753,#5754,#5755,#5756),
  .UNSPECIFIED.,.F.,.F.,(4,4),(0.,1.),.PIECEWISE_BEZIER_KNOTS.);
#5753 = CARTESIAN_POINT('',(-110.122642053,80.499819662348,24.25));
#5754 = CARTESIAN_POINT('',(-110.2395430295,71.355116885183,24.25));
#5755 = CARTESIAN_POINT('',(-110.2577701944,62.980963601805,24.25));
#5756 = CARTESIAN_POINT('',(-110.1773209018,55.377341291362,24.25));
#5757 = VECTOR('',#5758,1.);
#5758 = DIRECTION('',(-0.,-0.,-1.));
#5759 = ADVANCED_FACE('',(#5760),#5770,.F.);
#5760 = FACE_BOUND('',#5761,.F.);
#5761 = EDGE_LOOP('',(#5762,#5768,#5769));
#5762 = ORIENTED_EDGE('',*,*,#5763,.F.);
#5763 = EDGE_CURVE('',#2542,#5581,#5764,.T.);
#5764 = LINE('',#5765,#5766);
#5765 = CARTESIAN_POINT('',(110.2226922089,65.,24.25));
#5766 = VECTOR('',#5767,1.);
#5767 = DIRECTION('',(0.,0.,1.));
#5768 = ORIENTED_EDGE('',*,*,#5026,.T.);
#5769 = ORIENTED_EDGE('',*,*,#5580,.T.);
#5770 = SURFACE_OF_LINEAR_EXTRUSION('',#5771,#5776);
#5771 = B_SPLINE_CURVE_WITH_KNOTS('',3,(#5772,#5773,#5774,#5775),
  .UNSPECIFIED.,.F.,.F.,(4,4),(0.,1.),.PIECEWISE_BEZIER_KNOTS.);
#5772 = CARTESIAN_POINT('',(110.21378052338,60.483291675792,24.25));
#5773 = CARTESIAN_POINT('',(110.25777019441,71.85289126021,24.25));
#5774 = CARTESIAN_POINT('',(110.13898273678,83.396578922625,24.25));
#5775 = CARTESIAN_POINT('',(109.85742079632,95.114373183887,24.25));
#5776 = VECTOR('',#5777,1.);
#5777 = DIRECTION('',(-0.,-0.,-1.));
#5778 = ADVANCED_FACE('',(#5779),#5806,.F.);
#5779 = FACE_BOUND('',#5780,.F.);
#5780 = EDGE_LOOP('',(#5781,#5782,#5790,#5799,#5805));
#5781 = ORIENTED_EDGE('',*,*,#5277,.F.);
#5782 = ORIENTED_EDGE('',*,*,#5783,.T.);
#5783 = EDGE_CURVE('',#5241,#5784,#5786,.T.);
#5784 = VERTEX_POINT('',#5785);
#5785 = CARTESIAN_POINT('',(-1.592040838892E-15,-31.50265009962,338.25)
  );
#5786 = LINE('',#5787,#5788);
#5787 = CARTESIAN_POINT('',(-1.592040838892E-15,-35.00265009962,338.25)
  );
#5788 = VECTOR('',#5789,1.);
#5789 = DIRECTION('',(0.,1.,0.));
#5790 = ORIENTED_EDGE('',*,*,#5791,.F.);
#5791 = EDGE_CURVE('',#5792,#5784,#5794,.T.);
#5792 = VERTEX_POINT('',#5793);
#5793 = CARTESIAN_POINT('',(-6.5,-31.50265009962,331.75));
#5794 = CIRCLE('',#5795,6.5);
#5795 = AXIS2_PLACEMENT_3D('',#5796,#5797,#5798);
#5796 = CARTESIAN_POINT('',(0.,-31.50265009962,331.75));
#5797 = DIRECTION('',(0.,1.,0.));
#5798 = DIRECTION('',(0.,0.,1.));
#5799 = ORIENTED_EDGE('',*,*,#5800,.F.);
#5800 = EDGE_CURVE('',#5325,#5792,#5801,.T.);
#5801 = LINE('',#5802,#5803);
#5802 = CARTESIAN_POINT('',(-6.5,-35.00265009962,331.75));
#5803 = VECTOR('',#5804,1.);
#5804 = DIRECTION('',(0.,1.,0.));
#5805 = ORIENTED_EDGE('',*,*,#5324,.F.);
#5806 = CYLINDRICAL_SURFACE('',#5807,6.5);
#5807 = AXIS2_PLACEMENT_3D('',#5808,#5809,#5810);
#5808 = CARTESIAN_POINT('',(0.,-35.00265009962,331.75));
#5809 = DIRECTION('',(0.,1.,0.));
#5810 = DIRECTION('',(0.,0.,1.));
#5811 = ADVANCED_FACE('',(#5812),#5831,.F.);
#5812 = FACE_BOUND('',#5813,.F.);
#5813 = EDGE_LOOP('',(#5814,#5823,#5824,#5825));
#5814 = ORIENTED_EDGE('',*,*,#5815,.F.);
#5815 = EDGE_CURVE('',#5784,#5816,#5818,.T.);
#5816 = VERTEX_POINT('',#5817);
#5817 = CARTESIAN_POINT('',(6.5,-31.50265009962,331.75));
#5818 = CIRCLE('',#5819,6.5);
#5819 = AXIS2_PLACEMENT_3D('',#5820,#5821,#5822);
#5820 = CARTESIAN_POINT('',(0.,-31.50265009962,331.75));
#5821 = DIRECTION('',(0.,1.,0.));
#5822 = DIRECTION('',(0.,0.,1.));
#5823 = ORIENTED_EDGE('',*,*,#5783,.F.);
#5824 = ORIENTED_EDGE('',*,*,#5240,.F.);
#5825 = ORIENTED_EDGE('',*,*,#5826,.T.);
#5826 = EDGE_CURVE('',#5231,#5816,#5827,.T.);
#5827 = LINE('',#5828,#5829);
#5828 = CARTESIAN_POINT('',(6.5,-35.00265009962,331.75));
#5829 = VECTOR('',#5830,1.);
#5830 = DIRECTION('',(0.,1.,0.));
#5831 = CYLINDRICAL_SURFACE('',#5832,6.5);
#5832 = AXIS2_PLACEMENT_3D('',#5833,#5834,#5835);
#5833 = CARTESIAN_POINT('',(0.,-35.00265009962,331.75));
#5834 = DIRECTION('',(0.,1.,0.));
#5835 = DIRECTION('',(0.,0.,1.));
#5836 = ADVANCED_FACE('',(#5837),#5855,.F.);
#5837 = FACE_BOUND('',#5838,.F.);
#5838 = EDGE_LOOP('',(#5839,#5840,#5848,#5854));
#5839 = ORIENTED_EDGE('',*,*,#5230,.T.);
#5840 = ORIENTED_EDGE('',*,*,#5841,.T.);
#5841 = EDGE_CURVE('',#5194,#5842,#5844,.T.);
#5842 = VERTEX_POINT('',#5843);
#5843 = CARTESIAN_POINT('',(6.5,-31.50265009962,256.75));
#5844 = LINE('',#5845,#5846);
#5845 = CARTESIAN_POINT('',(6.5,-35.00265009962,256.75));
#5846 = VECTOR('',#5847,1.);
#5847 = DIRECTION('',(0.,1.,0.));
#5848 = ORIENTED_EDGE('',*,*,#5849,.T.);
#5849 = EDGE_CURVE('',#5842,#5816,#5850,.T.);
#5850 = LINE('',#5851,#5852);
#5851 = CARTESIAN_POINT('',(6.5,-31.50265009962,256.75));
#5852 = VECTOR('',#5853,1.);
#5853 = DIRECTION('',(0.,0.,1.));
#5854 = ORIENTED_EDGE('',*,*,#5826,.F.);
#5855 = PLANE('',#5856);
#5856 = AXIS2_PLACEMENT_3D('',#5857,#5858,#5859);
#5857 = CARTESIAN_POINT('',(6.5,-35.00265009962,256.75));
#5858 = DIRECTION('',(1.,0.,0.));
#5859 = DIRECTION('',(0.,0.,1.));
#5860 = ADVANCED_FACE('',(#5861),#5881,.F.);
#5861 = FACE_BOUND('',#5862,.F.);
#5862 = EDGE_LOOP('',(#5863,#5872,#5873,#5874,#5875));
#5863 = ORIENTED_EDGE('',*,*,#5864,.F.);
#5864 = EDGE_CURVE('',#5842,#5865,#5867,.T.);
#5865 = VERTEX_POINT('',#5866);
#5866 = CARTESIAN_POINT('',(-6.5,-31.50265009962,256.75));
#5867 = CIRCLE('',#5868,6.5);
#5868 = AXIS2_PLACEMENT_3D('',#5869,#5870,#5871);
#5869 = CARTESIAN_POINT('',(0.,-31.50265009962,256.75));
#5870 = DIRECTION('',(0.,1.,0.));
#5871 = DIRECTION('',(0.,0.,1.));
#5872 = ORIENTED_EDGE('',*,*,#5841,.F.);
#5873 = ORIENTED_EDGE('',*,*,#5193,.F.);
#5874 = ORIENTED_EDGE('',*,*,#5371,.F.);
#5875 = ORIENTED_EDGE('',*,*,#5876,.T.);
#5876 = EDGE_CURVE('',#5362,#5865,#5877,.T.);
#5877 = LINE('',#5878,#5879);
#5878 = CARTESIAN_POINT('',(-6.5,-35.00265009962,256.75));
#5879 = VECTOR('',#5880,1.);
#5880 = DIRECTION('',(0.,1.,0.));
#5881 = CYLINDRICAL_SURFACE('',#5882,6.5);
#5882 = AXIS2_PLACEMENT_3D('',#5883,#5884,#5885);
#5883 = CARTESIAN_POINT('',(0.,-35.00265009962,256.75));
#5884 = DIRECTION('',(0.,1.,0.));
#5885 = DIRECTION('',(0.,0.,1.));
#5886 = ADVANCED_FACE('',(#5887),#5898,.T.);
#5887 = FACE_BOUND('',#5888,.T.);
#5888 = EDGE_LOOP('',(#5889,#5890,#5891,#5897));
#5889 = ORIENTED_EDGE('',*,*,#5361,.T.);
#5890 = ORIENTED_EDGE('',*,*,#5876,.T.);
#5891 = ORIENTED_EDGE('',*,*,#5892,.T.);
#5892 = EDGE_CURVE('',#5865,#5792,#5893,.T.);
#5893 = LINE('',#5894,#5895);
#5894 = CARTESIAN_POINT('',(-6.5,-31.50265009962,256.75));
#5895 = VECTOR('',#5896,1.);
#5896 = DIRECTION('',(0.,0.,1.));
#5897 = ORIENTED_EDGE('',*,*,#5800,.F.);
#5898 = PLANE('',#5899);
#5899 = AXIS2_PLACEMENT_3D('',#5900,#5901,#5902);
#5900 = CARTESIAN_POINT('',(-6.5,-35.00265009962,256.75));
#5901 = DIRECTION('',(1.,0.,0.));
#5902 = DIRECTION('',(0.,0.,1.));
#5903 = ADVANCED_FACE('',(#5904),#5921,.F.);
#5904 = FACE_BOUND('',#5905,.F.);
#5905 = EDGE_LOOP('',(#5906,#5913,#5914));
#5906 = ORIENTED_EDGE('',*,*,#5907,.F.);
#5907 = EDGE_CURVE('',#5537,#5908,#5910,.T.);
#5908 = VERTEX_POINT('',#5909);
#5909 = CARTESIAN_POINT('',(109.4312677193,89.626240371539,216.55));
#5910 = B_SPLINE_CURVE_WITH_KNOTS('',1,(#5911,#5912),.UNSPECIFIED.,.F.,
  .F.,(2,2),(0.,0.6),.PIECEWISE_BEZIER_KNOTS.);
#5911 = CARTESIAN_POINT('',(109.4312677193,89.626240371539,215.95));
#5912 = CARTESIAN_POINT('',(109.4312677193,89.626240371539,216.55));
#5913 = ORIENTED_EDGE('',*,*,#5545,.F.);
#5914 = ORIENTED_EDGE('',*,*,#5915,.T.);
#5915 = EDGE_CURVE('',#2542,#5908,#5916,.T.);
#5916 = B_SPLINE_CURVE_WITH_KNOTS('',3,(#5917,#5918,#5919,#5920),
  .UNSPECIFIED.,.F.,.F.,(4,4),(0.,1.),.PIECEWISE_BEZIER_KNOTS.);
#5917 = CARTESIAN_POINT('',(109.71280879373,69.493420128631,216.55));
#5918 = CARTESIAN_POINT('',(109.68841971707,75.722909234068,216.55));
#5919 = CARTESIAN_POINT('',(109.5626553099,81.564109630284,216.55));
#5920 = CARTESIAN_POINT('',(109.4312677193,89.626240371539,216.55));
#5921 = B_SPLINE_SURFACE_WITH_KNOTS('',3,1,(
    (#5922,#5923)
    ,(#5924,#5925)
    ,(#5926,#5927)
    ,(#5928,#5929
    )),.UNSPECIFIED.,.F.,.F.,.F.,(4,4),(2,2),(0.,1.),(-0.6,0.),
  .PIECEWISE_BEZIER_KNOTS.);
#5922 = CARTESIAN_POINT('',(109.71280879373,69.493420128631,216.55));
#5923 = CARTESIAN_POINT('',(109.71280879373,69.493420128631,215.95));
#5924 = CARTESIAN_POINT('',(109.68841971707,75.722909234068,216.55));
#5925 = CARTESIAN_POINT('',(109.68841971707,75.722909234068,215.95));
#5926 = CARTESIAN_POINT('',(109.5626553099,81.564109630284,216.55));
#5927 = CARTESIAN_POINT('',(109.5626553099,81.564109630284,215.95));
#5928 = CARTESIAN_POINT('',(109.4312677193,89.626240371539,216.55));
#5929 = CARTESIAN_POINT('',(109.4312677193,89.626240371539,215.95));
#5930 = ADVANCED_FACE('',(#5931),#5949,.F.);
#5931 = FACE_BOUND('',#5932,.F.);
#5932 = EDGE_LOOP('',(#5933,#5934,#5943,#5948));
#5933 = ORIENTED_EDGE('',*,*,#5907,.T.);
#5934 = ORIENTED_EDGE('',*,*,#5935,.T.);
#5935 = EDGE_CURVE('',#5908,#5936,#5938,.T.);
#5936 = VERTEX_POINT('',#5937);
#5937 = CARTESIAN_POINT('',(108.19249225943,113.16736764567,216.55));
#5938 = B_SPLINE_CURVE_WITH_KNOTS('',3,(#5939,#5940,#5941,#5942),
  .UNSPECIFIED.,.F.,.F.,(4,4),(0.,1.),.PIECEWISE_BEZIER_KNOTS.);
#5939 = CARTESIAN_POINT('',(109.4312677193,89.626240371539,216.55));
#5940 = CARTESIAN_POINT('',(109.2998827625,97.480161607401,216.55));
#5941 = CARTESIAN_POINT('',(108.93012750401,105.61357227439,216.55));
#5942 = CARTESIAN_POINT('',(108.19249225943,113.16736764567,216.55));
#5943 = ORIENTED_EDGE('',*,*,#5944,.F.);
#5944 = EDGE_CURVE('',#5528,#5936,#5945,.T.);
#5945 = B_SPLINE_CURVE_WITH_KNOTS('',1,(#5946,#5947),.UNSPECIFIED.,.F.,
  .F.,(2,2),(0.,0.6),.PIECEWISE_BEZIER_KNOTS.);
#5946 = CARTESIAN_POINT('',(108.19249225943,113.16736764567,215.95));
#5947 = CARTESIAN_POINT('',(108.19249225943,113.16736764567,216.55));
#5948 = ORIENTED_EDGE('',*,*,#5536,.F.);
#5949 = B_SPLINE_SURFACE_WITH_KNOTS('',3,1,(
    (#5950,#5951)
    ,(#5952,#5953)
    ,(#5954,#5955)
    ,(#5956,#5957
    )),.UNSPECIFIED.,.F.,.F.,.F.,(4,4),(2,2),(0.,1.),(-0.6,0.),
  .PIECEWISE_BEZIER_KNOTS.);
#5950 = CARTESIAN_POINT('',(109.4312677193,89.626240371539,216.55));
#5951 = CARTESIAN_POINT('',(109.4312677193,89.626240371539,215.95));
#5952 = CARTESIAN_POINT('',(109.2998827625,97.480161607401,216.55));
#5953 = CARTESIAN_POINT('',(109.2998827625,97.480161607401,215.95));
#5954 = CARTESIAN_POINT('',(108.93012750401,105.61357227439,216.55));
#5955 = CARTESIAN_POINT('',(108.93012750401,105.61357227439,215.95));
#5956 = CARTESIAN_POINT('',(108.19249225943,113.16736764567,216.55));
#5957 = CARTESIAN_POINT('',(108.19249225943,113.16736764567,215.95));
#5958 = ADVANCED_FACE('',(#5959),#5977,.F.);
#5959 = FACE_BOUND('',#5960,.F.);
#5960 = EDGE_LOOP('',(#5961,#5962,#5971,#5976));
#5961 = ORIENTED_EDGE('',*,*,#5944,.T.);
#5962 = ORIENTED_EDGE('',*,*,#5963,.T.);
#5963 = EDGE_CURVE('',#5936,#5964,#5966,.T.);
#5964 = VERTEX_POINT('',#5965);
#5965 = CARTESIAN_POINT('',(103.78544668521,133.71286128141,216.55));
#5966 = B_SPLINE_CURVE_WITH_KNOTS('',3,(#5967,#5968,#5969,#5970),
  .UNSPECIFIED.,.F.,.F.,(4,4),(0.,1.),.PIECEWISE_BEZIER_KNOTS.);
#5967 = CARTESIAN_POINT('',(108.19249225943,113.16736764567,216.55));
#5968 = CARTESIAN_POINT('',(107.49990306001,120.2522132278,216.55));
#5969 = CARTESIAN_POINT('',(106.30241783283,127.10071110638,216.55));
#5970 = CARTESIAN_POINT('',(103.78544668521,133.71286128141,216.55));
#5971 = ORIENTED_EDGE('',*,*,#5972,.F.);
#5972 = EDGE_CURVE('',#5519,#5964,#5973,.T.);
#5973 = B_SPLINE_CURVE_WITH_KNOTS('',1,(#5974,#5975),.UNSPECIFIED.,.F.,
  .F.,(2,2),(0.,0.6),.PIECEWISE_BEZIER_KNOTS.);
#5974 = CARTESIAN_POINT('',(103.78544668521,133.71286128141,215.95));
#5975 = CARTESIAN_POINT('',(103.78544668521,133.71286128141,216.55));
#5976 = ORIENTED_EDGE('',*,*,#5527,.F.);
#5977 = B_SPLINE_SURFACE_WITH_KNOTS('',3,1,(
    (#5978,#5979)
    ,(#5980,#5981)
    ,(#5982,#5983)
    ,(#5984,#5985
    )),.UNSPECIFIED.,.F.,.F.,.F.,(4,4),(2,2),(0.,1.),(-0.6,0.),
  .PIECEWISE_BEZIER_KNOTS.);
#5978 = CARTESIAN_POINT('',(108.19249225943,113.16736764567,216.55));
#5979 = CARTESIAN_POINT('',(108.19249225943,113.16736764567,215.95));
#5980 = CARTESIAN_POINT('',(107.49990306001,120.2522132278,216.55));
#5981 = CARTESIAN_POINT('',(107.49990306001,120.2522132278,215.95));
#5982 = CARTESIAN_POINT('',(106.30241783283,127.10071110638,216.55));
#5983 = CARTESIAN_POINT('',(106.30241783283,127.10071110638,215.95));
#5984 = CARTESIAN_POINT('',(103.78544668521,133.71286128141,216.55));
#5985 = CARTESIAN_POINT('',(103.78544668521,133.71286128141,215.95));
#5986 = ADVANCED_FACE('',(#5987),#6005,.F.);
#5987 = FACE_BOUND('',#5988,.F.);
#5988 = EDGE_LOOP('',(#5989,#5990,#5999,#6004));
#5989 = ORIENTED_EDGE('',*,*,#5972,.T.);
#5990 = ORIENTED_EDGE('',*,*,#5991,.T.);
#5991 = EDGE_CURVE('',#5964,#5992,#5994,.T.);
#5992 = VERTEX_POINT('',#5993);
#5993 = CARTESIAN_POINT('',(94.594096554783,147.61806917616,216.55));
#5994 = B_SPLINE_CURVE_WITH_KNOTS('',3,(#5995,#5996,#5997,#5998),
  .UNSPECIFIED.,.F.,.F.,(4,4),(0.,1.),.PIECEWISE_BEZIER_KNOTS.);
#5995 = CARTESIAN_POINT('',(103.78544668521,133.71286128141,216.55));
#5996 = CARTESIAN_POINT('',(101.69955378439,139.18890209349,216.55));
#5997 = CARTESIAN_POINT('',(98.635756360599,143.82397139174,216.55));
#5998 = CARTESIAN_POINT('',(94.594096554783,147.61806917616,216.55));
#5999 = ORIENTED_EDGE('',*,*,#6000,.F.);
#6000 = EDGE_CURVE('',#5510,#5992,#6001,.T.);
#6001 = B_SPLINE_CURVE_WITH_KNOTS('',1,(#6002,#6003),.UNSPECIFIED.,.F.,
  .F.,(2,2),(0.,0.6),.PIECEWISE_BEZIER_KNOTS.);
#6002 = CARTESIAN_POINT('',(94.594096554783,147.61806917616,215.95));
#6003 = CARTESIAN_POINT('',(94.594096554783,147.61806917616,216.55));
#6004 = ORIENTED_EDGE('',*,*,#5518,.F.);
#6005 = B_SPLINE_SURFACE_WITH_KNOTS('',3,1,(
    (#6006,#6007)
    ,(#6008,#6009)
    ,(#6010,#6011)
    ,(#6012,#6013
    )),.UNSPECIFIED.,.F.,.F.,.F.,(4,4),(2,2),(0.,1.),(-0.6,0.),
  .PIECEWISE_BEZIER_KNOTS.);
#6006 = CARTESIAN_POINT('',(103.78544668521,133.71286128141,216.55));
#6007 = CARTESIAN_POINT('',(103.78544668521,133.71286128141,215.95));
#6008 = CARTESIAN_POINT('',(101.69955378439,139.18890209349,216.55));
#6009 = CARTESIAN_POINT('',(101.69955378439,139.18890209349,215.95));
#6010 = CARTESIAN_POINT('',(98.635756360599,143.82397139174,216.55));
#6011 = CARTESIAN_POINT('',(98.635756360599,143.82397139174,215.95));
#6012 = CARTESIAN_POINT('',(94.594096554783,147.61806917616,216.55));
#6013 = CARTESIAN_POINT('',(94.594096554783,147.61806917616,215.95));
#6014 = ADVANCED_FACE('',(#6015),#6033,.F.);
#6015 = FACE_BOUND('',#6016,.F.);
#6016 = EDGE_LOOP('',(#6017,#6018,#6027,#6032));
#6017 = ORIENTED_EDGE('',*,*,#6000,.T.);
#6018 = ORIENTED_EDGE('',*,*,#6019,.T.);
#6019 = EDGE_CURVE('',#5992,#6020,#6022,.T.);
#6020 = VERTEX_POINT('',#6021);
#6021 = CARTESIAN_POINT('',(72.566382942362,158.11684679695,216.55));
#6022 = B_SPLINE_CURVE_WITH_KNOTS('',3,(#6023,#6024,#6025,#6026),
  .UNSPECIFIED.,.F.,.F.,(4,4),(0.,1.),.PIECEWISE_BEZIER_KNOTS.);
#6023 = CARTESIAN_POINT('',(94.594096554783,147.61806917616,216.55));
#6024 = CARTESIAN_POINT('',(88.43023941698,153.40111905097,216.55));
#6025 = CARTESIAN_POINT('',(80.806129772221,156.61809423131,216.55));
#6026 = CARTESIAN_POINT('',(72.566382942362,158.11684679695,216.55));
#6027 = ORIENTED_EDGE('',*,*,#6028,.F.);
#6028 = EDGE_CURVE('',#5501,#6020,#6029,.T.);
#6029 = B_SPLINE_CURVE_WITH_KNOTS('',1,(#6030,#6031),.UNSPECIFIED.,.F.,
  .F.,(2,2),(0.,0.6),.PIECEWISE_BEZIER_KNOTS.);
#6030 = CARTESIAN_POINT('',(72.566382942362,158.11684679695,215.95));
#6031 = CARTESIAN_POINT('',(72.566382942362,158.11684679695,216.55));
#6032 = ORIENTED_EDGE('',*,*,#5509,.F.);
#6033 = B_SPLINE_SURFACE_WITH_KNOTS('',3,1,(
    (#6034,#6035)
    ,(#6036,#6037)
    ,(#6038,#6039)
    ,(#6040,#6041
    )),.UNSPECIFIED.,.F.,.F.,.F.,(4,4),(2,2),(0.,1.),(-0.6,0.),
  .PIECEWISE_BEZIER_KNOTS.);
#6034 = CARTESIAN_POINT('',(94.594096554783,147.61806917616,216.55));
#6035 = CARTESIAN_POINT('',(94.594096554783,147.61806917616,215.95));
#6036 = CARTESIAN_POINT('',(88.43023941698,153.40111905097,216.55));
#6037 = CARTESIAN_POINT('',(88.43023941698,153.40111905097,215.95));
#6038 = CARTESIAN_POINT('',(80.806129772221,156.61809423131,216.55));
#6039 = CARTESIAN_POINT('',(80.806129772221,156.61809423131,215.95));
#6040 = CARTESIAN_POINT('',(72.566382942362,158.11684679695,216.55));
#6041 = CARTESIAN_POINT('',(72.566382942362,158.11684679695,215.95));
#6042 = ADVANCED_FACE('',(#6043),#6061,.F.);
#6043 = FACE_BOUND('',#6044,.F.);
#6044 = EDGE_LOOP('',(#6045,#6046,#6055,#6060));
#6045 = ORIENTED_EDGE('',*,*,#6028,.T.);
#6046 = ORIENTED_EDGE('',*,*,#6047,.T.);
#6047 = EDGE_CURVE('',#6020,#6048,#6050,.T.);
#6048 = VERTEX_POINT('',#6049);
#6049 = CARTESIAN_POINT('',(48.023578722348,160.49534578729,216.55));
#6050 = B_SPLINE_CURVE_WITH_KNOTS('',3,(#6051,#6052,#6053,#6054),
  .UNSPECIFIED.,.F.,.F.,(4,4),(0.,1.),.PIECEWISE_BEZIER_KNOTS.);
#6051 = CARTESIAN_POINT('',(72.566382942362,158.11684679695,216.55));
#6052 = CARTESIAN_POINT('',(64.534978351247,159.57621114956,216.55));
#6053 = CARTESIAN_POINT('',(56.107538349706,160.13706940131,216.55));
#6054 = CARTESIAN_POINT('',(48.023578722348,160.49534578729,216.55));
#6055 = ORIENTED_EDGE('',*,*,#6056,.F.);
#6056 = EDGE_CURVE('',#5492,#6048,#6057,.T.);
#6057 = B_SPLINE_CURVE_WITH_KNOTS('',1,(#6058,#6059),.UNSPECIFIED.,.F.,
  .F.,(2,2),(0.,0.6),.PIECEWISE_BEZIER_KNOTS.);
#6058 = CARTESIAN_POINT('',(48.023578722348,160.49534578729,215.95));
#6059 = CARTESIAN_POINT('',(48.023578722348,160.49534578729,216.55));
#6060 = ORIENTED_EDGE('',*,*,#5500,.F.);
#6061 = B_SPLINE_SURFACE_WITH_KNOTS('',3,1,(
    (#6062,#6063)
    ,(#6064,#6065)
    ,(#6066,#6067)
    ,(#6068,#6069
    )),.UNSPECIFIED.,.F.,.F.,.F.,(4,4),(2,2),(0.,1.),(-0.6,0.),
  .PIECEWISE_BEZIER_KNOTS.);
#6062 = CARTESIAN_POINT('',(72.566382942362,158.11684679695,216.55));
#6063 = CARTESIAN_POINT('',(72.566382942362,158.11684679695,215.95));
#6064 = CARTESIAN_POINT('',(64.534978351247,159.57621114956,216.55));
#6065 = CARTESIAN_POINT('',(64.534978351247,159.57621114956,215.95));
#6066 = CARTESIAN_POINT('',(56.107538349706,160.13706940131,216.55));
#6067 = CARTESIAN_POINT('',(56.107538349706,160.13706940131,215.95));
#6068 = CARTESIAN_POINT('',(48.023578722348,160.49534578729,216.55));
#6069 = CARTESIAN_POINT('',(48.023578722348,160.49534578729,215.95));
#6070 = ADVANCED_FACE('',(#6071),#6089,.F.);
#6071 = FACE_BOUND('',#6072,.F.);
#6072 = EDGE_LOOP('',(#6073,#6074,#6083,#6088));
#6073 = ORIENTED_EDGE('',*,*,#6056,.T.);
#6074 = ORIENTED_EDGE('',*,*,#6075,.T.);
#6075 = EDGE_CURVE('',#6048,#6076,#6078,.T.);
#6076 = VERTEX_POINT('',#6077);
#6077 = CARTESIAN_POINT('',(-6.443828198344E-02,161.49765262197,216.55)
  );
#6078 = B_SPLINE_CURVE_WITH_KNOTS('',3,(#6079,#6080,#6081,#6082),
  .UNSPECIFIED.,.F.,.F.,(4,4),(0.,1.),.PIECEWISE_BEZIER_KNOTS.);
#6079 = CARTESIAN_POINT('',(48.023578722348,160.49534578729,216.55));
#6080 = CARTESIAN_POINT('',(32.955543613416,161.16312655984,216.55));
#6081 = CARTESIAN_POINT('',(17.634122064261,161.50264326965,216.55));
#6082 = CARTESIAN_POINT('',(-6.443828198344E-02,161.49765262197,216.55)
  );
#6083 = ORIENTED_EDGE('',*,*,#6084,.F.);
#6084 = EDGE_CURVE('',#5483,#6076,#6085,.T.);
#6085 = B_SPLINE_CURVE_WITH_KNOTS('',1,(#6086,#6087),.UNSPECIFIED.,.F.,
  .F.,(2,2),(0.,0.6),.PIECEWISE_BEZIER_KNOTS.);
#6086 = CARTESIAN_POINT('',(-6.443828198344E-02,161.49765262197,215.95)
  );
#6087 = CARTESIAN_POINT('',(-6.443828198344E-02,161.49765262197,216.55)
  );
#6088 = ORIENTED_EDGE('',*,*,#5491,.F.);
#6089 = B_SPLINE_SURFACE_WITH_KNOTS('',3,1,(
    (#6090,#6091)
    ,(#6092,#6093)
    ,(#6094,#6095)
    ,(#6096,#6097
    )),.UNSPECIFIED.,.F.,.F.,.F.,(4,4),(2,2),(0.,1.),(-0.6,0.),
  .PIECEWISE_BEZIER_KNOTS.);
#6090 = CARTESIAN_POINT('',(48.023578722348,160.49534578729,216.55));
#6091 = CARTESIAN_POINT('',(48.023578722348,160.49534578729,215.95));
#6092 = CARTESIAN_POINT('',(32.955543613416,161.16312655984,216.55));
#6093 = CARTESIAN_POINT('',(32.955543613416,161.16312655984,215.95));
#6094 = CARTESIAN_POINT('',(17.634122064261,161.50264326965,216.55));
#6095 = CARTESIAN_POINT('',(17.634122064261,161.50264326965,215.95));
#6096 = CARTESIAN_POINT('',(-6.443828198344E-02,161.49765262197,216.55)
  );
#6097 = CARTESIAN_POINT('',(-6.443828198344E-02,161.49765262197,215.95)
  );
#6098 = ADVANCED_FACE('',(#6099),#6117,.F.);
#6099 = FACE_BOUND('',#6100,.F.);
#6100 = EDGE_LOOP('',(#6101,#6102,#6111,#6116));
#6101 = ORIENTED_EDGE('',*,*,#6084,.T.);
#6102 = ORIENTED_EDGE('',*,*,#6103,.T.);
#6103 = EDGE_CURVE('',#6076,#6104,#6106,.T.);
#6104 = VERTEX_POINT('',#6105);
#6105 = CARTESIAN_POINT('',(-47.97977846913,160.47283522876,216.55));
#6106 = B_SPLINE_CURVE_WITH_KNOTS('',3,(#6107,#6108,#6109,#6110),
  .UNSPECIFIED.,.F.,.F.,(4,4),(0.,1.),.PIECEWISE_BEZIER_KNOTS.);
#6107 = CARTESIAN_POINT('',(-6.443828198344E-02,161.49765262197,216.55)
  );
#6108 = CARTESIAN_POINT('',(-17.76299858081,161.49259880153,216.55));
#6109 = CARTESIAN_POINT('',(-33.05814366537,161.14562507438,216.55));
#6110 = CARTESIAN_POINT('',(-47.97977846913,160.47283522876,216.55));
#6111 = ORIENTED_EDGE('',*,*,#6112,.F.);
#6112 = EDGE_CURVE('',#5474,#6104,#6113,.T.);
#6113 = B_SPLINE_CURVE_WITH_KNOTS('',1,(#6114,#6115),.UNSPECIFIED.,.F.,
  .F.,(2,2),(0.,0.6),.PIECEWISE_BEZIER_KNOTS.);
#6114 = CARTESIAN_POINT('',(-47.97977846913,160.47283522876,215.95));
#6115 = CARTESIAN_POINT('',(-47.97977846913,160.47283522876,216.55));
#6116 = ORIENTED_EDGE('',*,*,#5482,.F.);
#6117 = B_SPLINE_SURFACE_WITH_KNOTS('',3,1,(
    (#6118,#6119)
    ,(#6120,#6121)
    ,(#6122,#6123)
    ,(#6124,#6125
    )),.UNSPECIFIED.,.F.,.F.,.F.,(4,4),(2,2),(0.,1.),(-0.6,0.),
  .PIECEWISE_BEZIER_KNOTS.);
#6118 = CARTESIAN_POINT('',(-6.443828198344E-02,161.49765262197,216.55)
  );
#6119 = CARTESIAN_POINT('',(-6.443828198344E-02,161.49765262197,215.95)
  );
#6120 = CARTESIAN_POINT('',(-17.76299858081,161.49259880153,216.55));
#6121 = CARTESIAN_POINT('',(-17.76299858081,161.49259880153,215.95));
#6122 = CARTESIAN_POINT('',(-33.05814366537,161.14562507438,216.55));
#6123 = CARTESIAN_POINT('',(-33.05814366537,161.14562507438,215.95));
#6124 = CARTESIAN_POINT('',(-47.97977846913,160.47283522876,216.55));
#6125 = CARTESIAN_POINT('',(-47.97977846913,160.47283522876,215.95));
#6126 = ADVANCED_FACE('',(#6127),#6145,.F.);
#6127 = FACE_BOUND('',#6128,.F.);
#6128 = EDGE_LOOP('',(#6129,#6130,#6139,#6144));
#6129 = ORIENTED_EDGE('',*,*,#6112,.T.);
#6130 = ORIENTED_EDGE('',*,*,#6131,.T.);
#6131 = EDGE_CURVE('',#6104,#6132,#6134,.T.);
#6132 = VERTEX_POINT('',#6133);
#6133 = CARTESIAN_POINT('',(-60.36755150445,159.6812542809,216.55));
#6134 = B_SPLINE_CURVE_WITH_KNOTS('',3,(#6135,#6136,#6137,#6138),
  .UNSPECIFIED.,.F.,.F.,(4,4),(0.,1.),.PIECEWISE_BEZIER_KNOTS.);
#6135 = CARTESIAN_POINT('',(-47.97977846913,160.47283522876,216.55));
#6136 = CARTESIAN_POINT('',(-52.5482370631,160.26649984845,216.55));
#6137 = CARTESIAN_POINT('',(-56.67749474155,160.0026325133,216.55));
#6138 = CARTESIAN_POINT('',(-60.36755150445,159.6812542809,216.55));
#6139 = ORIENTED_EDGE('',*,*,#6140,.F.);
#6140 = EDGE_CURVE('',#5465,#6132,#6141,.T.);
#6141 = B_SPLINE_CURVE_WITH_KNOTS('',1,(#6142,#6143),.UNSPECIFIED.,.F.,
  .F.,(2,2),(0.,0.6),.PIECEWISE_BEZIER_KNOTS.);
#6142 = CARTESIAN_POINT('',(-60.36755150445,159.6812542809,215.95));
#6143 = CARTESIAN_POINT('',(-60.36755150445,159.6812542809,216.55));
#6144 = ORIENTED_EDGE('',*,*,#5473,.F.);
#6145 = B_SPLINE_SURFACE_WITH_KNOTS('',3,1,(
    (#6146,#6147)
    ,(#6148,#6149)
    ,(#6150,#6151)
    ,(#6152,#6153
    )),.UNSPECIFIED.,.F.,.F.,.F.,(4,4),(2,2),(0.,1.),(-0.6,0.),
  .PIECEWISE_BEZIER_KNOTS.);
#6146 = CARTESIAN_POINT('',(-47.97977846913,160.47283522876,216.55));
#6147 = CARTESIAN_POINT('',(-47.97977846913,160.47283522876,215.95));
#6148 = CARTESIAN_POINT('',(-52.5482370631,160.26649984845,216.55));
#6149 = CARTESIAN_POINT('',(-52.5482370631,160.26649984845,215.95));
#6150 = CARTESIAN_POINT('',(-56.67749474155,160.0026325133,216.55));
#6151 = CARTESIAN_POINT('',(-56.67749474155,160.0026325133,215.95));
#6152 = CARTESIAN_POINT('',(-60.36755150445,159.6812542809,216.55));
#6153 = CARTESIAN_POINT('',(-60.36755150445,159.6812542809,215.95));
#6154 = ADVANCED_FACE('',(#6155),#6173,.F.);
#6155 = FACE_BOUND('',#6156,.F.);
#6156 = EDGE_LOOP('',(#6157,#6158,#6167,#6172));
#6157 = ORIENTED_EDGE('',*,*,#6140,.T.);
#6158 = ORIENTED_EDGE('',*,*,#6159,.T.);
#6159 = EDGE_CURVE('',#6132,#6160,#6162,.T.);
#6160 = VERTEX_POINT('',#6161);
#6161 = CARTESIAN_POINT('',(-87.74265182193,152.72395975643,216.55));
#6162 = B_SPLINE_CURVE_WITH_KNOTS('',3,(#6163,#6164,#6165,#6166),
  .UNSPECIFIED.,.F.,.F.,(4,4),(0.,1.),.PIECEWISE_BEZIER_KNOTS.);
#6163 = CARTESIAN_POINT('',(-60.36755150445,159.6812542809,216.55));
#6164 = CARTESIAN_POINT('',(-69.7165641098,158.86903953179,216.55));
#6165 = CARTESIAN_POINT('',(-79.51228925558,157.56911794955,216.55));
#6166 = CARTESIAN_POINT('',(-87.74265182193,152.72395975643,216.55));
#6167 = ORIENTED_EDGE('',*,*,#6168,.F.);
#6168 = EDGE_CURVE('',#5456,#6160,#6169,.T.);
#6169 = B_SPLINE_CURVE_WITH_KNOTS('',1,(#6170,#6171),.UNSPECIFIED.,.F.,
  .F.,(2,2),(0.,0.6),.PIECEWISE_BEZIER_KNOTS.);
#6170 = CARTESIAN_POINT('',(-87.74265182193,152.72395975643,215.95));
#6171 = CARTESIAN_POINT('',(-87.74265182193,152.72395975643,216.55));
#6172 = ORIENTED_EDGE('',*,*,#5464,.F.);
#6173 = B_SPLINE_SURFACE_WITH_KNOTS('',3,1,(
    (#6174,#6175)
    ,(#6176,#6177)
    ,(#6178,#6179)
    ,(#6180,#6181
    )),.UNSPECIFIED.,.F.,.F.,.F.,(4,4),(2,2),(0.,1.),(-0.6,0.),
  .PIECEWISE_BEZIER_KNOTS.);
#6174 = CARTESIAN_POINT('',(-60.36755150445,159.6812542809,216.55));
#6175 = CARTESIAN_POINT('',(-60.36755150445,159.6812542809,215.95));
#6176 = CARTESIAN_POINT('',(-69.7165641098,158.86903953179,216.55));
#6177 = CARTESIAN_POINT('',(-69.7165641098,158.86903953179,215.95));
#6178 = CARTESIAN_POINT('',(-79.51228925558,157.56911794955,216.55));
#6179 = CARTESIAN_POINT('',(-79.51228925558,157.56911794955,215.95));
#6180 = CARTESIAN_POINT('',(-87.74265182193,152.72395975643,216.55));
#6181 = CARTESIAN_POINT('',(-87.74265182193,152.72395975643,215.95));
#6182 = ADVANCED_FACE('',(#6183),#6201,.F.);
#6183 = FACE_BOUND('',#6184,.F.);
#6184 = EDGE_LOOP('',(#6185,#6186,#6195,#6200));
#6185 = ORIENTED_EDGE('',*,*,#6168,.T.);
#6186 = ORIENTED_EDGE('',*,*,#6187,.T.);
#6187 = EDGE_CURVE('',#6160,#6188,#6190,.T.);
#6188 = VERTEX_POINT('',#6189);
#6189 = CARTESIAN_POINT('',(-104.4154671043,132.0621677101,216.55));
#6190 = B_SPLINE_CURVE_WITH_KNOTS('',3,(#6191,#6192,#6193,#6194),
  .UNSPECIFIED.,.F.,.F.,(4,4),(0.,1.),.PIECEWISE_BEZIER_KNOTS.);
#6191 = CARTESIAN_POINT('',(-87.74265182193,152.72395975643,216.55));
#6192 = CARTESIAN_POINT('',(-95.78344067656,147.99322584884,216.55));
#6193 = CARTESIAN_POINT('',(-101.3410475265,141.10595569159,216.55));
#6194 = CARTESIAN_POINT('',(-104.4154671043,132.0621677101,216.55));
#6195 = ORIENTED_EDGE('',*,*,#6196,.F.);
#6196 = EDGE_CURVE('',#5447,#6188,#6197,.T.);
#6197 = B_SPLINE_CURVE_WITH_KNOTS('',1,(#6198,#6199),.UNSPECIFIED.,.F.,
  .F.,(2,2),(0.,0.6),.PIECEWISE_BEZIER_KNOTS.);
#6198 = CARTESIAN_POINT('',(-104.4154671043,132.0621677101,215.95));
#6199 = CARTESIAN_POINT('',(-104.4154671043,132.0621677101,216.55));
#6200 = ORIENTED_EDGE('',*,*,#5455,.F.);
#6201 = B_SPLINE_SURFACE_WITH_KNOTS('',3,1,(
    (#6202,#6203)
    ,(#6204,#6205)
    ,(#6206,#6207)
    ,(#6208,#6209
    )),.UNSPECIFIED.,.F.,.F.,.F.,(4,4),(2,2),(0.,1.),(-0.6,0.),
  .PIECEWISE_BEZIER_KNOTS.);
#6202 = CARTESIAN_POINT('',(-87.74265182193,152.72395975643,216.55));
#6203 = CARTESIAN_POINT('',(-87.74265182193,152.72395975643,215.95));
#6204 = CARTESIAN_POINT('',(-95.78344067656,147.99322584884,216.55));
#6205 = CARTESIAN_POINT('',(-95.78344067656,147.99322584884,215.95));
#6206 = CARTESIAN_POINT('',(-101.3410475265,141.10595569159,216.55));
#6207 = CARTESIAN_POINT('',(-101.3410475265,141.10595569159,215.95));
#6208 = CARTESIAN_POINT('',(-104.4154671043,132.0621677101,216.55));
#6209 = CARTESIAN_POINT('',(-104.4154671043,132.0621677101,215.95));
#6210 = ADVANCED_FACE('',(#6211),#6229,.F.);
#6211 = FACE_BOUND('',#6212,.F.);
#6212 = EDGE_LOOP('',(#6213,#6214,#6223,#6228));
#6213 = ORIENTED_EDGE('',*,*,#6196,.T.);
#6214 = ORIENTED_EDGE('',*,*,#6215,.T.);
#6215 = EDGE_CURVE('',#6188,#6216,#6218,.T.);
#6216 = VERTEX_POINT('',#6217);
#6217 = CARTESIAN_POINT('',(-108.4996761038,110.07044175829,216.55));
#6218 = B_SPLINE_CURVE_WITH_KNOTS('',3,(#6219,#6220,#6221,#6222),
  .UNSPECIFIED.,.F.,.F.,(4,4),(0.,1.),.PIECEWISE_BEZIER_KNOTS.);
#6219 = CARTESIAN_POINT('',(-104.4154671043,132.0621677101,216.55));
#6220 = CARTESIAN_POINT('',(-106.8348345368,124.94730980473,216.55));
#6221 = CARTESIAN_POINT('',(-107.906565892,117.59985244596,216.55));
#6222 = CARTESIAN_POINT('',(-108.4996761038,110.07044175829,216.55));
#6223 = ORIENTED_EDGE('',*,*,#6224,.F.);
#6224 = EDGE_CURVE('',#5438,#6216,#6225,.T.);
#6225 = B_SPLINE_CURVE_WITH_KNOTS('',1,(#6226,#6227),.UNSPECIFIED.,.F.,
  .F.,(2,2),(0.,0.6),.PIECEWISE_BEZIER_KNOTS.);
#6226 = CARTESIAN_POINT('',(-108.4996761038,110.07044175829,215.95));
#6227 = CARTESIAN_POINT('',(-108.4996761038,110.07044175829,216.55));
#6228 = ORIENTED_EDGE('',*,*,#5446,.F.);
#6229 = B_SPLINE_SURFACE_WITH_KNOTS('',3,1,(
    (#6230,#6231)
    ,(#6232,#6233)
    ,(#6234,#6235)
    ,(#6236,#6237
    )),.UNSPECIFIED.,.F.,.F.,.F.,(4,4),(2,2),(0.,1.),(-0.6,0.),
  .PIECEWISE_BEZIER_KNOTS.);
#6230 = CARTESIAN_POINT('',(-104.4154671043,132.0621677101,216.55));
#6231 = CARTESIAN_POINT('',(-104.4154671043,132.0621677101,215.95));
#6232 = CARTESIAN_POINT('',(-106.8348345368,124.94730980473,216.55));
#6233 = CARTESIAN_POINT('',(-106.8348345368,124.94730980473,215.95));
#6234 = CARTESIAN_POINT('',(-107.906565892,117.59985244596,216.55));
#6235 = CARTESIAN_POINT('',(-107.906565892,117.59985244596,215.95));
#6236 = CARTESIAN_POINT('',(-108.4996761038,110.07044175829,216.55));
#6237 = CARTESIAN_POINT('',(-108.4996761038,110.07044175829,215.95));
#6238 = ADVANCED_FACE('',(#6239),#6250,.F.);
#6239 = FACE_BOUND('',#6240,.F.);
#6240 = EDGE_LOOP('',(#6241,#6242,#6249));
#6241 = ORIENTED_EDGE('',*,*,#6224,.T.);
#6242 = ORIENTED_EDGE('',*,*,#6243,.T.);
#6243 = EDGE_CURVE('',#6216,#2659,#6244,.T.);
#6244 = B_SPLINE_CURVE_WITH_KNOTS('',3,(#6245,#6246,#6247,#6248),
  .UNSPECIFIED.,.F.,.F.,(4,4),(0.,1.),.PIECEWISE_BEZIER_KNOTS.);
#6245 = CARTESIAN_POINT('',(-108.4996761038,110.07044175829,216.55));
#6246 = CARTESIAN_POINT('',(-109.4043607206,98.573745177124,216.55));
#6247 = CARTESIAN_POINT('',(-109.5620231956,85.550155199954,216.55));
#6248 = CARTESIAN_POINT('',(-109.6765148978,74.573051900223,216.55));
#6249 = ORIENTED_EDGE('',*,*,#5437,.F.);
#6250 = B_SPLINE_SURFACE_WITH_KNOTS('',3,1,(
    (#6251,#6252)
    ,(#6253,#6254)
    ,(#6255,#6256)
    ,(#6257,#6258
    )),.UNSPECIFIED.,.F.,.F.,.F.,(4,4),(2,2),(0.,1.),(-0.6,0.),
  .PIECEWISE_BEZIER_KNOTS.);
#6251 = CARTESIAN_POINT('',(-108.4996761038,110.07044175829,216.55));
#6252 = CARTESIAN_POINT('',(-108.4996761038,110.07044175829,215.95));
#6253 = CARTESIAN_POINT('',(-109.4043607206,98.573745177124,216.55));
#6254 = CARTESIAN_POINT('',(-109.4043607206,98.573745177124,215.95));
#6255 = CARTESIAN_POINT('',(-109.5620231956,85.550155199954,216.55));
#6256 = CARTESIAN_POINT('',(-109.5620231956,85.550155199954,215.95));
#6257 = CARTESIAN_POINT('',(-109.6765148978,74.573051900223,216.55));
#6258 = CARTESIAN_POINT('',(-109.6765148978,74.573051900223,215.95));
#6259 = ADVANCED_FACE('',(#6260),#6270,.F.);
#6260 = FACE_BOUND('',#6261,.F.);
#6261 = EDGE_LOOP('',(#6262,#6268,#6269));
#6262 = ORIENTED_EDGE('',*,*,#6263,.F.);
#6263 = EDGE_CURVE('',#2542,#5590,#6264,.T.);
#6264 = LINE('',#6265,#6266);
#6265 = CARTESIAN_POINT('',(110.21378052338,69.516708324208,24.25));
#6266 = VECTOR('',#6267,1.);
#6267 = DIRECTION('',(0.,0.,1.));
#6268 = ORIENTED_EDGE('',*,*,#5763,.T.);
#6269 = ORIENTED_EDGE('',*,*,#5589,.T.);
#6270 = SURFACE_OF_LINEAR_EXTRUSION('',#6271,#6276);
#6271 = B_SPLINE_CURVE_WITH_KNOTS('',3,(#6272,#6273,#6274,#6275),
  .UNSPECIFIED.,.F.,.F.,(4,4),(0.,1.),.PIECEWISE_BEZIER_KNOTS.);
#6272 = CARTESIAN_POINT('',(109.85742079632,34.885626816113,24.25));
#6273 = CARTESIAN_POINT('',(110.13898273678,46.603421077375,24.25));
#6274 = CARTESIAN_POINT('',(110.25777019441,58.14710873979,24.25));
#6275 = CARTESIAN_POINT('',(110.21378052338,69.516708324208,24.25));
#6276 = VECTOR('',#6277,1.);
#6277 = DIRECTION('',(-0.,-0.,-1.));
#6278 = ADVANCED_FACE('',(#6279),#6298,.F.);
#6279 = FACE_BOUND('',#6280,.F.);
#6280 = EDGE_LOOP('',(#6281,#6290,#6291,#6292));
#6281 = ORIENTED_EDGE('',*,*,#6282,.F.);
#6282 = EDGE_CURVE('',#2542,#6283,#6285,.T.);
#6283 = VERTEX_POINT('',#6284);
#6284 = CARTESIAN_POINT('',(109.93095387327,89.753840833267,216.55));
#6285 = B_SPLINE_CURVE_WITH_KNOTS('',3,(#6286,#6287,#6288,#6289),
  .UNSPECIFIED.,.F.,.F.,(4,4),(0.,1.),.PIECEWISE_BEZIER_KNOTS.);
#6286 = CARTESIAN_POINT('',(110.21378052338,69.516708324208,216.55));
#6287 = CARTESIAN_POINT('',(110.18928008108,75.778473688893,216.55));
#6288 = CARTESIAN_POINT('',(110.06294140721,81.649938541008,216.55));
#6289 = CARTESIAN_POINT('',(109.93095387327,89.753840833267,216.55));
#6290 = ORIENTED_EDGE('',*,*,#6263,.T.);
#6291 = ORIENTED_EDGE('',*,*,#5598,.T.);
#6292 = ORIENTED_EDGE('',*,*,#6293,.F.);
#6293 = EDGE_CURVE('',#6283,#5599,#6294,.T.);
#6294 = LINE('',#6295,#6296);
#6295 = CARTESIAN_POINT('',(109.93095387327,89.753840833267,24.25));
#6296 = VECTOR('',#6297,1.);
#6297 = DIRECTION('',(0.,0.,1.));
#6298 = SURFACE_OF_LINEAR_EXTRUSION('',#6299,#6304);
#6299 = B_SPLINE_CURVE_WITH_KNOTS('',3,(#6300,#6301,#6302,#6303),
  .UNSPECIFIED.,.F.,.F.,(4,4),(0.,1.),.PIECEWISE_BEZIER_KNOTS.);
#6300 = CARTESIAN_POINT('',(110.21378052338,69.516708324208,24.25));
#6301 = CARTESIAN_POINT('',(110.18928008108,75.778473688893,24.25));
#6302 = CARTESIAN_POINT('',(110.06294140721,81.649938541008,24.25));
#6303 = CARTESIAN_POINT('',(109.93095387327,89.753840833267,24.25));
#6304 = VECTOR('',#6305,1.);
#6305 = DIRECTION('',(-0.,-0.,-1.));
#6306 = ADVANCED_FACE('',(#6307),#6326,.F.);
#6307 = FACE_BOUND('',#6308,.F.);
#6308 = EDGE_LOOP('',(#6309,#6318,#6319,#6320));
#6309 = ORIENTED_EDGE('',*,*,#6310,.F.);
#6310 = EDGE_CURVE('',#6283,#6311,#6313,.T.);
#6311 = VERTEX_POINT('',#6312);
#6312 = CARTESIAN_POINT('',(108.68652190445,113.41693951052,216.55));
#6313 = B_SPLINE_CURVE_WITH_KNOTS('',3,(#6314,#6315,#6316,#6317),
  .UNSPECIFIED.,.F.,.F.,(4,4),(0.,1.),.PIECEWISE_BEZIER_KNOTS.);
#6314 = CARTESIAN_POINT('',(109.93095387327,89.753840833267,216.55));
#6315 = CARTESIAN_POINT('',(109.79896898516,97.648454844031,216.55));
#6316 = CARTESIAN_POINT('',(109.42752534649,105.82400637792,216.55));
#6317 = CARTESIAN_POINT('',(108.68652190445,113.41693951052,216.55));
#6318 = ORIENTED_EDGE('',*,*,#6293,.T.);
#6319 = ORIENTED_EDGE('',*,*,#5607,.T.);
#6320 = ORIENTED_EDGE('',*,*,#6321,.F.);
#6321 = EDGE_CURVE('',#6311,#5608,#6322,.T.);
#6322 = LINE('',#6323,#6324);
#6323 = CARTESIAN_POINT('',(108.68652190445,113.41693951052,24.25));
#6324 = VECTOR('',#6325,1.);
#6325 = DIRECTION('',(0.,0.,1.));
#6326 = SURFACE_OF_LINEAR_EXTRUSION('',#6327,#6332);
#6327 = B_SPLINE_CURVE_WITH_KNOTS('',3,(#6328,#6329,#6330,#6331),
  .UNSPECIFIED.,.F.,.F.,(4,4),(0.,1.),.PIECEWISE_BEZIER_KNOTS.);
#6328 = CARTESIAN_POINT('',(109.93095387327,89.753840833267,24.25));
#6329 = CARTESIAN_POINT('',(109.79896898516,97.648454844031,24.25));
#6330 = CARTESIAN_POINT('',(109.42752534649,105.82400637792,24.25));
#6331 = CARTESIAN_POINT('',(108.68652190445,113.41693951052,24.25));
#6332 = VECTOR('',#6333,1.);
#6333 = DIRECTION('',(-0.,-0.,-1.));
#6334 = ADVANCED_FACE('',(#6335),#6354,.F.);
#6335 = FACE_BOUND('',#6336,.F.);
#6336 = EDGE_LOOP('',(#6337,#6346,#6347,#6348));
#6337 = ORIENTED_EDGE('',*,*,#6338,.F.);
#6338 = EDGE_CURVE('',#6311,#6339,#6341,.T.);
#6339 = VERTEX_POINT('',#6340);
#6340 = CARTESIAN_POINT('',(104.25935283445,134.06888355779,216.55));
#6341 = B_SPLINE_CURVE_WITH_KNOTS('',3,(#6342,#6343,#6344,#6345),
  .UNSPECIFIED.,.F.,.F.,(4,4),(0.,1.),.PIECEWISE_BEZIER_KNOTS.);
#6342 = CARTESIAN_POINT('',(108.68652190445,113.41693951052,216.55));
#6343 = CARTESIAN_POINT('',(107.99077019727,120.53849312903,216.55));
#6344 = CARTESIAN_POINT('',(106.78781700102,127.42247447812,216.55));
#6345 = CARTESIAN_POINT('',(104.25935283445,134.06888355779,216.55));
#6346 = ORIENTED_EDGE('',*,*,#6321,.T.);
#6347 = ORIENTED_EDGE('',*,*,#5616,.T.);
#6348 = ORIENTED_EDGE('',*,*,#6349,.F.);
#6349 = EDGE_CURVE('',#6339,#5617,#6350,.T.);
#6350 = LINE('',#6351,#6352);
#6351 = CARTESIAN_POINT('',(104.25935283445,134.06888355779,24.25));
#6352 = VECTOR('',#6353,1.);
#6353 = DIRECTION('',(0.,0.,1.));
#6354 = SURFACE_OF_LINEAR_EXTRUSION('',#6355,#6360);
#6355 = B_SPLINE_CURVE_WITH_KNOTS('',3,(#6356,#6357,#6358,#6359),
  .UNSPECIFIED.,.F.,.F.,(4,4),(0.,1.),.PIECEWISE_BEZIER_KNOTS.);
#6356 = CARTESIAN_POINT('',(108.68652190445,113.41693951052,24.25));
#6357 = CARTESIAN_POINT('',(107.99077019727,120.53849312903,24.25));
#6358 = CARTESIAN_POINT('',(106.78781700102,127.42247447812,24.25));
#6359 = CARTESIAN_POINT('',(104.25935283445,134.06888355779,24.25));
#6360 = VECTOR('',#6361,1.);
#6361 = DIRECTION('',(-0.,-0.,-1.));
#6362 = ADVANCED_FACE('',(#6363),#6382,.F.);
#6363 = FACE_BOUND('',#6364,.F.);
#6364 = EDGE_LOOP('',(#6365,#6374,#6375,#6376));
#6365 = ORIENTED_EDGE('',*,*,#6366,.F.);
#6366 = EDGE_CURVE('',#6339,#6367,#6369,.T.);
#6367 = VERTEX_POINT('',#6368);
#6368 = CARTESIAN_POINT('',(95.026033068732,148.04613718331,216.55));
#6369 = B_SPLINE_CURVE_WITH_KNOTS('',3,(#6370,#6371,#6372,#6373),
  .UNSPECIFIED.,.F.,.F.,(4,4),(0.,1.),.PIECEWISE_BEZIER_KNOTS.);
#6370 = CARTESIAN_POINT('',(104.25935283445,134.06888355779,216.55));
#6371 = CARTESIAN_POINT('',(102.16393530852,139.57329685916,216.55));
#6372 = CARTESIAN_POINT('',(99.086147942154,144.232381401,216.55));
#6373 = CARTESIAN_POINT('',(95.026033068732,148.04613718331,216.55));
#6374 = ORIENTED_EDGE('',*,*,#6349,.T.);
#6375 = ORIENTED_EDGE('',*,*,#5625,.T.);
#6376 = ORIENTED_EDGE('',*,*,#6377,.F.);
#6377 = EDGE_CURVE('',#6367,#5626,#6378,.T.);
#6378 = LINE('',#6379,#6380);
#6379 = CARTESIAN_POINT('',(95.026033068732,148.04613718331,24.25));
#6380 = VECTOR('',#6381,1.);
#6381 = DIRECTION('',(0.,0.,1.));
#6382 = SURFACE_OF_LINEAR_EXTRUSION('',#6383,#6388);
#6383 = B_SPLINE_CURVE_WITH_KNOTS('',3,(#6384,#6385,#6386,#6387),
  .UNSPECIFIED.,.F.,.F.,(4,4),(0.,1.),.PIECEWISE_BEZIER_KNOTS.);
#6384 = CARTESIAN_POINT('',(104.25935283445,134.06888355779,24.25));
#6385 = CARTESIAN_POINT('',(102.16393530852,139.57329685916,24.25));
#6386 = CARTESIAN_POINT('',(99.086147942154,144.232381401,24.25));
#6387 = CARTESIAN_POINT('',(95.026033068732,148.04613718331,24.25));
#6388 = VECTOR('',#6389,1.);
#6389 = DIRECTION('',(-0.,-0.,-1.));
#6390 = ADVANCED_FACE('',(#6391),#6410,.F.);
#6391 = FACE_BOUND('',#6392,.F.);
#6392 = EDGE_LOOP('',(#6393,#6402,#6403,#6404));
#6393 = ORIENTED_EDGE('',*,*,#6394,.F.);
#6394 = EDGE_CURVE('',#6367,#6395,#6397,.T.);
#6395 = VERTEX_POINT('',#6396);
#6396 = CARTESIAN_POINT('',(72.897736289131,158.59931112177,216.55));
#6397 = B_SPLINE_CURVE_WITH_KNOTS('',3,(#6398,#6399,#6400,#6401),
  .UNSPECIFIED.,.F.,.F.,(4,4),(0.,1.),.PIECEWISE_BEZIER_KNOTS.);
#6398 = CARTESIAN_POINT('',(95.026033068732,148.04613718331,216.55));
#6399 = CARTESIAN_POINT('',(88.834030464546,153.85915022426,216.55));
#6400 = CARTESIAN_POINT('',(81.175107533738,157.09279321204,216.55));
#6401 = CARTESIAN_POINT('',(72.897736289131,158.59931112177,216.55));
#6402 = ORIENTED_EDGE('',*,*,#6377,.T.);
#6403 = ORIENTED_EDGE('',*,*,#5634,.T.);
#6404 = ORIENTED_EDGE('',*,*,#6405,.F.);
#6405 = EDGE_CURVE('',#6395,#5635,#6406,.T.);
#6406 = LINE('',#6407,#6408);
#6407 = CARTESIAN_POINT('',(72.897736289131,158.59931112177,24.25));
#6408 = VECTOR('',#6409,1.);
#6409 = DIRECTION('',(0.,0.,1.));
#6410 = SURFACE_OF_LINEAR_EXTRUSION('',#6411,#6416);
#6411 = B_SPLINE_CURVE_WITH_KNOTS('',3,(#6412,#6413,#6414,#6415),
  .UNSPECIFIED.,.F.,.F.,(4,4),(0.,1.),.PIECEWISE_BEZIER_KNOTS.);
#6412 = CARTESIAN_POINT('',(95.026033068732,148.04613718331,24.25));
#6413 = CARTESIAN_POINT('',(88.834030464546,153.85915022426,24.25));
#6414 = CARTESIAN_POINT('',(81.175107533738,157.09279321204,24.25));
#6415 = CARTESIAN_POINT('',(72.897736289131,158.59931112177,24.25));
#6416 = VECTOR('',#6417,1.);
#6417 = DIRECTION('',(-0.,-0.,-1.));
#6418 = ADVANCED_FACE('',(#6419),#6438,.F.);
#6419 = FACE_BOUND('',#6420,.F.);
#6420 = EDGE_LOOP('',(#6421,#6430,#6431,#6432));
#6421 = ORIENTED_EDGE('',*,*,#6422,.F.);
#6422 = EDGE_CURVE('',#6395,#6423,#6425,.T.);
#6423 = VERTEX_POINT('',#6424);
#6424 = CARTESIAN_POINT('',(48.242864469939,160.99013360264,216.55));
#6425 = B_SPLINE_CURVE_WITH_KNOTS('',3,(#6426,#6427,#6428,#6429),
  .UNSPECIFIED.,.F.,.F.,(4,4),(0.,1.),.PIECEWISE_BEZIER_KNOTS.);
#6426 = CARTESIAN_POINT('',(72.897736289131,158.59931112177,216.55));
#6427 = CARTESIAN_POINT('',(64.829658617691,160.06623674006,216.55));
#6428 = CARTESIAN_POINT('',(56.363737154956,160.63000091331,216.55));
#6429 = CARTESIAN_POINT('',(48.242864469939,160.99013360264,216.55));
#6430 = ORIENTED_EDGE('',*,*,#6405,.T.);
#6431 = ORIENTED_EDGE('',*,*,#5643,.T.);
#6432 = ORIENTED_EDGE('',*,*,#6433,.F.);
#6433 = EDGE_CURVE('',#6423,#5644,#6434,.T.);
#6434 = LINE('',#6435,#6436);
#6435 = CARTESIAN_POINT('',(48.242864469939,160.99013360264,24.25));
#6436 = VECTOR('',#6437,1.);
#6437 = DIRECTION('',(0.,0.,1.));
#6438 = SURFACE_OF_LINEAR_EXTRUSION('',#6439,#6444);
#6439 = B_SPLINE_CURVE_WITH_KNOTS('',3,(#6440,#6441,#6442,#6443),
  .UNSPECIFIED.,.F.,.F.,(4,4),(0.,1.),.PIECEWISE_BEZIER_KNOTS.);
#6440 = CARTESIAN_POINT('',(72.897736289131,158.59931112177,24.25));
#6441 = CARTESIAN_POINT('',(64.829658617691,160.06623674006,24.25));
#6442 = CARTESIAN_POINT('',(56.363737154956,160.63000091331,24.25));
#6443 = CARTESIAN_POINT('',(48.242864469939,160.99013360264,24.25));
#6444 = VECTOR('',#6445,1.);
#6445 = DIRECTION('',(-0.,-0.,-1.));
#6446 = ADVANCED_FACE('',(#6447),#6466,.F.);
#6447 = FACE_BOUND('',#6448,.F.);
#6448 = EDGE_LOOP('',(#6449,#6458,#6459,#6460));
#6449 = ORIENTED_EDGE('',*,*,#6450,.F.);
#6450 = EDGE_CURVE('',#6423,#6451,#6453,.T.);
#6451 = VERTEX_POINT('',#6452);
#6452 = CARTESIAN_POINT('',(-6.473252071396E-02,161.99763359437,216.55)
  );
#6453 = B_SPLINE_CURVE_WITH_KNOTS('',3,(#6454,#6455,#6456,#6457),
  .UNSPECIFIED.,.F.,.F.,(4,4),(0.,1.),.PIECEWISE_BEZIER_KNOTS.);
#6454 = CARTESIAN_POINT('',(48.242864469939,160.99013360264,216.55));
#6455 = CARTESIAN_POINT('',(33.106025547724,161.66137428418,216.55));
#6456 = CARTESIAN_POINT('',(17.714643169577,162.00265009962,216.55));
#6457 = CARTESIAN_POINT('',(-6.473252071396E-02,161.99763359437,216.55)
  );
#6458 = ORIENTED_EDGE('',*,*,#6433,.T.);
#6459 = ORIENTED_EDGE('',*,*,#5652,.T.);
#6460 = ORIENTED_EDGE('',*,*,#6461,.F.);
#6461 = EDGE_CURVE('',#6451,#5653,#6462,.T.);
#6462 = LINE('',#6463,#6464);
#6463 = CARTESIAN_POINT('',(-6.473252071396E-02,161.99763359437,24.25));
#6464 = VECTOR('',#6465,1.);
#6465 = DIRECTION('',(0.,0.,1.));
#6466 = SURFACE_OF_LINEAR_EXTRUSION('',#6467,#6472);
#6467 = B_SPLINE_CURVE_WITH_KNOTS('',3,(#6468,#6469,#6470,#6471),
  .UNSPECIFIED.,.F.,.F.,(4,4),(0.,1.),.PIECEWISE_BEZIER_KNOTS.);
#6468 = CARTESIAN_POINT('',(48.242864469939,160.99013360264,24.25));
#6469 = CARTESIAN_POINT('',(33.106025547724,161.66137428418,24.25));
#6470 = CARTESIAN_POINT('',(17.714643169577,162.00265009962,24.25));
#6471 = CARTESIAN_POINT('',(-6.473252071396E-02,161.99763359437,24.25));
#6472 = VECTOR('',#6473,1.);
#6473 = DIRECTION('',(-0.,-0.,-1.));
#6474 = ADVANCED_FACE('',(#6475),#6494,.F.);
#6475 = FACE_BOUND('',#6476,.F.);
#6476 = EDGE_LOOP('',(#6477,#6486,#6487,#6488));
#6477 = ORIENTED_EDGE('',*,*,#6478,.F.);
#6478 = EDGE_CURVE('',#6451,#6479,#6481,.T.);
#6479 = VERTEX_POINT('',#6480);
#6480 = CARTESIAN_POINT('',(-48.19886421556,160.9675064123,216.55));
#6481 = B_SPLINE_CURVE_WITH_KNOTS('',3,(#6482,#6483,#6484,#6485),
  .UNSPECIFIED.,.F.,.F.,(4,4),(0.,1.),.PIECEWISE_BEZIER_KNOTS.);
#6482 = CARTESIAN_POINT('',(-6.473252071396E-02,161.99763359437,216.55)
  );
#6483 = CARTESIAN_POINT('',(-17.84410816338,161.99255358905,216.55));
#6484 = CARTESIAN_POINT('',(-33.20909409307,161.64378211994,216.55));
#6485 = CARTESIAN_POINT('',(-48.19886421556,160.9675064123,216.55));
#6486 = ORIENTED_EDGE('',*,*,#6461,.T.);
#6487 = ORIENTED_EDGE('',*,*,#5661,.T.);
#6488 = ORIENTED_EDGE('',*,*,#6489,.F.);
#6489 = EDGE_CURVE('',#6479,#5662,#6490,.T.);
#6490 = LINE('',#6491,#6492);
#6491 = CARTESIAN_POINT('',(-48.19886421556,160.9675064123,24.25));
#6492 = VECTOR('',#6493,1.);
#6493 = DIRECTION('',(0.,0.,1.));
#6494 = SURFACE_OF_LINEAR_EXTRUSION('',#6495,#6500);
#6495 = B_SPLINE_CURVE_WITH_KNOTS('',3,(#6496,#6497,#6498,#6499),
  .UNSPECIFIED.,.F.,.F.,(4,4),(0.,1.),.PIECEWISE_BEZIER_KNOTS.);
#6496 = CARTESIAN_POINT('',(-6.473252071396E-02,161.99763359437,24.25));
#6497 = CARTESIAN_POINT('',(-17.84410816338,161.99255358905,24.25));
#6498 = CARTESIAN_POINT('',(-33.20909409307,161.64378211994,24.25));
#6499 = CARTESIAN_POINT('',(-48.19886421556,160.9675064123,24.25));
#6500 = VECTOR('',#6501,1.);
#6501 = DIRECTION('',(-0.,-0.,-1.));
#6502 = ADVANCED_FACE('',(#6503),#6522,.F.);
#6503 = FACE_BOUND('',#6504,.F.);
#6504 = EDGE_LOOP('',(#6505,#6514,#6515,#6516));
#6505 = ORIENTED_EDGE('',*,*,#6506,.F.);
#6506 = EDGE_CURVE('',#6479,#6507,#6509,.T.);
#6507 = VERTEX_POINT('',#6508);
#6508 = CARTESIAN_POINT('',(-60.64320242456,160.17182412138,216.55));
#6509 = B_SPLINE_CURVE_WITH_KNOTS('',3,(#6510,#6511,#6512,#6513),
  .UNSPECIFIED.,.F.,.F.,(4,4),(0.,1.),.PIECEWISE_BEZIER_KNOTS.);
#6510 = CARTESIAN_POINT('',(-48.19886421556,160.9675064123,216.55));
#6511 = CARTESIAN_POINT('',(-52.78818335106,160.76010196611,216.55));
#6512 = CARTESIAN_POINT('',(-56.9362960874,160.49486748024,216.55));
#6513 = CARTESIAN_POINT('',(-60.64320242456,160.17182412138,216.55));
#6514 = ORIENTED_EDGE('',*,*,#6489,.T.);
#6515 = ORIENTED_EDGE('',*,*,#5670,.T.);
#6516 = ORIENTED_EDGE('',*,*,#6517,.F.);
#6517 = EDGE_CURVE('',#6507,#5671,#6518,.T.);
#6518 = LINE('',#6519,#6520);
#6519 = CARTESIAN_POINT('',(-60.64320242456,160.17182412138,24.25));
#6520 = VECTOR('',#6521,1.);
#6521 = DIRECTION('',(0.,0.,1.));
#6522 = SURFACE_OF_LINEAR_EXTRUSION('',#6523,#6528);
#6523 = B_SPLINE_CURVE_WITH_KNOTS('',3,(#6524,#6525,#6526,#6527),
  .UNSPECIFIED.,.F.,.F.,(4,4),(0.,1.),.PIECEWISE_BEZIER_KNOTS.);
#6524 = CARTESIAN_POINT('',(-48.19886421556,160.9675064123,24.25));
#6525 = CARTESIAN_POINT('',(-52.78818335106,160.76010196611,24.25));
#6526 = CARTESIAN_POINT('',(-56.9362960874,160.49486748024,24.25));
#6527 = CARTESIAN_POINT('',(-60.64320242456,160.17182412138,24.25));
#6528 = VECTOR('',#6529,1.);
#6529 = DIRECTION('',(-0.,-0.,-1.));
#6530 = ADVANCED_FACE('',(#6531),#6550,.F.);
#6531 = FACE_BOUND('',#6532,.F.);
#6532 = EDGE_LOOP('',(#6533,#6542,#6543,#6544));
#6533 = ORIENTED_EDGE('',*,*,#6534,.F.);
#6534 = EDGE_CURVE('',#6507,#6535,#6537,.T.);
#6535 = VERTEX_POINT('',#6536);
#6536 = CARTESIAN_POINT('',(-88.14330320011,153.17848242869,216.55));
#6537 = B_SPLINE_CURVE_WITH_KNOTS('',3,(#6538,#6539,#6540,#6541),
  .UNSPECIFIED.,.F.,.F.,(4,4),(0.,1.),.PIECEWISE_BEZIER_KNOTS.);
#6538 = CARTESIAN_POINT('',(-60.64320242456,160.17182412138,216.55));
#6539 = CARTESIAN_POINT('',(-70.03490458518,159.35540112126,216.55));
#6540 = CARTESIAN_POINT('',(-79.87535906954,158.048744379,216.55));
#6541 = CARTESIAN_POINT('',(-88.14330320011,153.17848242869,216.55));
#6542 = ORIENTED_EDGE('',*,*,#6517,.T.);
#6543 = ORIENTED_EDGE('',*,*,#5679,.T.);
#6544 = ORIENTED_EDGE('',*,*,#6545,.F.);
#6545 = EDGE_CURVE('',#6535,#5680,#6546,.T.);
#6546 = LINE('',#6547,#6548);
#6547 = CARTESIAN_POINT('',(-88.14330320011,153.17848242869,24.25));
#6548 = VECTOR('',#6549,1.);
#6549 = DIRECTION('',(0.,0.,1.));
#6550 = SURFACE_OF_LINEAR_EXTRUSION('',#6551,#6556);
#6551 = B_SPLINE_CURVE_WITH_KNOTS('',3,(#6552,#6553,#6554,#6555),
  .UNSPECIFIED.,.F.,.F.,(4,4),(0.,1.),.PIECEWISE_BEZIER_KNOTS.);
#6552 = CARTESIAN_POINT('',(-60.64320242456,160.17182412138,24.25));
#6553 = CARTESIAN_POINT('',(-70.03490458518,159.35540112126,24.25));
#6554 = CARTESIAN_POINT('',(-79.87535906954,158.048744379,24.25));
#6555 = CARTESIAN_POINT('',(-88.14330320011,153.17848242869,24.25));
#6556 = VECTOR('',#6557,1.);
#6557 = DIRECTION('',(-0.,-0.,-1.));
#6558 = ADVANCED_FACE('',(#6559),#6578,.F.);
#6559 = FACE_BOUND('',#6560,.F.);
#6560 = EDGE_LOOP('',(#6561,#6570,#6571,#6572));
#6561 = ORIENTED_EDGE('',*,*,#6562,.F.);
#6562 = EDGE_CURVE('',#6535,#6563,#6565,.T.);
#6563 = VERTEX_POINT('',#6564);
#6564 = CARTESIAN_POINT('',(-104.8922500592,132.40963740492,216.55));
#6565 = B_SPLINE_CURVE_WITH_KNOTS('',3,(#6566,#6567,#6568,#6569),
  .UNSPECIFIED.,.F.,.F.,(4,4),(0.,1.),.PIECEWISE_BEZIER_KNOTS.);
#6566 = CARTESIAN_POINT('',(-88.14330320011,153.17848242869,216.55));
#6567 = CARTESIAN_POINT('',(-96.22080798558,148.42323761956,216.55));
#6568 = CARTESIAN_POINT('',(-101.8037920358,141.50028310469,216.55));
#6569 = CARTESIAN_POINT('',(-104.8922500592,132.40963740492,216.55));
#6570 = ORIENTED_EDGE('',*,*,#6545,.T.);
#6571 = ORIENTED_EDGE('',*,*,#5688,.T.);
#6572 = ORIENTED_EDGE('',*,*,#6573,.F.);
#6573 = EDGE_CURVE('',#6563,#5689,#6574,.T.);
#6574 = LINE('',#6575,#6576);
#6575 = CARTESIAN_POINT('',(-104.8922500592,132.40963740492,24.25));
#6576 = VECTOR('',#6577,1.);
#6577 = DIRECTION('',(0.,0.,1.));
#6578 = SURFACE_OF_LINEAR_EXTRUSION('',#6579,#6584);
#6579 = B_SPLINE_CURVE_WITH_KNOTS('',3,(#6580,#6581,#6582,#6583),
  .UNSPECIFIED.,.F.,.F.,(4,4),(0.,1.),.PIECEWISE_BEZIER_KNOTS.);
#6580 = CARTESIAN_POINT('',(-88.14330320011,153.17848242869,24.25));
#6581 = CARTESIAN_POINT('',(-96.22080798558,148.42323761956,24.25));
#6582 = CARTESIAN_POINT('',(-101.8037920358,141.50028310469,24.25));
#6583 = CARTESIAN_POINT('',(-104.8922500592,132.40963740492,24.25));
#6584 = VECTOR('',#6585,1.);
#6585 = DIRECTION('',(-0.,-0.,-1.));
#6586 = ADVANCED_FACE('',(#6587),#6606,.F.);
#6587 = FACE_BOUND('',#6588,.F.);
#6588 = EDGE_LOOP('',(#6589,#6598,#6599,#6600));
#6589 = ORIENTED_EDGE('',*,*,#6590,.F.);
#6590 = EDGE_CURVE('',#6563,#6591,#6593,.T.);
#6591 = VERTEX_POINT('',#6592);
#6592 = CARTESIAN_POINT('',(-108.9951084148,110.30396781567,216.55));
#6593 = B_SPLINE_CURVE_WITH_KNOTS('',3,(#6594,#6595,#6596,#6597),
  .UNSPECIFIED.,.F.,.F.,(4,4),(0.,1.),.PIECEWISE_BEZIER_KNOTS.);
#6594 = CARTESIAN_POINT('',(-104.8922500592,132.40963740492,216.55));
#6595 = CARTESIAN_POINT('',(-107.3226648315,125.25791596317,216.55));
#6596 = CARTESIAN_POINT('',(-108.3992899372,117.87238992261,216.55));
#6597 = CARTESIAN_POINT('',(-108.9951084148,110.30396781567,216.55));
#6598 = ORIENTED_EDGE('',*,*,#6573,.T.);
#6599 = ORIENTED_EDGE('',*,*,#5697,.T.);
#6600 = ORIENTED_EDGE('',*,*,#6601,.F.);
#6601 = EDGE_CURVE('',#6591,#5698,#6602,.T.);
#6602 = LINE('',#6603,#6604);
#6603 = CARTESIAN_POINT('',(-108.9951084148,110.30396781567,24.25));
#6604 = VECTOR('',#6605,1.);
#6605 = DIRECTION('',(0.,0.,1.));
#6606 = SURFACE_OF_LINEAR_EXTRUSION('',#6607,#6612);
#6607 = B_SPLINE_CURVE_WITH_KNOTS('',3,(#6608,#6609,#6610,#6611),
  .UNSPECIFIED.,.F.,.F.,(4,4),(0.,1.),.PIECEWISE_BEZIER_KNOTS.);
#6608 = CARTESIAN_POINT('',(-104.8922500592,132.40963740492,24.25));
#6609 = CARTESIAN_POINT('',(-107.3226648315,125.25791596317,24.25));
#6610 = CARTESIAN_POINT('',(-108.3992899372,117.87238992261,24.25));
#6611 = CARTESIAN_POINT('',(-108.9951084148,110.30396781567,24.25));
#6612 = VECTOR('',#6613,1.);
#6613 = DIRECTION('',(-0.,-0.,-1.));
#6614 = ADVANCED_FACE('',(#6615),#6632,.F.);
#6615 = FACE_BOUND('',#6616,.F.);
#6616 = EDGE_LOOP('',(#6617,#6624,#6625,#6626));
#6617 = ORIENTED_EDGE('',*,*,#6618,.F.);
#6618 = EDGE_CURVE('',#6591,#2659,#6619,.T.);
#6619 = B_SPLINE_CURVE_WITH_KNOTS('',3,(#6620,#6621,#6622,#6623),
  .UNSPECIFIED.,.F.,.F.,(4,4),(0.,1.),.PIECEWISE_BEZIER_KNOTS.);
#6620 = CARTESIAN_POINT('',(-108.9951084148,110.30396781567,216.55));
#6621 = CARTESIAN_POINT('',(-109.9039240116,98.747704494264,216.55));
#6622 = CARTESIAN_POINT('',(-110.0623064065,85.656636629369,216.55));
#6623 = CARTESIAN_POINT('',(-110.1773209018,74.622658708638,216.55));
#6624 = ORIENTED_EDGE('',*,*,#6601,.T.);
#6625 = ORIENTED_EDGE('',*,*,#5706,.T.);
#6626 = ORIENTED_EDGE('',*,*,#6627,.F.);
#6627 = EDGE_CURVE('',#2659,#5707,#6628,.T.);
#6628 = LINE('',#6629,#6630);
#6629 = CARTESIAN_POINT('',(-110.1773209018,74.622658708638,24.25));
#6630 = VECTOR('',#6631,1.);
#6631 = DIRECTION('',(0.,0.,1.));
#6632 = SURFACE_OF_LINEAR_EXTRUSION('',#6633,#6638);
#6633 = B_SPLINE_CURVE_WITH_KNOTS('',3,(#6634,#6635,#6636,#6637),
  .UNSPECIFIED.,.F.,.F.,(4,4),(0.,1.),.PIECEWISE_BEZIER_KNOTS.);
#6634 = CARTESIAN_POINT('',(-108.9951084148,110.30396781567,24.25));
#6635 = CARTESIAN_POINT('',(-109.9039240116,98.747704494264,24.25));
#6636 = CARTESIAN_POINT('',(-110.0623064065,85.656636629369,24.25));
#6637 = CARTESIAN_POINT('',(-110.1773209018,74.622658708638,24.25));
#6638 = VECTOR('',#6639,1.);
#6639 = DIRECTION('',(-0.,-0.,-1.));
#6640 = ADVANCED_FACE('',(#6641),#6646,.F.);
#6641 = FACE_BOUND('',#6642,.F.);
#6642 = EDGE_LOOP('',(#6643,#6644,#6645));
#6643 = ORIENTED_EDGE('',*,*,#5745,.F.);
#6644 = ORIENTED_EDGE('',*,*,#6627,.T.);
#6645 = ORIENTED_EDGE('',*,*,#5715,.T.);
#6646 = SURFACE_OF_LINEAR_EXTRUSION('',#6647,#6652);
#6647 = B_SPLINE_CURVE_WITH_KNOTS('',3,(#6648,#6649,#6650,#6651),
  .UNSPECIFIED.,.F.,.F.,(4,4),(0.,1.),.PIECEWISE_BEZIER_KNOTS.);
#6648 = CARTESIAN_POINT('',(-110.1773209018,74.622658708638,24.25));
#6649 = CARTESIAN_POINT('',(-110.2577701944,67.019036398195,24.25));
#6650 = CARTESIAN_POINT('',(-110.2395430295,58.644883114817,24.25));
#6651 = CARTESIAN_POINT('',(-110.122642053,49.500180337652,24.25));
#6652 = VECTOR('',#6653,1.);
#6653 = DIRECTION('',(-0.,-0.,-1.));
#6654 = ADVANCED_FACE('',(#6655),#6665,.F.);
#6655 = FACE_BOUND('',#6656,.F.);
#6656 = EDGE_LOOP('',(#6657,#6658,#6659));
#6657 = ORIENTED_EDGE('',*,*,#5791,.T.);
#6658 = ORIENTED_EDGE('',*,*,#5815,.T.);
#6659 = ORIENTED_EDGE('',*,*,#6660,.F.);
#6660 = EDGE_CURVE('',#5792,#5816,#6661,.T.);
#6661 = LINE('',#6662,#6663);
#6662 = CARTESIAN_POINT('',(-6.5,-31.50265009962,331.75));
#6663 = VECTOR('',#6664,1.);
#6664 = DIRECTION('',(1.,0.,0.));
#6665 = PLANE('',#6666);
#6666 = AXIS2_PLACEMENT_3D('',#6667,#6668,#6669);
#6667 = CARTESIAN_POINT('',(0.,-31.50265009962,331.75));
#6668 = DIRECTION('',(0.,1.,0.));
#6669 = DIRECTION('',(0.,0.,1.));
#6670 = ADVANCED_FACE('',(#6671),#6698,.F.);
#6671 = FACE_BOUND('',#6672,.F.);
#6672 = EDGE_LOOP('',(#6673,#6682,#6683,#6690,#6691));
#6673 = ORIENTED_EDGE('',*,*,#6674,.F.);
#6674 = EDGE_CURVE('',#5865,#6675,#6677,.T.);
#6675 = VERTEX_POINT('',#6676);
#6676 = CARTESIAN_POINT('',(-1.592040838892E-15,-31.50265009962,263.25)
  );
#6677 = CIRCLE('',#6678,6.5);
#6678 = AXIS2_PLACEMENT_3D('',#6679,#6680,#6681);
#6679 = CARTESIAN_POINT('',(0.,-31.50265009962,256.75));
#6680 = DIRECTION('',(0.,1.,0.));
#6681 = DIRECTION('',(0.,0.,1.));
#6682 = ORIENTED_EDGE('',*,*,#5892,.T.);
#6683 = ORIENTED_EDGE('',*,*,#6684,.F.);
#6684 = EDGE_CURVE('',#5816,#5792,#6685,.T.);
#6685 = CIRCLE('',#6686,6.5);
#6686 = AXIS2_PLACEMENT_3D('',#6687,#6688,#6689);
#6687 = CARTESIAN_POINT('',(0.,-31.50265009962,331.75));
#6688 = DIRECTION('',(0.,1.,0.));
#6689 = DIRECTION('',(0.,0.,1.));
#6690 = ORIENTED_EDGE('',*,*,#5849,.F.);
#6691 = ORIENTED_EDGE('',*,*,#6692,.F.);
#6692 = EDGE_CURVE('',#6675,#5842,#6693,.T.);
#6693 = CIRCLE('',#6694,6.5);
#6694 = AXIS2_PLACEMENT_3D('',#6695,#6696,#6697);
#6695 = CARTESIAN_POINT('',(0.,-31.50265009962,256.75));
#6696 = DIRECTION('',(0.,1.,0.));
#6697 = DIRECTION('',(0.,0.,1.));
#6698 = PLANE('',#6699);
#6699 = AXIS2_PLACEMENT_3D('',#6700,#6701,#6702);
#6700 = CARTESIAN_POINT('',(-6.5,-31.50265009962,256.75));
#6701 = DIRECTION('',(0.,1.,0.));
#6702 = DIRECTION('',(0.,0.,1.));
#6703 = ADVANCED_FACE('',(#6704),#6713,.F.);
#6704 = FACE_BOUND('',#6705,.F.);
#6705 = EDGE_LOOP('',(#6706,#6712));
#6706 = ORIENTED_EDGE('',*,*,#6707,.T.);
#6707 = EDGE_CURVE('',#5865,#5842,#6708,.T.);
#6708 = LINE('',#6709,#6710);
#6709 = CARTESIAN_POINT('',(-6.5,-31.50265009962,256.75));
#6710 = VECTOR('',#6711,1.);
#6711 = DIRECTION('',(1.,0.,0.));
#6712 = ORIENTED_EDGE('',*,*,#5864,.T.);
#6713 = PLANE('',#6714);
#6714 = AXIS2_PLACEMENT_3D('',#6715,#6716,#6717);
#6715 = CARTESIAN_POINT('',(0.,-31.50265009962,256.75));
#6716 = DIRECTION('',(0.,1.,0.));
#6717 = DIRECTION('',(0.,0.,1.));
#6718 = ADVANCED_FACE('',(#6719),#6747,.F.);
#6719 = FACE_BOUND('',#6720,.F.);
#6720 = EDGE_LOOP('',(#6721,#6722,#6723,#6724,#6725,#6726,#6727,#6728,
    #6729,#6730,#6731,#6732,#6733,#6734,#6735,#6736,#6737,#6738,#6739,
    #6740,#6741,#6742,#6743,#6744,#6745,#6746));
#6721 = ORIENTED_EDGE('',*,*,#6618,.T.);
#6722 = ORIENTED_EDGE('',*,*,#6243,.F.);
#6723 = ORIENTED_EDGE('',*,*,#6215,.F.);
#6724 = ORIENTED_EDGE('',*,*,#6187,.F.);
#6725 = ORIENTED_EDGE('',*,*,#6159,.F.);
#6726 = ORIENTED_EDGE('',*,*,#6131,.F.);
#6727 = ORIENTED_EDGE('',*,*,#6103,.F.);
#6728 = ORIENTED_EDGE('',*,*,#6075,.F.);
#6729 = ORIENTED_EDGE('',*,*,#6047,.F.);
#6730 = ORIENTED_EDGE('',*,*,#6019,.F.);
#6731 = ORIENTED_EDGE('',*,*,#5991,.F.);
#6732 = ORIENTED_EDGE('',*,*,#5963,.F.);
#6733 = ORIENTED_EDGE('',*,*,#5935,.F.);
#6734 = ORIENTED_EDGE('',*,*,#5915,.F.);
#6735 = ORIENTED_EDGE('',*,*,#6282,.T.);
#6736 = ORIENTED_EDGE('',*,*,#6310,.T.);
#6737 = ORIENTED_EDGE('',*,*,#6338,.T.);
#6738 = ORIENTED_EDGE('',*,*,#6366,.T.);
#6739 = ORIENTED_EDGE('',*,*,#6394,.T.);
#6740 = ORIENTED_EDGE('',*,*,#6422,.T.);
#6741 = ORIENTED_EDGE('',*,*,#6450,.T.);
#6742 = ORIENTED_EDGE('',*,*,#6478,.T.);
#6743 = ORIENTED_EDGE('',*,*,#6506,.T.);
#6744 = ORIENTED_EDGE('',*,*,#6534,.T.);
#6745 = ORIENTED_EDGE('',*,*,#6562,.T.);
#6746 = ORIENTED_EDGE('',*,*,#6590,.T.);
#6747 = PLANE('',#6748);
#6748 = AXIS2_PLACEMENT_3D('',#6749,#6750,#6751);
#6749 = CARTESIAN_POINT('',(1.208834336125E-02,65.,216.55));
#6750 = DIRECTION('',(0.,0.,1.));
#6751 = DIRECTION('',(1.,0.,0.));
#6752 = ADVANCED_FACE('',(#6753),#6757,.F.);
#6753 = FACE_BOUND('',#6754,.F.);
#6754 = EDGE_LOOP('',(#6755,#6756));
#6755 = ORIENTED_EDGE('',*,*,#6660,.T.);
#6756 = ORIENTED_EDGE('',*,*,#6684,.T.);
#6757 = PLANE('',#6758);
#6758 = AXIS2_PLACEMENT_3D('',#6759,#6760,#6761);
#6759 = CARTESIAN_POINT('',(0.,-31.50265009962,331.75));
#6760 = DIRECTION('',(0.,1.,0.));
#6761 = DIRECTION('',(0.,0.,1.));
#6762 = ADVANCED_FACE('',(#6763),#6768,.F.);
#6763 = FACE_BOUND('',#6764,.F.);
#6764 = EDGE_LOOP('',(#6765,#6766,#6767));
#6765 = ORIENTED_EDGE('',*,*,#6674,.T.);
#6766 = ORIENTED_EDGE('',*,*,#6692,.T.);
#6767 = ORIENTED_EDGE('',*,*,#6707,.F.);
#6768 = PLANE('',#6769);
#6769 = AXIS2_PLACEMENT_3D('',#6770,#6771,#6772);
#6770 = CARTESIAN_POINT('',(0.,-31.50265009962,256.75));
#6771 = DIRECTION('',(0.,1.,0.));
#6772 = DIRECTION('',(0.,0.,1.));
#6773 = MANIFOLD_SOLID_BREP('',#6774);
#6774 = CLOSED_SHELL('',(#6775,#6815,#6952,#6977,#7002,#7053,#7070,#7087
    ,#7104,#7121,#7133,#7165,#7189,#7214,#7238,#7263,#7287,#7312,#7329)
  );
#6775 = ADVANCED_FACE('',(#6776),#6810,.F.);
#6776 = FACE_BOUND('',#6777,.F.);
#6777 = EDGE_LOOP('',(#6778,#6788,#6796,#6804));
#6778 = ORIENTED_EDGE('',*,*,#6779,.F.);
#6779 = EDGE_CURVE('',#6780,#6782,#6784,.T.);
#6780 = VERTEX_POINT('',#6781);
#6781 = CARTESIAN_POINT('',(-78.,-133.,39.25));
#6782 = VERTEX_POINT('',#6783);
#6783 = CARTESIAN_POINT('',(-78.,-13.,39.25));
#6784 = LINE('',#6785,#6786);
#6785 = CARTESIAN_POINT('',(-78.,-151.,39.25));
#6786 = VECTOR('',#6787,1.);
#6787 = DIRECTION('',(0.,1.,0.));
#6788 = ORIENTED_EDGE('',*,*,#6789,.F.);
#6789 = EDGE_CURVE('',#6790,#6780,#6792,.T.);
#6790 = VERTEX_POINT('',#6791);
#6791 = CARTESIAN_POINT('',(-78.,-133.,24.25));
#6792 = LINE('',#6793,#6794);
#6793 = CARTESIAN_POINT('',(-78.,-133.,24.25));
#6794 = VECTOR('',#6795,1.);
#6795 = DIRECTION('',(0.,0.,1.));
#6796 = ORIENTED_EDGE('',*,*,#6797,.T.);
#6797 = EDGE_CURVE('',#6790,#6798,#6800,.T.);
#6798 = VERTEX_POINT('',#6799);
#6799 = CARTESIAN_POINT('',(-78.,-13.,24.25));
#6800 = LINE('',#6801,#6802);
#6801 = CARTESIAN_POINT('',(-78.,-151.,24.25));
#6802 = VECTOR('',#6803,1.);
#6803 = DIRECTION('',(0.,1.,0.));
#6804 = ORIENTED_EDGE('',*,*,#6805,.T.);
#6805 = EDGE_CURVE('',#6798,#6782,#6806,.T.);
#6806 = LINE('',#6807,#6808);
#6807 = CARTESIAN_POINT('',(-78.,-13.,24.25));
#6808 = VECTOR('',#6809,1.);
#6809 = DIRECTION('',(0.,0.,1.));
#6810 = PLANE('',#6811);
#6811 = AXIS2_PLACEMENT_3D('',#6812,#6813,#6814);
#6812 = CARTESIAN_POINT('',(-78.,-151.,24.25));
#6813 = DIRECTION('',(1.,0.,0.));
#6814 = DIRECTION('',(0.,0.,1.));
#6815 = ADVANCED_FACE('',(#6816,#6877),#6947,.T.);
#6816 = FACE_BOUND('',#6817,.T.);
#6817 = EDGE_LOOP('',(#6818,#6819,#6828,#6836,#6845,#6853,#6862,#6870));
#6818 = ORIENTED_EDGE('',*,*,#6779,.F.);
#6819 = ORIENTED_EDGE('',*,*,#6820,.T.);
#6820 = EDGE_CURVE('',#6780,#6821,#6823,.T.);
#6821 = VERTEX_POINT('',#6822);
#6822 = CARTESIAN_POINT('',(-60.,-151.,39.25));
#6823 = CIRCLE('',#6824,18.);
#6824 = AXIS2_PLACEMENT_3D('',#6825,#6826,#6827);
#6825 = CARTESIAN_POINT('',(-60.,-133.,39.25));
#6826 = DIRECTION('',(-0.,0.,1.));
#6827 = DIRECTION('',(0.,-1.,0.));
#6828 = ORIENTED_EDGE('',*,*,#6829,.T.);
#6829 = EDGE_CURVE('',#6821,#6830,#6832,.T.);
#6830 = VERTEX_POINT('',#6831);
#6831 = CARTESIAN_POINT('',(60.,-151.,39.25));
#6832 = LINE('',#6833,#6834);
#6833 = CARTESIAN_POINT('',(-78.,-151.,39.25));
#6834 = VECTOR('',#6835,1.);
#6835 = DIRECTION('',(1.,0.,0.));
#6836 = ORIENTED_EDGE('',*,*,#6837,.F.);
#6837 = EDGE_CURVE('',#6838,#6830,#6840,.T.);
#6838 = VERTEX_POINT('',#6839);
#6839 = CARTESIAN_POINT('',(78.,-133.,39.25));
#6840 = CIRCLE('',#6841,18.);
#6841 = AXIS2_PLACEMENT_3D('',#6842,#6843,#6844);
#6842 = CARTESIAN_POINT('',(60.,-133.,39.25));
#6843 = DIRECTION('',(-0.,-0.,-1.));
#6844 = DIRECTION('',(0.,-1.,0.));
#6845 = ORIENTED_EDGE('',*,*,#6846,.T.);
#6846 = EDGE_CURVE('',#6838,#6847,#6849,.T.);
#6847 = VERTEX_POINT('',#6848);
#6848 = CARTESIAN_POINT('',(78.,-13.,39.25));
#6849 = LINE('',#6850,#6851);
#6850 = CARTESIAN_POINT('',(78.,-151.,39.25));
#6851 = VECTOR('',#6852,1.);
#6852 = DIRECTION('',(0.,1.,0.));
#6853 = ORIENTED_EDGE('',*,*,#6854,.T.);
#6854 = EDGE_CURVE('',#6847,#6855,#6857,.T.);
#6855 = VERTEX_POINT('',#6856);
#6856 = CARTESIAN_POINT('',(60.,5.,39.25));
#6857 = CIRCLE('',#6858,18.);
#6858 = AXIS2_PLACEMENT_3D('',#6859,#6860,#6861);
#6859 = CARTESIAN_POINT('',(60.,-13.,39.25));
#6860 = DIRECTION('',(-0.,0.,1.));
#6861 = DIRECTION('',(0.,-1.,0.));
#6862 = ORIENTED_EDGE('',*,*,#6863,.F.);
#6863 = EDGE_CURVE('',#6864,#6855,#6866,.T.);
#6864 = VERTEX_POINT('',#6865);
#6865 = CARTESIAN_POINT('',(-60.,5.,39.25));
#6866 = LINE('',#6867,#6868);
#6867 = CARTESIAN_POINT('',(-78.,5.,39.25));
#6868 = VECTOR('',#6869,1.);
#6869 = DIRECTION('',(1.,0.,0.));
#6870 = ORIENTED_EDGE('',*,*,#6871,.F.);
#6871 = EDGE_CURVE('',#6782,#6864,#6872,.T.);
#6872 = CIRCLE('',#6873,18.);
#6873 = AXIS2_PLACEMENT_3D('',#6874,#6875,#6876);
#6874 = CARTESIAN_POINT('',(-60.,-13.,39.25));
#6875 = DIRECTION('',(-0.,-0.,-1.));
#6876 = DIRECTION('',(0.,-1.,0.));
#6877 = FACE_BOUND('',#6878,.T.);
#6878 = EDGE_LOOP('',(#6879,#6890,#6898,#6907,#6915,#6924,#6932,#6941));
#6879 = ORIENTED_EDGE('',*,*,#6880,.F.);
#6880 = EDGE_CURVE('',#6881,#6883,#6885,.T.);
#6881 = VERTEX_POINT('',#6882);
#6882 = CARTESIAN_POINT('',(-70.,-133.,39.25));
#6883 = VERTEX_POINT('',#6884);
#6884 = CARTESIAN_POINT('',(-60.,-143.,39.25));
#6885 = CIRCLE('',#6886,10.);
#6886 = AXIS2_PLACEMENT_3D('',#6887,#6888,#6889);
#6887 = CARTESIAN_POINT('',(-60.,-133.,39.25));
#6888 = DIRECTION('',(0.,0.,1.));
#6889 = DIRECTION('',(-1.,0.,0.));
#6890 = ORIENTED_EDGE('',*,*,#6891,.T.);
#6891 = EDGE_CURVE('',#6881,#6892,#6894,.T.);
#6892 = VERTEX_POINT('',#6893);
#6893 = CARTESIAN_POINT('',(-70.,-13.,39.25));
#6894 = LINE('',#6895,#6896);
#6895 = CARTESIAN_POINT('',(-70.,-147.,39.25));
#6896 = VECTOR('',#6897,1.);
#6897 = DIRECTION('',(0.,1.,0.));
#6898 = ORIENTED_EDGE('',*,*,#6899,.F.);
#6899 = EDGE_CURVE('',#6900,#6892,#6902,.T.);
#6900 = VERTEX_POINT('',#6901);
#6901 = CARTESIAN_POINT('',(-60.,-3.,39.25));
#6902 = CIRCLE('',#6903,10.);
#6903 = AXIS2_PLACEMENT_3D('',#6904,#6905,#6906);
#6904 = CARTESIAN_POINT('',(-60.,-13.,39.25));
#6905 = DIRECTION('',(0.,0.,1.));
#6906 = DIRECTION('',(-1.,0.,0.));
#6907 = ORIENTED_EDGE('',*,*,#6908,.F.);
#6908 = EDGE_CURVE('',#6909,#6900,#6911,.T.);
#6909 = VERTEX_POINT('',#6910);
#6910 = CARTESIAN_POINT('',(60.,-3.,39.25));
#6911 = LINE('',#6912,#6913);
#6912 = CARTESIAN_POINT('',(-74.,-3.,39.25));
#6913 = VECTOR('',#6914,1.);
#6914 = DIRECTION('',(-1.,0.,0.));
#6915 = ORIENTED_EDGE('',*,*,#6916,.F.);
#6916 = EDGE_CURVE('',#6917,#6909,#6919,.T.);
#6917 = VERTEX_POINT('',#6918);
#6918 = CARTESIAN_POINT('',(70.,-13.,39.25));
#6919 = CIRCLE('',#6920,10.);
#6920 = AXIS2_PLACEMENT_3D('',#6921,#6922,#6923);
#6921 = CARTESIAN_POINT('',(60.,-13.,39.25));
#6922 = DIRECTION('',(0.,0.,1.));
#6923 = DIRECTION('',(1.,0.,0.));
#6924 = ORIENTED_EDGE('',*,*,#6925,.F.);
#6925 = EDGE_CURVE('',#6926,#6917,#6928,.T.);
#6926 = VERTEX_POINT('',#6927);
#6927 = CARTESIAN_POINT('',(70.,-133.,39.25));
#6928 = LINE('',#6929,#6930);
#6929 = CARTESIAN_POINT('',(70.,-147.,39.25));
#6930 = VECTOR('',#6931,1.);
#6931 = DIRECTION('',(0.,1.,0.));
#6932 = ORIENTED_EDGE('',*,*,#6933,.F.);
#6933 = EDGE_CURVE('',#6934,#6926,#6936,.T.);
#6934 = VERTEX_POINT('',#6935);
#6935 = CARTESIAN_POINT('',(60.,-143.,39.25));
#6936 = CIRCLE('',#6937,10.);
#6937 = AXIS2_PLACEMENT_3D('',#6938,#6939,#6940);
#6938 = CARTESIAN_POINT('',(60.,-133.,39.25));
#6939 = DIRECTION('',(0.,0.,1.));
#6940 = DIRECTION('',(1.,0.,0.));
#6941 = ORIENTED_EDGE('',*,*,#6942,.T.);
#6942 = EDGE_CURVE('',#6934,#6883,#6943,.T.);
#6943 = LINE('',#6944,#6945);
#6944 = CARTESIAN_POINT('',(-74.,-143.,39.25));
#6945 = VECTOR('',#6946,1.);
#6946 = DIRECTION('',(-1.,0.,0.));
#6947 = PLANE('',#6948);
#6948 = AXIS2_PLACEMENT_3D('',#6949,#6950,#6951);
#6949 = CARTESIAN_POINT('',(-78.,-151.,39.25));
#6950 = DIRECTION('',(0.,0.,1.));
#6951 = DIRECTION('',(1.,0.,0.));
#6952 = ADVANCED_FACE('',(#6953),#6972,.T.);
#6953 = FACE_BOUND('',#6954,.T.);
#6954 = EDGE_LOOP('',(#6955,#6964,#6970,#6971));
#6955 = ORIENTED_EDGE('',*,*,#6956,.T.);
#6956 = EDGE_CURVE('',#6790,#6957,#6959,.T.);
#6957 = VERTEX_POINT('',#6958);
#6958 = CARTESIAN_POINT('',(-60.,-151.,24.25));
#6959 = CIRCLE('',#6960,18.);
#6960 = AXIS2_PLACEMENT_3D('',#6961,#6962,#6963);
#6961 = CARTESIAN_POINT('',(-60.,-133.,24.25));
#6962 = DIRECTION('',(-0.,0.,1.));
#6963 = DIRECTION('',(0.,-1.,0.));
#6964 = ORIENTED_EDGE('',*,*,#6965,.T.);
#6965 = EDGE_CURVE('',#6957,#6821,#6966,.T.);
#6966 = LINE('',#6967,#6968);
#6967 = CARTESIAN_POINT('',(-60.,-151.,24.25));
#6968 = VECTOR('',#6969,1.);
#6969 = DIRECTION('',(0.,0.,1.));
#6970 = ORIENTED_EDGE('',*,*,#6820,.F.);
#6971 = ORIENTED_EDGE('',*,*,#6789,.F.);
#6972 = CYLINDRICAL_SURFACE('',#6973,18.);
#6973 = AXIS2_PLACEMENT_3D('',#6974,#6975,#6976);
#6974 = CARTESIAN_POINT('',(-60.,-133.,24.25));
#6975 = DIRECTION('',(0.,0.,1.));
#6976 = DIRECTION('',(-1.,0.,0.));
#6977 = ADVANCED_FACE('',(#6978),#6997,.T.);
#6978 = FACE_BOUND('',#6979,.F.);
#6979 = EDGE_LOOP('',(#6980,#6989,#6995,#6996));
#6980 = ORIENTED_EDGE('',*,*,#6981,.T.);
#6981 = EDGE_CURVE('',#6798,#6982,#6984,.T.);
#6982 = VERTEX_POINT('',#6983);
#6983 = CARTESIAN_POINT('',(-60.,5.,24.25));
#6984 = CIRCLE('',#6985,18.);
#6985 = AXIS2_PLACEMENT_3D('',#6986,#6987,#6988);
#6986 = CARTESIAN_POINT('',(-60.,-13.,24.25));
#6987 = DIRECTION('',(-0.,-0.,-1.));
#6988 = DIRECTION('',(0.,-1.,0.));
#6989 = ORIENTED_EDGE('',*,*,#6990,.T.);
#6990 = EDGE_CURVE('',#6982,#6864,#6991,.T.);
#6991 = LINE('',#6992,#6993);
#6992 = CARTESIAN_POINT('',(-60.,5.,24.25));
#6993 = VECTOR('',#6994,1.);
#6994 = DIRECTION('',(0.,0.,1.));
#6995 = ORIENTED_EDGE('',*,*,#6871,.F.);
#6996 = ORIENTED_EDGE('',*,*,#6805,.F.);
#6997 = CYLINDRICAL_SURFACE('',#6998,18.);
#6998 = AXIS2_PLACEMENT_3D('',#6999,#7000,#7001);
#6999 = CARTESIAN_POINT('',(-60.,-13.,24.25));
#7000 = DIRECTION('',(0.,0.,1.));
#7001 = DIRECTION('',(-1.,0.,0.));
#7002 = ADVANCED_FACE('',(#7003),#7048,.F.);
#7003 = FACE_BOUND('',#7004,.F.);
#7004 = EDGE_LOOP('',(#7005,#7006,#7007,#7015,#7024,#7032,#7041,#7047));
#7005 = ORIENTED_EDGE('',*,*,#6797,.F.);
#7006 = ORIENTED_EDGE('',*,*,#6956,.T.);
#7007 = ORIENTED_EDGE('',*,*,#7008,.T.);
#7008 = EDGE_CURVE('',#6957,#7009,#7011,.T.);
#7009 = VERTEX_POINT('',#7010);
#7010 = CARTESIAN_POINT('',(60.,-151.,24.25));
#7011 = LINE('',#7012,#7013);
#7012 = CARTESIAN_POINT('',(-78.,-151.,24.25));
#7013 = VECTOR('',#7014,1.);
#7014 = DIRECTION('',(1.,0.,0.));
#7015 = ORIENTED_EDGE('',*,*,#7016,.F.);
#7016 = EDGE_CURVE('',#7017,#7009,#7019,.T.);
#7017 = VERTEX_POINT('',#7018);
#7018 = CARTESIAN_POINT('',(78.,-133.,24.25));
#7019 = CIRCLE('',#7020,18.);
#7020 = AXIS2_PLACEMENT_3D('',#7021,#7022,#7023);
#7021 = CARTESIAN_POINT('',(60.,-133.,24.25));
#7022 = DIRECTION('',(-0.,-0.,-1.));
#7023 = DIRECTION('',(0.,-1.,0.));
#7024 = ORIENTED_EDGE('',*,*,#7025,.T.);
#7025 = EDGE_CURVE('',#7017,#7026,#7028,.T.);
#7026 = VERTEX_POINT('',#7027);
#7027 = CARTESIAN_POINT('',(78.,-13.,24.25));
#7028 = LINE('',#7029,#7030);
#7029 = CARTESIAN_POINT('',(78.,-151.,24.25));
#7030 = VECTOR('',#7031,1.);
#7031 = DIRECTION('',(0.,1.,0.));
#7032 = ORIENTED_EDGE('',*,*,#7033,.T.);
#7033 = EDGE_CURVE('',#7026,#7034,#7036,.T.);
#7034 = VERTEX_POINT('',#7035);
#7035 = CARTESIAN_POINT('',(60.,5.,24.25));
#7036 = CIRCLE('',#7037,18.);
#7037 = AXIS2_PLACEMENT_3D('',#7038,#7039,#7040);
#7038 = CARTESIAN_POINT('',(60.,-13.,24.25));
#7039 = DIRECTION('',(-0.,0.,1.));
#7040 = DIRECTION('',(0.,-1.,0.));
#7041 = ORIENTED_EDGE('',*,*,#7042,.F.);
#7042 = EDGE_CURVE('',#6982,#7034,#7043,.T.);
#7043 = LINE('',#7044,#7045);
#7044 = CARTESIAN_POINT('',(-78.,5.,24.25));
#7045 = VECTOR('',#7046,1.);
#7046 = DIRECTION('',(1.,0.,0.));
#7047 = ORIENTED_EDGE('',*,*,#6981,.F.);
#7048 = PLANE('',#7049);
#7049 = AXIS2_PLACEMENT_3D('',#7050,#7051,#7052);
#7050 = CARTESIAN_POINT('',(-78.,-151.,24.25));
#7051 = DIRECTION('',(0.,0.,1.));
#7052 = DIRECTION('',(1.,0.,0.));
#7053 = ADVANCED_FACE('',(#7054),#7065,.F.);
#7054 = FACE_BOUND('',#7055,.F.);
#7055 = EDGE_LOOP('',(#7056,#7057,#7058,#7059));
#7056 = ORIENTED_EDGE('',*,*,#7008,.F.);
#7057 = ORIENTED_EDGE('',*,*,#6965,.T.);
#7058 = ORIENTED_EDGE('',*,*,#6829,.T.);
#7059 = ORIENTED_EDGE('',*,*,#7060,.F.);
#7060 = EDGE_CURVE('',#7009,#6830,#7061,.T.);
#7061 = LINE('',#7062,#7063);
#7062 = CARTESIAN_POINT('',(60.,-151.,24.25));
#7063 = VECTOR('',#7064,1.);
#7064 = DIRECTION('',(0.,0.,1.));
#7065 = PLANE('',#7066);
#7066 = AXIS2_PLACEMENT_3D('',#7067,#7068,#7069);
#7067 = CARTESIAN_POINT('',(-78.,-151.,24.25));
#7068 = DIRECTION('',(0.,1.,0.));
#7069 = DIRECTION('',(0.,0.,1.));
#7070 = ADVANCED_FACE('',(#7071),#7082,.T.);
#7071 = FACE_BOUND('',#7072,.T.);
#7072 = EDGE_LOOP('',(#7073,#7074,#7075,#7076));
#7073 = ORIENTED_EDGE('',*,*,#7042,.F.);
#7074 = ORIENTED_EDGE('',*,*,#6990,.T.);
#7075 = ORIENTED_EDGE('',*,*,#6863,.T.);
#7076 = ORIENTED_EDGE('',*,*,#7077,.F.);
#7077 = EDGE_CURVE('',#7034,#6855,#7078,.T.);
#7078 = LINE('',#7079,#7080);
#7079 = CARTESIAN_POINT('',(60.,5.,24.25));
#7080 = VECTOR('',#7081,1.);
#7081 = DIRECTION('',(0.,0.,1.));
#7082 = PLANE('',#7083);
#7083 = AXIS2_PLACEMENT_3D('',#7084,#7085,#7086);
#7084 = CARTESIAN_POINT('',(-78.,5.,24.25));
#7085 = DIRECTION('',(0.,1.,0.));
#7086 = DIRECTION('',(0.,0.,1.));
#7087 = ADVANCED_FACE('',(#7088),#7099,.T.);
#7088 = FACE_BOUND('',#7089,.F.);
#7089 = EDGE_LOOP('',(#7090,#7091,#7092,#7093));
#7090 = ORIENTED_EDGE('',*,*,#7016,.T.);
#7091 = ORIENTED_EDGE('',*,*,#7060,.T.);
#7092 = ORIENTED_EDGE('',*,*,#6837,.F.);
#7093 = ORIENTED_EDGE('',*,*,#7094,.F.);
#7094 = EDGE_CURVE('',#7017,#6838,#7095,.T.);
#7095 = LINE('',#7096,#7097);
#7096 = CARTESIAN_POINT('',(78.,-133.,24.25));
#7097 = VECTOR('',#7098,1.);
#7098 = DIRECTION('',(0.,0.,1.));
#7099 = CYLINDRICAL_SURFACE('',#7100,18.);
#7100 = AXIS2_PLACEMENT_3D('',#7101,#7102,#7103);
#7101 = CARTESIAN_POINT('',(60.,-133.,24.25));
#7102 = DIRECTION('',(0.,0.,1.));
#7103 = DIRECTION('',(1.,0.,0.));
#7104 = ADVANCED_FACE('',(#7105),#7116,.T.);
#7105 = FACE_BOUND('',#7106,.T.);
#7106 = EDGE_LOOP('',(#7107,#7108,#7109,#7110));
#7107 = ORIENTED_EDGE('',*,*,#7033,.T.);
#7108 = ORIENTED_EDGE('',*,*,#7077,.T.);
#7109 = ORIENTED_EDGE('',*,*,#6854,.F.);
#7110 = ORIENTED_EDGE('',*,*,#7111,.F.);
#7111 = EDGE_CURVE('',#7026,#6847,#7112,.T.);
#7112 = LINE('',#7113,#7114);
#7113 = CARTESIAN_POINT('',(78.,-13.,24.25));
#7114 = VECTOR('',#7115,1.);
#7115 = DIRECTION('',(0.,0.,1.));
#7116 = CYLINDRICAL_SURFACE('',#7117,18.);
#7117 = AXIS2_PLACEMENT_3D('',#7118,#7119,#7120);
#7118 = CARTESIAN_POINT('',(60.,-13.,24.25));
#7119 = DIRECTION('',(0.,0.,1.));
#7120 = DIRECTION('',(1.,0.,0.));
#7121 = ADVANCED_FACE('',(#7122),#7128,.T.);
#7122 = FACE_BOUND('',#7123,.T.);
#7123 = EDGE_LOOP('',(#7124,#7125,#7126,#7127));
#7124 = ORIENTED_EDGE('',*,*,#6846,.F.);
#7125 = ORIENTED_EDGE('',*,*,#7094,.F.);
#7126 = ORIENTED_EDGE('',*,*,#7025,.T.);
#7127 = ORIENTED_EDGE('',*,*,#7111,.T.);
#7128 = PLANE('',#7129);
#7129 = AXIS2_PLACEMENT_3D('',#7130,#7131,#7132);
#7130 = CARTESIAN_POINT('',(78.,-151.,24.25));
#7131 = DIRECTION('',(1.,0.,0.));
#7132 = DIRECTION('',(0.,0.,1.));
#7133 = ADVANCED_FACE('',(#7134),#7160,.F.);
#7134 = FACE_BOUND('',#7135,.F.);
#7135 = EDGE_LOOP('',(#7136,#7144,#7153,#7159));
#7136 = ORIENTED_EDGE('',*,*,#7137,.F.);
#7137 = EDGE_CURVE('',#7138,#6881,#7140,.T.);
#7138 = VERTEX_POINT('',#7139);
#7139 = CARTESIAN_POINT('',(-70.,-133.,27.25));
#7140 = LINE('',#7141,#7142);
#7141 = CARTESIAN_POINT('',(-70.,-133.,27.25));
#7142 = VECTOR('',#7143,1.);
#7143 = DIRECTION('',(0.,0.,1.));
#7144 = ORIENTED_EDGE('',*,*,#7145,.T.);
#7145 = EDGE_CURVE('',#7138,#7146,#7148,.T.);
#7146 = VERTEX_POINT('',#7147);
#7147 = CARTESIAN_POINT('',(-60.,-143.,27.25));
#7148 = CIRCLE('',#7149,10.);
#7149 = AXIS2_PLACEMENT_3D('',#7150,#7151,#7152);
#7150 = CARTESIAN_POINT('',(-60.,-133.,27.25));
#7151 = DIRECTION('',(-0.,0.,1.));
#7152 = DIRECTION('',(0.,-1.,0.));
#7153 = ORIENTED_EDGE('',*,*,#7154,.T.);
#7154 = EDGE_CURVE('',#7146,#6883,#7155,.T.);
#7155 = LINE('',#7156,#7157);
#7156 = CARTESIAN_POINT('',(-60.,-143.,27.25));
#7157 = VECTOR('',#7158,1.);
#7158 = DIRECTION('',(0.,0.,1.));
#7159 = ORIENTED_EDGE('',*,*,#6880,.F.);
#7160 = CYLINDRICAL_SURFACE('',#7161,10.);
#7161 = AXIS2_PLACEMENT_3D('',#7162,#7163,#7164);
#7162 = CARTESIAN_POINT('',(-60.,-133.,27.25));
#7163 = DIRECTION('',(0.,0.,1.));
#7164 = DIRECTION('',(-1.,0.,0.));
#7165 = ADVANCED_FACE('',(#7166),#7184,.T.);
#7166 = FACE_BOUND('',#7167,.T.);
#7167 = EDGE_LOOP('',(#7168,#7176,#7177,#7178));
#7168 = ORIENTED_EDGE('',*,*,#7169,.F.);
#7169 = EDGE_CURVE('',#7146,#7170,#7172,.T.);
#7170 = VERTEX_POINT('',#7171);
#7171 = CARTESIAN_POINT('',(60.,-143.,27.25));
#7172 = LINE('',#7173,#7174);
#7173 = CARTESIAN_POINT('',(-70.,-143.,27.25));
#7174 = VECTOR('',#7175,1.);
#7175 = DIRECTION('',(1.,0.,0.));
#7176 = ORIENTED_EDGE('',*,*,#7154,.T.);
#7177 = ORIENTED_EDGE('',*,*,#6942,.F.);
#7178 = ORIENTED_EDGE('',*,*,#7179,.F.);
#7179 = EDGE_CURVE('',#7170,#6934,#7180,.T.);
#7180 = LINE('',#7181,#7182);
#7181 = CARTESIAN_POINT('',(60.,-143.,27.25));
#7182 = VECTOR('',#7183,1.);
#7183 = DIRECTION('',(0.,0.,1.));
#7184 = PLANE('',#7185);
#7185 = AXIS2_PLACEMENT_3D('',#7186,#7187,#7188);
#7186 = CARTESIAN_POINT('',(-70.,-143.,27.25));
#7187 = DIRECTION('',(0.,1.,0.));
#7188 = DIRECTION('',(0.,0.,1.));
#7189 = ADVANCED_FACE('',(#7190),#7209,.F.);
#7190 = FACE_BOUND('',#7191,.T.);
#7191 = EDGE_LOOP('',(#7192,#7200,#7207,#7208));
#7192 = ORIENTED_EDGE('',*,*,#7193,.F.);
#7193 = EDGE_CURVE('',#7194,#6926,#7196,.T.);
#7194 = VERTEX_POINT('',#7195);
#7195 = CARTESIAN_POINT('',(70.,-133.,27.25));
#7196 = LINE('',#7197,#7198);
#7197 = CARTESIAN_POINT('',(70.,-133.,27.25));
#7198 = VECTOR('',#7199,1.);
#7199 = DIRECTION('',(0.,0.,1.));
#7200 = ORIENTED_EDGE('',*,*,#7201,.T.);
#7201 = EDGE_CURVE('',#7194,#7170,#7202,.T.);
#7202 = CIRCLE('',#7203,10.);
#7203 = AXIS2_PLACEMENT_3D('',#7204,#7205,#7206);
#7204 = CARTESIAN_POINT('',(60.,-133.,27.25));
#7205 = DIRECTION('',(-0.,-0.,-1.));
#7206 = DIRECTION('',(0.,-1.,0.));
#7207 = ORIENTED_EDGE('',*,*,#7179,.T.);
#7208 = ORIENTED_EDGE('',*,*,#6933,.T.);
#7209 = CYLINDRICAL_SURFACE('',#7210,10.);
#7210 = AXIS2_PLACEMENT_3D('',#7211,#7212,#7213);
#7211 = CARTESIAN_POINT('',(60.,-133.,27.25));
#7212 = DIRECTION('',(0.,0.,1.));
#7213 = DIRECTION('',(1.,0.,0.));
#7214 = ADVANCED_FACE('',(#7215),#7233,.F.);
#7215 = FACE_BOUND('',#7216,.F.);
#7216 = EDGE_LOOP('',(#7217,#7218,#7219,#7227));
#7217 = ORIENTED_EDGE('',*,*,#6925,.F.);
#7218 = ORIENTED_EDGE('',*,*,#7193,.F.);
#7219 = ORIENTED_EDGE('',*,*,#7220,.T.);
#7220 = EDGE_CURVE('',#7194,#7221,#7223,.T.);
#7221 = VERTEX_POINT('',#7222);
#7222 = CARTESIAN_POINT('',(70.,-13.,27.25));
#7223 = LINE('',#7224,#7225);
#7224 = CARTESIAN_POINT('',(70.,-143.,27.25));
#7225 = VECTOR('',#7226,1.);
#7226 = DIRECTION('',(0.,1.,0.));
#7227 = ORIENTED_EDGE('',*,*,#7228,.T.);
#7228 = EDGE_CURVE('',#7221,#6917,#7229,.T.);
#7229 = LINE('',#7230,#7231);
#7230 = CARTESIAN_POINT('',(70.,-13.,27.25));
#7231 = VECTOR('',#7232,1.);
#7232 = DIRECTION('',(0.,0.,1.));
#7233 = PLANE('',#7234);
#7234 = AXIS2_PLACEMENT_3D('',#7235,#7236,#7237);
#7235 = CARTESIAN_POINT('',(70.,-143.,27.25));
#7236 = DIRECTION('',(1.,0.,0.));
#7237 = DIRECTION('',(0.,0.,1.));
#7238 = ADVANCED_FACE('',(#7239),#7258,.F.);
#7239 = FACE_BOUND('',#7240,.F.);
#7240 = EDGE_LOOP('',(#7241,#7242,#7251,#7257));
#7241 = ORIENTED_EDGE('',*,*,#7228,.F.);
#7242 = ORIENTED_EDGE('',*,*,#7243,.T.);
#7243 = EDGE_CURVE('',#7221,#7244,#7246,.T.);
#7244 = VERTEX_POINT('',#7245);
#7245 = CARTESIAN_POINT('',(60.,-3.,27.25));
#7246 = CIRCLE('',#7247,10.);
#7247 = AXIS2_PLACEMENT_3D('',#7248,#7249,#7250);
#7248 = CARTESIAN_POINT('',(60.,-13.,27.25));
#7249 = DIRECTION('',(-0.,0.,1.));
#7250 = DIRECTION('',(0.,-1.,0.));
#7251 = ORIENTED_EDGE('',*,*,#7252,.T.);
#7252 = EDGE_CURVE('',#7244,#6909,#7253,.T.);
#7253 = LINE('',#7254,#7255);
#7254 = CARTESIAN_POINT('',(60.,-3.,27.25));
#7255 = VECTOR('',#7256,1.);
#7256 = DIRECTION('',(0.,0.,1.));
#7257 = ORIENTED_EDGE('',*,*,#6916,.F.);
#7258 = CYLINDRICAL_SURFACE('',#7259,10.);
#7259 = AXIS2_PLACEMENT_3D('',#7260,#7261,#7262);
#7260 = CARTESIAN_POINT('',(60.,-13.,27.25));
#7261 = DIRECTION('',(0.,0.,1.));
#7262 = DIRECTION('',(1.,0.,0.));
#7263 = ADVANCED_FACE('',(#7264),#7282,.F.);
#7264 = FACE_BOUND('',#7265,.F.);
#7265 = EDGE_LOOP('',(#7266,#7274,#7280,#7281));
#7266 = ORIENTED_EDGE('',*,*,#7267,.F.);
#7267 = EDGE_CURVE('',#7268,#7244,#7270,.T.);
#7268 = VERTEX_POINT('',#7269);
#7269 = CARTESIAN_POINT('',(-60.,-3.,27.25));
#7270 = LINE('',#7271,#7272);
#7271 = CARTESIAN_POINT('',(-70.,-3.,27.25));
#7272 = VECTOR('',#7273,1.);
#7273 = DIRECTION('',(1.,0.,0.));
#7274 = ORIENTED_EDGE('',*,*,#7275,.T.);
#7275 = EDGE_CURVE('',#7268,#6900,#7276,.T.);
#7276 = LINE('',#7277,#7278);
#7277 = CARTESIAN_POINT('',(-60.,-3.,27.25));
#7278 = VECTOR('',#7279,1.);
#7279 = DIRECTION('',(0.,0.,1.));
#7280 = ORIENTED_EDGE('',*,*,#6908,.F.);
#7281 = ORIENTED_EDGE('',*,*,#7252,.F.);
#7282 = PLANE('',#7283);
#7283 = AXIS2_PLACEMENT_3D('',#7284,#7285,#7286);
#7284 = CARTESIAN_POINT('',(-70.,-3.,27.25));
#7285 = DIRECTION('',(0.,1.,0.));
#7286 = DIRECTION('',(0.,0.,1.));
#7287 = ADVANCED_FACE('',(#7288),#7307,.F.);
#7288 = FACE_BOUND('',#7289,.T.);
#7289 = EDGE_LOOP('',(#7290,#7298,#7305,#7306));
#7290 = ORIENTED_EDGE('',*,*,#7291,.F.);
#7291 = EDGE_CURVE('',#7292,#6892,#7294,.T.);
#7292 = VERTEX_POINT('',#7293);
#7293 = CARTESIAN_POINT('',(-70.,-13.,27.25));
#7294 = LINE('',#7295,#7296);
#7295 = CARTESIAN_POINT('',(-70.,-13.,27.25));
#7296 = VECTOR('',#7297,1.);
#7297 = DIRECTION('',(0.,0.,1.));
#7298 = ORIENTED_EDGE('',*,*,#7299,.T.);
#7299 = EDGE_CURVE('',#7292,#7268,#7300,.T.);
#7300 = CIRCLE('',#7301,10.);
#7301 = AXIS2_PLACEMENT_3D('',#7302,#7303,#7304);
#7302 = CARTESIAN_POINT('',(-60.,-13.,27.25));
#7303 = DIRECTION('',(-0.,-0.,-1.));
#7304 = DIRECTION('',(0.,-1.,0.));
#7305 = ORIENTED_EDGE('',*,*,#7275,.T.);
#7306 = ORIENTED_EDGE('',*,*,#6899,.T.);
#7307 = CYLINDRICAL_SURFACE('',#7308,10.);
#7308 = AXIS2_PLACEMENT_3D('',#7309,#7310,#7311);
#7309 = CARTESIAN_POINT('',(-60.,-13.,27.25));
#7310 = DIRECTION('',(0.,0.,1.));
#7311 = DIRECTION('',(-1.,0.,0.));
#7312 = ADVANCED_FACE('',(#7313),#7324,.T.);
#7313 = FACE_BOUND('',#7314,.T.);
#7314 = EDGE_LOOP('',(#7315,#7316,#7317,#7323));
#7315 = ORIENTED_EDGE('',*,*,#6891,.F.);
#7316 = ORIENTED_EDGE('',*,*,#7137,.F.);
#7317 = ORIENTED_EDGE('',*,*,#7318,.T.);
#7318 = EDGE_CURVE('',#7138,#7292,#7319,.T.);
#7319 = LINE('',#7320,#7321);
#7320 = CARTESIAN_POINT('',(-70.,-143.,27.25));
#7321 = VECTOR('',#7322,1.);
#7322 = DIRECTION('',(0.,1.,0.));
#7323 = ORIENTED_EDGE('',*,*,#7291,.T.);
#7324 = PLANE('',#7325);
#7325 = AXIS2_PLACEMENT_3D('',#7326,#7327,#7328);
#7326 = CARTESIAN_POINT('',(-70.,-143.,27.25));
#7327 = DIRECTION('',(1.,0.,0.));
#7328 = DIRECTION('',(0.,0.,1.));
#7329 = ADVANCED_FACE('',(#7330),#7340,.T.);
#7330 = FACE_BOUND('',#7331,.T.);
#7331 = EDGE_LOOP('',(#7332,#7333,#7334,#7335,#7336,#7337,#7338,#7339));
#7332 = ORIENTED_EDGE('',*,*,#7318,.F.);
#7333 = ORIENTED_EDGE('',*,*,#7145,.T.);
#7334 = ORIENTED_EDGE('',*,*,#7169,.T.);
#7335 = ORIENTED_EDGE('',*,*,#7201,.F.);
#7336 = ORIENTED_EDGE('',*,*,#7220,.T.);
#7337 = ORIENTED_EDGE('',*,*,#7243,.T.);
#7338 = ORIENTED_EDGE('',*,*,#7267,.F.);
#7339 = ORIENTED_EDGE('',*,*,#7299,.F.);
#7340 = PLANE('',#7341);
#7341 = AXIS2_PLACEMENT_3D('',#7342,#7343,#7344);
#7342 = CARTESIAN_POINT('',(-70.,-143.,27.25));
#7343 = DIRECTION('',(0.,0.,1.));
#7344 = DIRECTION('',(1.,0.,0.));
#7345 = MANIFOLD_SOLID_BREP('',#7346);
#7346 = CLOSED_SHELL('',(#7347,#7389,#7525,#7549,#7758,#7775,#7792,#7809
    ,#7826,#7843,#7855,#7888,#7956,#7999,#8063,#8089,#8152,#8195,#8256,
    #8415,#8558,#8701,#8844,#8987,#9130,#9273,#9400,#9601,#9832,#10075,
    #10242,#10427,#10654,#10877,#11044,#11060,#11116,#11140,#11164,
    #11181,#11207,#11256,#11281,#11330,#11354,#11378,#11395,#11419,
    #11443,#11460,#11485,#11534,#11553,#11577,#11601,#11618,#11704,
    #11716,#11728,#11740,#11752,#11830,#11894,#11959,#12038,#12101,
    #12183,#12246,#12318,#12479,#12640,#12767,#12928,#13055,#13216,
    #13343,#13470));
#7347 = ADVANCED_FACE('',(#7348),#7384,.T.);
#7348 = FACE_BOUND('',#7349,.F.);
#7349 = EDGE_LOOP('',(#7350,#7361,#7369,#7378));
#7350 = ORIENTED_EDGE('',*,*,#7351,.F.);
#7351 = EDGE_CURVE('',#7352,#7354,#7356,.T.);
#7352 = VERTEX_POINT('',#7353);
#7353 = CARTESIAN_POINT('',(89.2,-14.,27.25));
#7354 = VERTEX_POINT('',#7355);
#7355 = CARTESIAN_POINT('',(59.2,16.,27.25));
#7356 = CIRCLE('',#7357,30.);
#7357 = AXIS2_PLACEMENT_3D('',#7358,#7359,#7360);
#7358 = CARTESIAN_POINT('',(59.2,-14.,27.25));
#7359 = DIRECTION('',(0.,-0.,1.));
#7360 = DIRECTION('',(1.,2.960594732334E-16,0.));
#7361 = ORIENTED_EDGE('',*,*,#7362,.T.);
#7362 = EDGE_CURVE('',#7352,#7363,#7365,.T.);
#7363 = VERTEX_POINT('',#7364);
#7364 = CARTESIAN_POINT('',(89.2,-14.,81.890449438202));
#7365 = LINE('',#7366,#7367);
#7366 = CARTESIAN_POINT('',(89.2,-14.,27.25));
#7367 = VECTOR('',#7368,1.);
#7368 = DIRECTION('',(0.,0.,1.));
#7369 = ORIENTED_EDGE('',*,*,#7370,.F.);
#7370 = EDGE_CURVE('',#7371,#7363,#7373,.T.);
#7371 = VERTEX_POINT('',#7372);
#7372 = CARTESIAN_POINT('',(59.2,16.,84.25));
#7373 = ELLIPSE('',#7374,30.092648252583,30.);
#7374 = AXIS2_PLACEMENT_3D('',#7375,#7376,#7377);
#7375 = CARTESIAN_POINT('',(59.2,-14.,81.890449438202));
#7376 = DIRECTION('',(0.,7.840953517925E-02,-0.996921232993));
#7377 = DIRECTION('',(0.,-0.996921232993,-7.840953517925E-02));
#7378 = ORIENTED_EDGE('',*,*,#7379,.F.);
#7379 = EDGE_CURVE('',#7354,#7371,#7380,.T.);
#7380 = LINE('',#7381,#7382);
#7381 = CARTESIAN_POINT('',(59.2,16.,27.25));
#7382 = VECTOR('',#7383,1.);
#7383 = DIRECTION('',(0.,0.,1.));
#7384 = CYLINDRICAL_SURFACE('',#7385,30.);
#7385 = AXIS2_PLACEMENT_3D('',#7386,#7387,#7388);
#7386 = CARTESIAN_POINT('',(59.2,-14.,27.25));
#7387 = DIRECTION('',(-0.,-0.,-1.));
#7388 = DIRECTION('',(1.,2.960594732334E-16,0.));
#7389 = ADVANCED_FACE('',(#7390,#7450),#7520,.F.);
#7390 = FACE_BOUND('',#7391,.F.);
#7391 = EDGE_LOOP('',(#7392,#7393,#7401,#7410,#7418,#7427,#7435,#7444));
#7392 = ORIENTED_EDGE('',*,*,#7351,.T.);
#7393 = ORIENTED_EDGE('',*,*,#7394,.T.);
#7394 = EDGE_CURVE('',#7354,#7395,#7397,.T.);
#7395 = VERTEX_POINT('',#7396);
#7396 = CARTESIAN_POINT('',(-59.2,16.,27.25));
#7397 = LINE('',#7398,#7399);
#7398 = CARTESIAN_POINT('',(59.2,16.,27.25));
#7399 = VECTOR('',#7400,1.);
#7400 = DIRECTION('',(-1.,0.,0.));
#7401 = ORIENTED_EDGE('',*,*,#7402,.T.);
#7402 = EDGE_CURVE('',#7395,#7403,#7405,.T.);
#7403 = VERTEX_POINT('',#7404);
#7404 = CARTESIAN_POINT('',(-89.2,-14.,27.25));
#7405 = CIRCLE('',#7406,30.);
#7406 = AXIS2_PLACEMENT_3D('',#7407,#7408,#7409);
#7407 = CARTESIAN_POINT('',(-59.2,-14.,27.25));
#7408 = DIRECTION('',(0.,-0.,1.));
#7409 = DIRECTION('',(0.,1.,0.));
#7410 = ORIENTED_EDGE('',*,*,#7411,.T.);
#7411 = EDGE_CURVE('',#7403,#7412,#7414,.T.);
#7412 = VERTEX_POINT('',#7413);
#7413 = CARTESIAN_POINT('',(-89.2,-132.,27.25));
#7414 = LINE('',#7415,#7416);
#7415 = CARTESIAN_POINT('',(-89.2,-14.,27.25));
#7416 = VECTOR('',#7417,1.);
#7417 = DIRECTION('',(0.,-1.,0.));
#7418 = ORIENTED_EDGE('',*,*,#7419,.T.);
#7419 = EDGE_CURVE('',#7412,#7420,#7422,.T.);
#7420 = VERTEX_POINT('',#7421);
#7421 = CARTESIAN_POINT('',(-59.2,-162.,27.25));
#7422 = CIRCLE('',#7423,30.);
#7423 = AXIS2_PLACEMENT_3D('',#7424,#7425,#7426);
#7424 = CARTESIAN_POINT('',(-59.2,-132.,27.25));
#7425 = DIRECTION('',(0.,0.,1.));
#7426 = DIRECTION('',(-1.,0.,0.));
#7427 = ORIENTED_EDGE('',*,*,#7428,.T.);
#7428 = EDGE_CURVE('',#7420,#7429,#7431,.T.);
#7429 = VERTEX_POINT('',#7430);
#7430 = CARTESIAN_POINT('',(59.2,-162.,27.25));
#7431 = LINE('',#7432,#7433);
#7432 = CARTESIAN_POINT('',(-59.2,-162.,27.25));
#7433 = VECTOR('',#7434,1.);
#7434 = DIRECTION('',(1.,0.,0.));
#7435 = ORIENTED_EDGE('',*,*,#7436,.T.);
#7436 = EDGE_CURVE('',#7429,#7437,#7439,.T.);
#7437 = VERTEX_POINT('',#7438);
#7438 = CARTESIAN_POINT('',(89.2,-132.,27.25));
#7439 = CIRCLE('',#7440,30.);
#7440 = AXIS2_PLACEMENT_3D('',#7441,#7442,#7443);
#7441 = CARTESIAN_POINT('',(59.2,-132.,27.25));
#7442 = DIRECTION('',(-0.,0.,1.));
#7443 = DIRECTION('',(7.105427357601E-16,-1.,0.));
#7444 = ORIENTED_EDGE('',*,*,#7445,.T.);
#7445 = EDGE_CURVE('',#7437,#7352,#7446,.T.);
#7446 = LINE('',#7447,#7448);
#7447 = CARTESIAN_POINT('',(89.2,-132.,27.25));
#7448 = VECTOR('',#7449,1.);
#7449 = DIRECTION('',(0.,1.,0.));
#7450 = FACE_BOUND('',#7451,.F.);
#7451 = EDGE_LOOP('',(#7452,#7462,#7471,#7479,#7488,#7496,#7505,#7513));
#7452 = ORIENTED_EDGE('',*,*,#7453,.T.);
#7453 = EDGE_CURVE('',#7454,#7456,#7458,.T.);
#7454 = VERTEX_POINT('',#7455);
#7455 = CARTESIAN_POINT('',(-59.2,13.5,27.25));
#7456 = VERTEX_POINT('',#7457);
#7457 = CARTESIAN_POINT('',(59.2,13.5,27.25));
#7458 = LINE('',#7459,#7460);
#7459 = CARTESIAN_POINT('',(29.6,13.5,27.25));
#7460 = VECTOR('',#7461,1.);
#7461 = DIRECTION('',(1.,-6.001205538514E-17,0.));
#7462 = ORIENTED_EDGE('',*,*,#7463,.T.);
#7463 = EDGE_CURVE('',#7456,#7464,#7466,.T.);
#7464 = VERTEX_POINT('',#7465);
#7465 = CARTESIAN_POINT('',(86.7,-14.,27.25));
#7466 = CIRCLE('',#7467,27.5);
#7467 = AXIS2_PLACEMENT_3D('',#7468,#7469,#7470);
#7468 = CARTESIAN_POINT('',(59.2,-14.,27.25));
#7469 = DIRECTION('',(0.,0.,-1.));
#7470 = DIRECTION('',(1.,2.5837917664E-16,0.));
#7471 = ORIENTED_EDGE('',*,*,#7472,.T.);
#7472 = EDGE_CURVE('',#7464,#7473,#7475,.T.);
#7473 = VERTEX_POINT('',#7474);
#7474 = CARTESIAN_POINT('',(86.7,-132.,27.25));
#7475 = LINE('',#7476,#7477);
#7476 = CARTESIAN_POINT('',(86.7,-102.5,27.25));
#7477 = VECTOR('',#7478,1.);
#7478 = DIRECTION('',(1.204309721627E-16,-1.,0.));
#7479 = ORIENTED_EDGE('',*,*,#7480,.T.);
#7480 = EDGE_CURVE('',#7473,#7481,#7483,.T.);
#7481 = VERTEX_POINT('',#7482);
#7482 = CARTESIAN_POINT('',(59.2,-159.5,27.25));
#7483 = CIRCLE('',#7484,27.5);
#7484 = AXIS2_PLACEMENT_3D('',#7485,#7486,#7487);
#7485 = CARTESIAN_POINT('',(59.2,-132.,27.25));
#7486 = DIRECTION('',(-0.,0.,-1.));
#7487 = DIRECTION('',(-1.2918958832E-15,-1.,0.));
#7488 = ORIENTED_EDGE('',*,*,#7489,.T.);
#7489 = EDGE_CURVE('',#7481,#7490,#7492,.T.);
#7490 = VERTEX_POINT('',#7491);
#7491 = CARTESIAN_POINT('',(-59.2,-159.5,27.25));
#7492 = LINE('',#7493,#7494);
#7493 = CARTESIAN_POINT('',(-29.6,-159.5,27.25));
#7494 = VECTOR('',#7495,1.);
#7495 = DIRECTION('',(-1.,0.,0.));
#7496 = ORIENTED_EDGE('',*,*,#7497,.T.);
#7497 = EDGE_CURVE('',#7490,#7498,#7500,.T.);
#7498 = VERTEX_POINT('',#7499);
#7499 = CARTESIAN_POINT('',(-86.7,-132.,27.25));
#7500 = CIRCLE('',#7501,27.5);
#7501 = AXIS2_PLACEMENT_3D('',#7502,#7503,#7504);
#7502 = CARTESIAN_POINT('',(-59.2,-132.,27.25));
#7503 = DIRECTION('',(-0.,0.,-1.));
#7504 = DIRECTION('',(-1.,-1.03351670656E-15,0.));
#7505 = ORIENTED_EDGE('',*,*,#7506,.T.);
#7506 = EDGE_CURVE('',#7498,#7507,#7509,.T.);
#7507 = VERTEX_POINT('',#7508);
#7508 = CARTESIAN_POINT('',(-86.7,-14.,27.25));
#7509 = LINE('',#7510,#7511);
#7510 = CARTESIAN_POINT('',(-86.7,-43.5,27.25));
#7511 = VECTOR('',#7512,1.);
#7512 = DIRECTION('',(0.,1.,0.));
#7513 = ORIENTED_EDGE('',*,*,#7514,.T.);
#7514 = EDGE_CURVE('',#7507,#7454,#7515,.T.);
#7515 = CIRCLE('',#7516,27.5);
#7516 = AXIS2_PLACEMENT_3D('',#7517,#7518,#7519);
#7517 = CARTESIAN_POINT('',(-59.2,-14.,27.25));
#7518 = DIRECTION('',(0.,0.,-1.));
#7519 = DIRECTION('',(5.167583532801E-16,1.,0.));
#7520 = PLANE('',#7521);
#7521 = AXIS2_PLACEMENT_3D('',#7522,#7523,#7524);
#7522 = CARTESIAN_POINT('',(0.,-73.,27.25));
#7523 = DIRECTION('',(0.,0.,1.));
#7524 = DIRECTION('',(1.,0.,0.));
#7525 = ADVANCED_FACE('',(#7526),#7544,.F.);
#7526 = FACE_BOUND('',#7527,.F.);
#7527 = EDGE_LOOP('',(#7528,#7529,#7530,#7538));
#7528 = ORIENTED_EDGE('',*,*,#7394,.F.);
#7529 = ORIENTED_EDGE('',*,*,#7379,.T.);
#7530 = ORIENTED_EDGE('',*,*,#7531,.F.);
#7531 = EDGE_CURVE('',#7532,#7371,#7534,.T.);
#7532 = VERTEX_POINT('',#7533);
#7533 = CARTESIAN_POINT('',(-59.2,16.,84.25));
#7534 = LINE('',#7535,#7536);
#7535 = CARTESIAN_POINT('',(-15.5,16.,84.25));
#7536 = VECTOR('',#7537,1.);
#7537 = DIRECTION('',(1.,0.,0.));
#7538 = ORIENTED_EDGE('',*,*,#7539,.F.);
#7539 = EDGE_CURVE('',#7395,#7532,#7540,.T.);
#7540 = LINE('',#7541,#7542);
#7541 = CARTESIAN_POINT('',(-59.2,16.,27.25));
#7542 = VECTOR('',#7543,1.);
#7543 = DIRECTION('',(0.,0.,1.));
#7544 = PLANE('',#7545);
#7545 = AXIS2_PLACEMENT_3D('',#7546,#7547,#7548);
#7546 = CARTESIAN_POINT('',(59.2,16.,27.25));
#7547 = DIRECTION('',(0.,-1.,0.));
#7548 = DIRECTION('',(-1.,0.,0.));
#7549 = ADVANCED_FACE('',(#7550,#7603),#7753,.F.);
#7550 = FACE_BOUND('',#7551,.F.);
#7551 = EDGE_LOOP('',(#7552,#7553,#7554,#7562,#7571,#7579,#7588,#7596));
#7552 = ORIENTED_EDGE('',*,*,#7531,.T.);
#7553 = ORIENTED_EDGE('',*,*,#7370,.T.);
#7554 = ORIENTED_EDGE('',*,*,#7555,.T.);
#7555 = EDGE_CURVE('',#7363,#7556,#7558,.T.);
#7556 = VERTEX_POINT('',#7557);
#7557 = CARTESIAN_POINT('',(89.2,-132.,72.609550561798));
#7558 = LINE('',#7559,#7560);
#7559 = CARTESIAN_POINT('',(89.2,-54.77283563362,78.683597197355));
#7560 = VECTOR('',#7561,1.);
#7561 = DIRECTION('',(-0.,-0.996921232993,-7.840953517925E-02));
#7562 = ORIENTED_EDGE('',*,*,#7563,.T.);
#7563 = EDGE_CURVE('',#7556,#7564,#7566,.T.);
#7564 = VERTEX_POINT('',#7565);
#7565 = CARTESIAN_POINT('',(59.2,-162.,70.25));
#7566 = ELLIPSE('',#7567,30.092648252583,30.);
#7567 = AXIS2_PLACEMENT_3D('',#7568,#7569,#7570);
#7568 = CARTESIAN_POINT('',(59.2,-132.,72.609550561798));
#7569 = DIRECTION('',(0.,7.840953517925E-02,-0.996921232993));
#7570 = DIRECTION('',(0.,-0.996921232993,-7.840953517925E-02));
#7571 = ORIENTED_EDGE('',*,*,#7572,.T.);
#7572 = EDGE_CURVE('',#7564,#7573,#7575,.T.);
#7573 = VERTEX_POINT('',#7574);
#7574 = CARTESIAN_POINT('',(-59.2,-162.,70.25));
#7575 = LINE('',#7576,#7577);
#7576 = CARTESIAN_POINT('',(-74.7,-162.,70.25));
#7577 = VECTOR('',#7578,1.);
#7578 = DIRECTION('',(-1.,0.,0.));
#7579 = ORIENTED_EDGE('',*,*,#7580,.T.);
#7580 = EDGE_CURVE('',#7573,#7581,#7583,.T.);
#7581 = VERTEX_POINT('',#7582);
#7582 = CARTESIAN_POINT('',(-89.2,-132.,72.609550561798));
#7583 = ELLIPSE('',#7584,30.092648252583,30.);
#7584 = AXIS2_PLACEMENT_3D('',#7585,#7586,#7587);
#7585 = CARTESIAN_POINT('',(-59.2,-132.,72.609550561798));
#7586 = DIRECTION('',(0.,7.840953517925E-02,-0.996921232993));
#7587 = DIRECTION('',(0.,-0.996921232993,-7.840953517925E-02));
#7588 = ORIENTED_EDGE('',*,*,#7589,.T.);
#7589 = EDGE_CURVE('',#7581,#7590,#7592,.T.);
#7590 = VERTEX_POINT('',#7591);
#7591 = CARTESIAN_POINT('',(-89.2,-14.,81.890449438202));
#7592 = LINE('',#7593,#7594);
#7593 = CARTESIAN_POINT('',(-89.2,3.864429109159,83.295516896226));
#7594 = VECTOR('',#7595,1.);
#7595 = DIRECTION('',(0.,0.996921232993,7.840953517925E-02));
#7596 = ORIENTED_EDGE('',*,*,#7597,.T.);
#7597 = EDGE_CURVE('',#7590,#7532,#7598,.T.);
#7598 = ELLIPSE('',#7599,30.092648252583,30.);
#7599 = AXIS2_PLACEMENT_3D('',#7600,#7601,#7602);
#7600 = CARTESIAN_POINT('',(-59.2,-14.,81.890449438202));
#7601 = DIRECTION('',(0.,7.840953517925E-02,-0.996921232993));
#7602 = DIRECTION('',(0.,-0.996921232993,-7.840953517925E-02));
#7603 = FACE_BOUND('',#7604,.F.);
#7604 = EDGE_LOOP('',(#7605,#7634,#7644,#7671,#7681,#7708,#7718,#7745));
#7605 = ORIENTED_EDGE('',*,*,#7606,.F.);
#7606 = EDGE_CURVE('',#7607,#7609,#7611,.T.);
#7607 = VERTEX_POINT('',#7608);
#7608 = CARTESIAN_POINT('',(59.2,10.467373307849,83.814849586011));
#7609 = VERTEX_POINT('',#7610);
#7610 = CARTESIAN_POINT('',(84.2,-14.45565751698,81.854611206529));
#7611 = B_SPLINE_CURVE_WITH_KNOTS('',6,(#7612,#7613,#7614,#7615,#7616,
    #7617,#7618,#7619,#7620,#7621,#7622,#7623,#7624,#7625,#7626,#7627,
    #7628,#7629,#7630,#7631,#7632,#7633),.UNSPECIFIED.,.F.,.F.,(7,5,5,5,
    7),(0.,0.250999935953,0.499999999383,0.749999999887,1.),
  .UNSPECIFIED.);
#7612 = CARTESIAN_POINT('',(59.2,10.467373307849,83.814849586011));
#7613 = CARTESIAN_POINT('',(60.842764299979,10.467373307849,
    83.814849586011));
#7614 = CARTESIAN_POINT('',(62.485626166838,10.338235496343,
    83.804692679488));
#7615 = CARTESIAN_POINT('',(64.115602054045,10.079932445966,
    83.784376709233));
#7616 = CARTESIAN_POINT('',(65.720051244481,9.694216186025,
    83.754039475305));
#7617 = CARTESIAN_POINT('',(67.286627641257,9.184309624222,
    83.713934464826));
#7618 = CARTESIAN_POINT('',(70.307996884093,7.931123824093,
    83.615369289535));
#7619 = CARTESIAN_POINT('',(71.763756071091,7.189663748255,
    83.557052204919));
#7620 = CARTESIAN_POINT('',(73.158921902948,6.335658625994,
    83.489883262719));
#7621 = CARTESIAN_POINT('',(74.482751854027,5.375401261203,
    83.414357402567));
#7622 = CARTESIAN_POINT('',(75.725314995752,4.316393287121,
    83.33106464056));
#7623 = CARTESIAN_POINT('',(78.034651698375,2.014166494145,
    83.149990623135));
#7624 = CARTESIAN_POINT('',(79.100833707723,0.770090984002,
    83.052141987506));
#7625 = CARTESIAN_POINT('',(80.067125989004,-0.555616875675,
    82.947872830003));
#7626 = CARTESIAN_POINT('',(80.925918800196,-1.952932445034,
    82.837971605447));
#7627 = CARTESIAN_POINT('',(81.670834110969,-3.411010603924,
    82.723291300815));
#7628 = CARTESIAN_POINT('',(82.923142591564,-6.425042545329,
    82.486232608794));
#7629 = CARTESIAN_POINT('',(83.43060892879,-7.981172441385,
    82.363840369779));
#7630 = CARTESIAN_POINT('',(83.81445339544,-9.574612343771,
    82.238513635883));
#7631 = CARTESIAN_POINT('',(84.071493419946,-11.19319755979,
    82.11120918069));
#7632 = CARTESIAN_POINT('',(84.2,-12.8244752158,81.982906443701));
#7633 = CARTESIAN_POINT('',(84.2,-14.45565751698,81.854611206529));
#7634 = ORIENTED_EDGE('',*,*,#7635,.F.);
#7635 = EDGE_CURVE('',#7636,#7607,#7638,.T.);
#7636 = VERTEX_POINT('',#7637);
#7637 = CARTESIAN_POINT('',(-59.2,10.467373307849,83.814849586011));
#7638 = B_SPLINE_CURVE_WITH_KNOTS('',4,(#7639,#7640,#7641,#7642,#7643),
  .UNSPECIFIED.,.F.,.F.,(5,5),(0.,1.),.PIECEWISE_BEZIER_KNOTS.);
#7639 = CARTESIAN_POINT('',(-59.2,10.467373307849,83.814849586011));
#7640 = CARTESIAN_POINT('',(-29.6,10.467373307849,83.814849586011));
#7641 = CARTESIAN_POINT('',(-3.694822225953E-13,10.467373307849,
    83.814849586011));
#7642 = CARTESIAN_POINT('',(29.6,10.467373307849,83.814849586011));
#7643 = CARTESIAN_POINT('',(59.2,10.467373307849,83.814849586011));
#7644 = ORIENTED_EDGE('',*,*,#7645,.F.);
#7645 = EDGE_CURVE('',#7646,#7636,#7648,.T.);
#7646 = VERTEX_POINT('',#7647);
#7647 = CARTESIAN_POINT('',(-84.2,-14.45565751698,81.854611206529));
#7648 = B_SPLINE_CURVE_WITH_KNOTS('',6,(#7649,#7650,#7651,#7652,#7653,
    #7654,#7655,#7656,#7657,#7658,#7659,#7660,#7661,#7662,#7663,#7664,
    #7665,#7666,#7667,#7668,#7669,#7670),.UNSPECIFIED.,.F.,.F.,(7,5,5,5,
    7),(0.,0.251999871161,0.500999935183,0.749999999267,1.),
  .UNSPECIFIED.);
#7649 = CARTESIAN_POINT('',(-84.2,-14.45565751698,81.854611206529));
#7650 = CARTESIAN_POINT('',(-84.2,-12.81142660354,81.983932739047));
#7651 = CARTESIAN_POINT('',(-84.06942922042,-11.16709648151,
    82.113262074488));
#7652 = CARTESIAN_POINT('',(-83.80825948874,-9.535767783114,
    82.241568826047));
#7653 = CARTESIAN_POINT('',(-83.41827703893,-7.93019240102,
    82.367850035875));
#7654 = CARTESIAN_POINT('',(-82.90276560393,-6.362822901258,
    82.491126288665));
#7655 = CARTESIAN_POINT('',(-81.63844178231,-3.346708169638,
    82.728348795646));
#7656 = CARTESIAN_POINT('',(-80.89240609124,-1.896597398874,
    82.842402451774));
#7657 = CARTESIAN_POINT('',(-80.03357310312,-0.507070140938,
    82.95169111251));
#7658 = CARTESIAN_POINT('',(-79.06827192163,0.811174049745,
    83.055373239868));
#7659 = CARTESIAN_POINT('',(-78.00404293741,2.048246615514,
    83.152671082119));
#7660 = CARTESIAN_POINT('',(-75.69571648848,4.34224810263,
    83.333098165375));
#7661 = CARTESIAN_POINT('',(-74.45148625709,5.399308966656,
    83.416237783894));
#7662 = CARTESIAN_POINT('',(-73.12614491272,6.357492082839,
    83.491600500897));
#7663 = CARTESIAN_POINT('',(-71.7296351918,7.20931137874,83.558597524171
    ));
#7664 = CARTESIAN_POINT('',(-70.27270952147,7.948490879928,
    83.616735237747));
#7665 = CARTESIAN_POINT('',(-67.2554157198,9.194447045873,
    83.714731790125));
#7666 = CARTESIAN_POINT('',(-65.69448006655,9.700351012484,
    83.754521989746));
#7667 = CARTESIAN_POINT('',(-64.09611918341,10.083013711454,
    83.784619055957));
#7668 = CARTESIAN_POINT('',(-62.472535331,10.339262369614,
    83.804773444801));
#7669 = CARTESIAN_POINT('',(-60.83621984084,10.467373307849,
    83.814849586011));
#7670 = CARTESIAN_POINT('',(-59.2,10.467373307849,83.814849586011));
#7671 = ORIENTED_EDGE('',*,*,#7672,.F.);
#7672 = EDGE_CURVE('',#7673,#7646,#7675,.T.);
#7673 = VERTEX_POINT('',#7674);
#7674 = CARTESIAN_POINT('',(-84.2,-132.0923630102,72.602286055378));
#7675 = B_SPLINE_CURVE_WITH_KNOTS('',4,(#7676,#7677,#7678,#7679,#7680),
  .UNSPECIFIED.,.F.,.F.,(5,5),(0.,1.),.PIECEWISE_BEZIER_KNOTS.);
#7676 = CARTESIAN_POINT('',(-84.2,-132.0923630102,72.602286055378));
#7677 = CARTESIAN_POINT('',(-84.2,-102.6831866368,74.915367343165));
#7678 = CARTESIAN_POINT('',(-84.2,-73.27401026359,77.228448630953));
#7679 = CARTESIAN_POINT('',(-84.2,-43.86483389028,79.541529918741));
#7680 = CARTESIAN_POINT('',(-84.2,-14.45565751698,81.854611206529));
#7681 = ORIENTED_EDGE('',*,*,#7682,.F.);
#7682 = EDGE_CURVE('',#7683,#7673,#7685,.T.);
#7683 = VERTEX_POINT('',#7684);
#7684 = CARTESIAN_POINT('',(-59.2,-157.015393835,70.642047675896));
#7685 = B_SPLINE_CURVE_WITH_KNOTS('',6,(#7686,#7687,#7688,#7689,#7690,
    #7691,#7692,#7693,#7694,#7695,#7696,#7697,#7698,#7699,#7700,#7701,
    #7702,#7703,#7704,#7705,#7706,#7707),.UNSPECIFIED.,.F.,.F.,(7,5,5,5,
    7),(0.,0.251999871161,0.500999935184,0.749999999268,1.),
  .UNSPECIFIED.);
#7686 = CARTESIAN_POINT('',(-59.2,-157.015393835,70.642047675896));
#7687 = CARTESIAN_POINT('',(-60.8493087508,-157.015393835,
    70.642047675896));
#7688 = CARTESIAN_POINT('',(-62.49871701659,-156.8852250524,
    70.652285670031));
#7689 = CARTESIAN_POINT('',(-64.13508370675,-156.6248594015,
    70.672763867294));
#7690 = CARTESIAN_POINT('',(-65.74561754731,-156.2360776168,
    70.703342209913));
#7691 = CARTESIAN_POINT('',(-67.31782751524,-155.7221533214,
    70.74376322191));
#7692 = CARTESIAN_POINT('',(-70.34325683885,-154.4617220582,
    70.84289826508));
#7693 = CARTESIAN_POINT('',(-71.79784595058,-153.7179832372,
    70.901394576844));
#7694 = CARTESIAN_POINT('',(-73.19166445093,-152.8617943958,
    70.968735272239));
#7695 = CARTESIAN_POINT('',(-74.5139797423,-151.8994651517,
    71.044424089187));
#7696 = CARTESIAN_POINT('',(-75.75487272846,-150.8385126806,
    71.127869789165));
#7697 = CARTESIAN_POINT('',(-78.05595872321,-148.5372930309,
    71.308864593068));
#7698 = CARTESIAN_POINT('',(-79.11628408197,-147.2968934945,
    71.406424107167));
#7699 = CARTESIAN_POINT('',(-80.0774263312,-145.9756325674,
    71.510343505932));
#7700 = CARTESIAN_POINT('',(-80.93187627941,-144.5834223745,
    71.619843184024));
#7701 = CARTESIAN_POINT('',(-81.67333857023,-143.1309822389,
    71.734080048625));
#7702 = CARTESIAN_POINT('',(-82.92314259156,-140.1229779818,
    71.970664653113));
#7703 = CARTESIAN_POINT('',(-83.43060892879,-138.5668480857,
    72.093056892128));
#7704 = CARTESIAN_POINT('',(-83.81445339544,-136.9734081834,
    72.218383626024));
#7705 = CARTESIAN_POINT('',(-84.07149341994,-135.3548229673,
    72.345688081216));
#7706 = CARTESIAN_POINT('',(-84.2,-133.7235453113,72.473990818206));
#7707 = CARTESIAN_POINT('',(-84.2,-132.0923630102,72.602286055378));
#7708 = ORIENTED_EDGE('',*,*,#7709,.F.);
#7709 = EDGE_CURVE('',#7710,#7683,#7712,.T.);
#7710 = VERTEX_POINT('',#7711);
#7711 = CARTESIAN_POINT('',(59.2,-157.015393835,70.642047675896));
#7712 = B_SPLINE_CURVE_WITH_KNOTS('',4,(#7713,#7714,#7715,#7716,#7717),
  .UNSPECIFIED.,.F.,.F.,(5,5),(0.,1.),.PIECEWISE_BEZIER_KNOTS.);
#7713 = CARTESIAN_POINT('',(59.2,-157.015393835,70.642047675896));
#7714 = CARTESIAN_POINT('',(29.6,-157.015393835,70.642047675896));
#7715 = CARTESIAN_POINT('',(5.115907697473E-13,-157.015393835,
    70.642047675896));
#7716 = CARTESIAN_POINT('',(-29.6,-157.015393835,70.642047675896));
#7717 = CARTESIAN_POINT('',(-59.2,-157.015393835,70.642047675896));
#7718 = ORIENTED_EDGE('',*,*,#7719,.F.);
#7719 = EDGE_CURVE('',#7720,#7710,#7722,.T.);
#7720 = VERTEX_POINT('',#7721);
#7721 = CARTESIAN_POINT('',(84.2,-132.0923630102,72.602286055378));
#7722 = B_SPLINE_CURVE_WITH_KNOTS('',6,(#7723,#7724,#7725,#7726,#7727,
    #7728,#7729,#7730,#7731,#7732,#7733,#7734,#7735,#7736,#7737,#7738,
    #7739,#7740,#7741,#7742,#7743,#7744),.UNSPECIFIED.,.F.,.F.,(7,5,5,5,
    7),(0.,0.250999935953,0.499999999383,0.749999999888,1.),
  .UNSPECIFIED.);
#7723 = CARTESIAN_POINT('',(84.2,-132.0923630102,72.602286055378));
#7724 = CARTESIAN_POINT('',(84.2,-133.7300696216,72.473477670207));
#7725 = CARTESIAN_POINT('',(84.070463375408,-135.3678734996,
    72.344661634863));
#7726 = CARTESIAN_POINT('',(83.811362614156,-136.9928310708,
    72.216855983194));
#7727 = CARTESIAN_POINT('',(83.424455156298,-138.592340536,
    72.091051867953));
#7728 = CARTESIAN_POINT('',(82.912973862764,-140.154093809,
    71.968217340859));
#7729 = CARTESIAN_POINT('',(81.655917880149,-143.1661609599,
    71.731313182923));
#7730 = CARTESIAN_POINT('',(80.912167971632,-144.6174382036,
    71.617167781738));
#7731 = CARTESIAN_POINT('',(80.055525446626,-146.0083086449,
    71.507773477363));
#7732 = CARTESIAN_POINT('',(79.092302542942,-147.328062832,
    71.403972586243));
#7733 = CARTESIAN_POINT('',(78.030024060914,-148.5668004113,
    71.30654378787));
#7734 = CARTESIAN_POINT('',(75.720687358291,-150.8690272043,
    71.125469770445));
#7735 = CARTESIAN_POINT('',(74.47276980074,-151.9319266877,
    71.041870934675));
#7736 = CARTESIAN_POINT('',(73.142967790516,-152.8952439801,
    70.966104406053));
#7737 = CARTESIAN_POINT('',(71.741336926288,-153.7513927684,
    70.898766860912));
#7738 = CARTESIAN_POINT('',(70.27875582095,-154.4940146585,
    70.840358397646));
#7739 = CARTESIAN_POINT('',(67.255415719789,-155.742467573,
    70.742165471782));
#7740 = CARTESIAN_POINT('',(65.694480066554,-156.2483715396,
    70.702375272161));
#7741 = CARTESIAN_POINT('',(64.096119183402,-156.6310342386,
    70.67227820595));
#7742 = CARTESIAN_POINT('',(62.472535331001,-156.8872828967,
    70.652123817106));
#7743 = CARTESIAN_POINT('',(60.836219840842,-157.015393835,
    70.642047675896));
#7744 = CARTESIAN_POINT('',(59.2,-157.015393835,70.642047675896));
#7745 = ORIENTED_EDGE('',*,*,#7746,.F.);
#7746 = EDGE_CURVE('',#7609,#7720,#7747,.T.);
#7747 = B_SPLINE_CURVE_WITH_KNOTS('',4,(#7748,#7749,#7750,#7751,#7752),
  .UNSPECIFIED.,.F.,.F.,(5,5),(0.,1.),.PIECEWISE_BEZIER_KNOTS.);
#7748 = CARTESIAN_POINT('',(84.2,-14.45565751698,81.854611206529));
#7749 = CARTESIAN_POINT('',(84.2,-43.86483389028,79.541529918741));
#7750 = CARTESIAN_POINT('',(84.2,-73.27401026359,77.228448630953));
#7751 = CARTESIAN_POINT('',(84.2,-102.6831866368,74.915367343165));
#7752 = CARTESIAN_POINT('',(84.2,-132.0923630102,72.602286055378));
#7753 = PLANE('',#7754);
#7754 = AXIS2_PLACEMENT_3D('',#7755,#7756,#7757);
#7755 = CARTESIAN_POINT('',(-90.2,26.,85.036516853933));
#7756 = DIRECTION('',(0.,7.840953517925E-02,-0.996921232993));
#7757 = DIRECTION('',(0.,-0.996921232993,-7.840953517925E-02));
#7758 = ADVANCED_FACE('',(#7759),#7770,.F.);
#7759 = FACE_BOUND('',#7760,.F.);
#7760 = EDGE_LOOP('',(#7761,#7762,#7768,#7769));
#7761 = ORIENTED_EDGE('',*,*,#7445,.F.);
#7762 = ORIENTED_EDGE('',*,*,#7763,.T.);
#7763 = EDGE_CURVE('',#7437,#7556,#7764,.T.);
#7764 = LINE('',#7765,#7766);
#7765 = CARTESIAN_POINT('',(89.2,-132.,27.25));
#7766 = VECTOR('',#7767,1.);
#7767 = DIRECTION('',(0.,0.,1.));
#7768 = ORIENTED_EDGE('',*,*,#7555,.F.);
#7769 = ORIENTED_EDGE('',*,*,#7362,.F.);
#7770 = PLANE('',#7771);
#7771 = AXIS2_PLACEMENT_3D('',#7772,#7773,#7774);
#7772 = CARTESIAN_POINT('',(89.2,-132.,27.25));
#7773 = DIRECTION('',(-1.,0.,0.));
#7774 = DIRECTION('',(0.,1.,0.));
#7775 = ADVANCED_FACE('',(#7776),#7787,.T.);
#7776 = FACE_BOUND('',#7777,.F.);
#7777 = EDGE_LOOP('',(#7778,#7779,#7785,#7786));
#7778 = ORIENTED_EDGE('',*,*,#7436,.F.);
#7779 = ORIENTED_EDGE('',*,*,#7780,.T.);
#7780 = EDGE_CURVE('',#7429,#7564,#7781,.T.);
#7781 = LINE('',#7782,#7783);
#7782 = CARTESIAN_POINT('',(59.2,-162.,27.25));
#7783 = VECTOR('',#7784,1.);
#7784 = DIRECTION('',(0.,0.,1.));
#7785 = ORIENTED_EDGE('',*,*,#7563,.F.);
#7786 = ORIENTED_EDGE('',*,*,#7763,.F.);
#7787 = CYLINDRICAL_SURFACE('',#7788,30.);
#7788 = AXIS2_PLACEMENT_3D('',#7789,#7790,#7791);
#7789 = CARTESIAN_POINT('',(59.2,-132.,27.25));
#7790 = DIRECTION('',(-0.,-0.,-1.));
#7791 = DIRECTION('',(7.105427357601E-16,-1.,0.));
#7792 = ADVANCED_FACE('',(#7793),#7804,.T.);
#7793 = FACE_BOUND('',#7794,.F.);
#7794 = EDGE_LOOP('',(#7795,#7796,#7797,#7798));
#7795 = ORIENTED_EDGE('',*,*,#7402,.F.);
#7796 = ORIENTED_EDGE('',*,*,#7539,.T.);
#7797 = ORIENTED_EDGE('',*,*,#7597,.F.);
#7798 = ORIENTED_EDGE('',*,*,#7799,.F.);
#7799 = EDGE_CURVE('',#7403,#7590,#7800,.T.);
#7800 = LINE('',#7801,#7802);
#7801 = CARTESIAN_POINT('',(-89.2,-14.,27.25));
#7802 = VECTOR('',#7803,1.);
#7803 = DIRECTION('',(0.,0.,1.));
#7804 = CYLINDRICAL_SURFACE('',#7805,30.);
#7805 = AXIS2_PLACEMENT_3D('',#7806,#7807,#7808);
#7806 = CARTESIAN_POINT('',(-59.2,-14.,27.25));
#7807 = DIRECTION('',(0.,0.,-1.));
#7808 = DIRECTION('',(0.,1.,0.));
#7809 = ADVANCED_FACE('',(#7810),#7821,.F.);
#7810 = FACE_BOUND('',#7811,.F.);
#7811 = EDGE_LOOP('',(#7812,#7813,#7819,#7820));
#7812 = ORIENTED_EDGE('',*,*,#7428,.F.);
#7813 = ORIENTED_EDGE('',*,*,#7814,.T.);
#7814 = EDGE_CURVE('',#7420,#7573,#7815,.T.);
#7815 = LINE('',#7816,#7817);
#7816 = CARTESIAN_POINT('',(-59.2,-162.,27.25));
#7817 = VECTOR('',#7818,1.);
#7818 = DIRECTION('',(0.,0.,1.));
#7819 = ORIENTED_EDGE('',*,*,#7572,.F.);
#7820 = ORIENTED_EDGE('',*,*,#7780,.F.);
#7821 = PLANE('',#7822);
#7822 = AXIS2_PLACEMENT_3D('',#7823,#7824,#7825);
#7823 = CARTESIAN_POINT('',(-59.2,-162.,27.25));
#7824 = DIRECTION('',(0.,1.,0.));
#7825 = DIRECTION('',(1.,0.,0.));
#7826 = ADVANCED_FACE('',(#7827),#7838,.F.);
#7827 = FACE_BOUND('',#7828,.F.);
#7828 = EDGE_LOOP('',(#7829,#7830,#7831,#7832));
#7829 = ORIENTED_EDGE('',*,*,#7411,.F.);
#7830 = ORIENTED_EDGE('',*,*,#7799,.T.);
#7831 = ORIENTED_EDGE('',*,*,#7589,.F.);
#7832 = ORIENTED_EDGE('',*,*,#7833,.F.);
#7833 = EDGE_CURVE('',#7412,#7581,#7834,.T.);
#7834 = LINE('',#7835,#7836);
#7835 = CARTESIAN_POINT('',(-89.2,-132.,27.25));
#7836 = VECTOR('',#7837,1.);
#7837 = DIRECTION('',(0.,0.,1.));
#7838 = PLANE('',#7839);
#7839 = AXIS2_PLACEMENT_3D('',#7840,#7841,#7842);
#7840 = CARTESIAN_POINT('',(-89.2,-14.,27.25));
#7841 = DIRECTION('',(1.,0.,0.));
#7842 = DIRECTION('',(0.,-1.,0.));
#7843 = ADVANCED_FACE('',(#7844),#7850,.T.);
#7844 = FACE_BOUND('',#7845,.F.);
#7845 = EDGE_LOOP('',(#7846,#7847,#7848,#7849));
#7846 = ORIENTED_EDGE('',*,*,#7419,.F.);
#7847 = ORIENTED_EDGE('',*,*,#7833,.T.);
#7848 = ORIENTED_EDGE('',*,*,#7580,.F.);
#7849 = ORIENTED_EDGE('',*,*,#7814,.F.);
#7850 = CYLINDRICAL_SURFACE('',#7851,30.);
#7851 = AXIS2_PLACEMENT_3D('',#7852,#7853,#7854);
#7852 = CARTESIAN_POINT('',(-59.2,-132.,27.25));
#7853 = DIRECTION('',(-0.,-0.,-1.));
#7854 = DIRECTION('',(-1.,0.,0.));
#7855 = ADVANCED_FACE('',(#7856),#7883,.T.);
#7856 = FACE_BOUND('',#7857,.T.);
#7857 = EDGE_LOOP('',(#7858,#7859,#7867,#7877));
#7858 = ORIENTED_EDGE('',*,*,#7453,.T.);
#7859 = ORIENTED_EDGE('',*,*,#7860,.T.);
#7860 = EDGE_CURVE('',#7456,#7861,#7863,.T.);
#7861 = VERTEX_POINT('',#7862);
#7862 = CARTESIAN_POINT('',(59.2,13.5,82.041129547373));
#7863 = LINE('',#7864,#7865);
#7864 = CARTESIAN_POINT('',(59.2,13.5,26.25));
#7865 = VECTOR('',#7866,1.);
#7866 = DIRECTION('',(0.,0.,1.));
#7867 = ORIENTED_EDGE('',*,*,#7868,.F.);
#7868 = EDGE_CURVE('',#7869,#7861,#7871,.T.);
#7869 = VERTEX_POINT('',#7870);
#7870 = CARTESIAN_POINT('',(-59.2,13.5,82.041129547373));
#7871 = B_SPLINE_CURVE_WITH_KNOTS('',4,(#7872,#7873,#7874,#7875,#7876),
  .UNSPECIFIED.,.F.,.F.,(5,5),(0.,1.),.PIECEWISE_BEZIER_KNOTS.);
#7872 = CARTESIAN_POINT('',(-59.2,13.5,82.041129547373));
#7873 = CARTESIAN_POINT('',(-29.6,13.5,82.041129547373));
#7874 = CARTESIAN_POINT('',(-5.684341886081E-14,13.5,82.041129547373));
#7875 = CARTESIAN_POINT('',(29.6,13.5,82.041129547373));
#7876 = CARTESIAN_POINT('',(59.2,13.5,82.041129547373));
#7877 = ORIENTED_EDGE('',*,*,#7878,.F.);
#7878 = EDGE_CURVE('',#7454,#7869,#7879,.T.);
#7879 = LINE('',#7880,#7881);
#7880 = CARTESIAN_POINT('',(-59.2,13.5,26.25));
#7881 = VECTOR('',#7882,1.);
#7882 = DIRECTION('',(0.,0.,1.));
#7883 = PLANE('',#7884);
#7884 = AXIS2_PLACEMENT_3D('',#7885,#7886,#7887);
#7885 = CARTESIAN_POINT('',(59.2,13.5,26.25));
#7886 = DIRECTION('',(-6.001205538514E-17,-1.,0.));
#7887 = DIRECTION('',(-1.,6.001205538514E-17,0.));
#7888 = ADVANCED_FACE('',(#7889),#7951,.F.);
#7889 = FACE_BOUND('',#7890,.T.);
#7890 = EDGE_LOOP('',(#7891,#7892,#7893,#7903,#7945));
#7891 = ORIENTED_EDGE('',*,*,#7514,.T.);
#7892 = ORIENTED_EDGE('',*,*,#7878,.T.);
#7893 = ORIENTED_EDGE('',*,*,#7894,.F.);
#7894 = EDGE_CURVE('',#7895,#7869,#7897,.T.);
#7895 = VERTEX_POINT('',#7896);
#7896 = CARTESIAN_POINT('',(-59.36581751171,13.499500078234,
    82.040343695038));
#7897 = B_SPLINE_CURVE_WITH_KNOTS('',3,(#7898,#7899,#7900,#7901,#7902),
  .UNSPECIFIED.,.F.,.F.,(4,1,4),(0.,0.714738005498,1.),.UNSPECIFIED.);
#7898 = CARTESIAN_POINT('',(-59.36581751171,13.499500078234,
    82.040343695038));
#7899 = CARTESIAN_POINT('',(-59.32631409407,13.499738277416,
    82.040718110365));
#7900 = CARTESIAN_POINT('',(-59.27104215708,13.499952460454,
    82.041054813473));
#7901 = CARTESIAN_POINT('',(-59.21576764351,13.5,82.041129547373));
#7902 = CARTESIAN_POINT('',(-59.2,13.5,82.041129547373));
#7903 = ORIENTED_EDGE('',*,*,#7904,.F.);
#7904 = EDGE_CURVE('',#7905,#7895,#7907,.T.);
#7905 = VERTEX_POINT('',#7906);
#7906 = CARTESIAN_POINT('',(-86.7,-14.,79.386183938226));
#7907 = B_SPLINE_CURVE_WITH_KNOTS('',8,(#7908,#7909,#7910,#7911,#7912,
    #7913,#7914,#7915,#7916,#7917,#7918,#7919,#7920,#7921,#7922,#7923,
    #7924,#7925,#7926,#7927,#7928,#7929,#7930,#7931,#7932,#7933,#7934,
    #7935,#7936,#7937,#7938,#7939,#7940,#7941,#7942,#7943,#7944),
  .UNSPECIFIED.,.F.,.F.,(9,7,7,7,7,9),(0.,5.630246978107E-02,
    0.317711779563,0.489839322548,0.661370042445,1.),.UNSPECIFIED.);
#7908 = CARTESIAN_POINT('',(-86.7,-14.,79.386183938226));
#7909 = CARTESIAN_POINT('',(-86.69999999994,-13.69909012479,
    79.417786643417));
#7910 = CARTESIAN_POINT('',(-86.69623701263,-13.39811489651,
    79.449076878078));
#7911 = CARTESIAN_POINT('',(-86.68870819497,-13.09713502056,
    79.480078865432));
#7912 = CARTESIAN_POINT('',(-86.67741203961,-12.79621033476,
    79.510813035333));
#7913 = CARTESIAN_POINT('',(-86.66234830965,-12.49539992245,
    79.541296568088));
#7914 = CARTESIAN_POINT('',(-86.64351797348,-12.19476222537,
    79.571543938274));
#7915 = CARTESIAN_POINT('',(-86.62092313946,-11.89435515676,
    79.601567458563));
#7916 = CARTESIAN_POINT('',(-86.47219682317,-10.20080026197,
    79.769785729283));
#7917 = CARTESIAN_POINT('',(-86.26873940664,-8.81352005416,
    79.903603716777));
#7918 = CARTESIAN_POINT('',(-85.98451111207,-7.438229738556,
    80.033878818473));
#7919 = CARTESIAN_POINT('',(-85.62035786735,-6.080481207567,
    80.160841644621));
#7920 = CARTESIAN_POINT('',(-85.17754633243,-4.745692306862,
    80.284559210822));
#7921 = CARTESIAN_POINT('',(-84.65776719626,-3.439140017981,
    80.404911727052));
#7922 = CARTESIAN_POINT('',(-84.06313284146,-2.165982359159,
    80.52172359555));
#7923 = CARTESIAN_POINT('',(-82.95710029389,-0.118212118773,
    80.709192868389));
#7924 = CARTESIAN_POINT('',(-82.48662075199,0.678191171632,
    80.781990777865));
#7925 = CARTESIAN_POINT('',(-81.98551830731,1.456546073084,
    80.853090310806));
#7926 = CARTESIAN_POINT('',(-81.45459365608,2.215477042807,
    80.922419571598));
#7927 = CARTESIAN_POINT('',(-80.8947182395,2.953654358824,
    80.989902924175));
#7928 = CARTESIAN_POINT('',(-80.30683387512,3.669793596308,
    81.055463237212));
#7929 = CARTESIAN_POINT('',(-79.69195447085,4.362656758259,
    81.119023404258));
#7930 = CARTESIAN_POINT('',(-78.4126069844,5.697135804932,
    81.241777688947));
#7931 = CARTESIAN_POINT('',(-77.74830648402,6.338933313919,
    81.300987330675));
#7932 = CARTESIAN_POINT('',(-77.05934609793,6.955268606029,
    81.358060410346));
#7933 = CARTESIAN_POINT('',(-76.34686274737,7.545028083572,
    81.412923890393));
#7934 = CARTESIAN_POINT('',(-75.61205063107,8.107161257104,
    81.465507975763));
#7935 = CARTESIAN_POINT('',(-74.85616098926,8.640680527672,
    81.515746762743));
#7936 = CARTESIAN_POINT('',(-74.08050349793,9.144663026816,
    81.563578910181));
#7937 = CARTESIAN_POINT('',(-71.71885521031,10.553202291736,
    81.698515063606));
#7938 = CARTESIAN_POINT('',(-70.07927265303,11.36987894721,
    81.778500231048));
#7939 = CARTESIAN_POINT('',(-68.37850168507,12.061462421113,
    81.848450050128));
#7940 = CARTESIAN_POINT('',(-66.6278290579,12.622596053125,
    81.908028711491));
#7941 = CARTESIAN_POINT('',(-64.83894777291,13.049187498735,
    81.957018855651));
#7942 = CARTESIAN_POINT('',(-63.02393083661,13.338345581169,
    81.995325178786));
#7943 = CARTESIAN_POINT('',(-61.19524840489,13.488468907569,
    82.02300425943));
#7944 = CARTESIAN_POINT('',(-59.36581751171,13.499500078234,
    82.040343695038));
#7945 = ORIENTED_EDGE('',*,*,#7946,.F.);
#7946 = EDGE_CURVE('',#7507,#7905,#7947,.T.);
#7947 = LINE('',#7948,#7949);
#7948 = CARTESIAN_POINT('',(-86.7,-14.,26.25));
#7949 = VECTOR('',#7950,1.);
#7950 = DIRECTION('',(0.,0.,1.));
#7951 = CYLINDRICAL_SURFACE('',#7952,27.5);
#7952 = AXIS2_PLACEMENT_3D('',#7953,#7954,#7955);
#7953 = CARTESIAN_POINT('',(-59.2,-14.,26.25));
#7954 = DIRECTION('',(-0.,-0.,-1.));
#7955 = DIRECTION('',(5.167583532801E-16,1.,0.));
#7956 = ADVANCED_FACE('',(#7957),#7994,.T.);
#7957 = FACE_BOUND('',#7958,.T.);
#7958 = EDGE_LOOP('',(#7959,#7960,#7961,#7971,#7981,#7988));
#7959 = ORIENTED_EDGE('',*,*,#7506,.T.);
#7960 = ORIENTED_EDGE('',*,*,#7946,.T.);
#7961 = ORIENTED_EDGE('',*,*,#7962,.F.);
#7962 = EDGE_CURVE('',#7963,#7905,#7965,.T.);
#7963 = VERTEX_POINT('',#7964);
#7964 = CARTESIAN_POINT('',(-86.7,-14.25963367903,79.362308124046));
#7965 = B_SPLINE_CURVE_WITH_KNOTS('',4,(#7966,#7967,#7968,#7969,#7970),
  .UNSPECIFIED.,.F.,.F.,(5,5),(0.,1.),.PIECEWISE_BEZIER_KNOTS.);
#7966 = CARTESIAN_POINT('',(-86.7,-14.25963367903,79.362308124046));
#7967 = CARTESIAN_POINT('',(-86.7,-14.19465055506,79.367419156268));
#7968 = CARTESIAN_POINT('',(-86.7,-14.12971327628,79.373114773484));
#7969 = CARTESIAN_POINT('',(-86.7,-14.06482792761,79.379375461889));
#7970 = CARTESIAN_POINT('',(-86.7,-14.,79.386183938226));
#7971 = ORIENTED_EDGE('',*,*,#7972,.F.);
#7972 = EDGE_CURVE('',#7973,#7963,#7975,.T.);
#7973 = VERTEX_POINT('',#7974);
#7974 = CARTESIAN_POINT('',(-86.7,-131.8963391722,70.109982972895));
#7975 = B_SPLINE_CURVE_WITH_KNOTS('',4,(#7976,#7977,#7978,#7979,#7980),
  .UNSPECIFIED.,.F.,.F.,(5,5),(0.,1.),.PIECEWISE_BEZIER_KNOTS.);
#7976 = CARTESIAN_POINT('',(-86.7,-131.8963391722,70.109982972895));
#7977 = CARTESIAN_POINT('',(-86.7,-102.4871627989,72.423064260682));
#7978 = CARTESIAN_POINT('',(-86.7,-73.07798642564,74.73614554847));
#7979 = CARTESIAN_POINT('',(-86.7,-43.66881005234,77.049226836258));
#7980 = CARTESIAN_POINT('',(-86.7,-14.25963367903,79.362308124046));
#7981 = ORIENTED_EDGE('',*,*,#7982,.T.);
#7982 = EDGE_CURVE('',#7973,#7983,#7985,.T.);
#7983 = VERTEX_POINT('',#7984);
#7984 = CARTESIAN_POINT('',(-86.7,-132.,70.102388606969));
#7985 = B_SPLINE_CURVE_WITH_KNOTS('',1,(#7986,#7987),.UNSPECIFIED.,.F.,
  .F.,(2,2),(0.,1.),.PIECEWISE_BEZIER_KNOTS.);
#7986 = CARTESIAN_POINT('',(-86.7,-131.8963391722,70.109982972895));
#7987 = CARTESIAN_POINT('',(-86.7,-132.,70.102388606969));
#7988 = ORIENTED_EDGE('',*,*,#7989,.F.);
#7989 = EDGE_CURVE('',#7498,#7983,#7990,.T.);
#7990 = LINE('',#7991,#7992);
#7991 = CARTESIAN_POINT('',(-86.7,-132.,26.25));
#7992 = VECTOR('',#7993,1.);
#7993 = DIRECTION('',(0.,0.,1.));
#7994 = PLANE('',#7995);
#7995 = AXIS2_PLACEMENT_3D('',#7996,#7997,#7998);
#7996 = CARTESIAN_POINT('',(-86.7,-14.,26.25));
#7997 = DIRECTION('',(1.,0.,0.));
#7998 = DIRECTION('',(0.,-1.,0.));
#7999 = ADVANCED_FACE('',(#8000),#8058,.F.);
#8000 = FACE_BOUND('',#8001,.T.);
#8001 = EDGE_LOOP('',(#8002,#8003,#8004,#8041,#8052));
#8002 = ORIENTED_EDGE('',*,*,#7497,.T.);
#8003 = ORIENTED_EDGE('',*,*,#7989,.T.);
#8004 = ORIENTED_EDGE('',*,*,#8005,.F.);
#8005 = EDGE_CURVE('',#8006,#7983,#8008,.T.);
#8006 = VERTEX_POINT('',#8007);
#8007 = CARTESIAN_POINT('',(-59.35278713149,-159.499575562,
    68.393054264063));
#8008 = B_SPLINE_CURVE_WITH_KNOTS('',7,(#8009,#8010,#8011,#8012,#8013,
    #8014,#8015,#8016,#8017,#8018,#8019,#8020,#8021,#8022,#8023,#8024,
    #8025,#8026,#8027,#8028,#8029,#8030,#8031,#8032,#8033,#8034,#8035,
    #8036,#8037,#8038,#8039,#8040),.UNSPECIFIED.,.F.,.F.,(8,6,6,6,6,8),(
    0.,0.296595667064,0.476810257629,0.648356141705,0.957091045932,1.),
  .UNSPECIFIED.);
#8009 = CARTESIAN_POINT('',(-59.35278713149,-159.499575562,
    68.393054264063));
#8010 = CARTESIAN_POINT('',(-61.18020201301,-159.4894224788,
    68.368496723811));
#8011 = CARTESIAN_POINT('',(-63.00737589439,-159.3375904713,
    68.357255507048));
#8012 = CARTESIAN_POINT('',(-64.82053680615,-159.0440056519,
    68.358489070994));
#8013 = CARTESIAN_POINT('',(-66.60636241164,-158.6103895792,
    68.37167355251));
#8014 = CARTESIAN_POINT('',(-68.35192763716,-158.0399379468,
    68.396283224736));
#8015 = CARTESIAN_POINT('',(-70.04470570108,-157.3373029352,
    68.43179249149));
#8016 = CARTESIAN_POINT('',(-72.66180589297,-156.0054495558,
    68.505422428664));
#8017 = CARTESIAN_POINT('',(-73.62710322513,-155.45556839,
    68.537053329091));
#8018 = CARTESIAN_POINT('',(-74.56587827531,-154.8605806915,
    68.57235242673));
#8019 = CARTESIAN_POINT('',(-75.47560482375,-154.2220553835,
    68.611179061775));
#8020 = CARTESIAN_POINT('',(-76.3538849381,-153.5417269785,
    68.653384262986));
#8021 = CARTESIAN_POINT('',(-77.19844770934,-152.821492771,
    68.698809274584));
#8022 = CARTESIAN_POINT('',(-78.77696372383,-151.3418150928,
    68.793426770425));
#8023 = CARTESIAN_POINT('',(-79.51430156432,-150.5859070807,
    68.84233401199));
#8024 = CARTESIAN_POINT('',(-80.21732658883,-149.7974760339,
    68.89385921496));
#8025 = CARTESIAN_POINT('',(-80.88434018132,-148.9784071619,
    68.947848661881));
#8026 = CARTESIAN_POINT('',(-81.51377872742,-148.1306842508,
    69.004141165586));
#8027 = CARTESIAN_POINT('',(-82.10421192589,-147.25638777,
    69.062567289953));
#8028 = CARTESIAN_POINT('',(-83.64444207847,-144.7403094805,
    69.231616331106));
#8029 = CARTESIAN_POINT('',(-84.50412433914,-143.0437353494,
    69.346627686269));
#8030 = CARTESIAN_POINT('',(-85.22571232437,-141.2808377036,
    69.466926654216));
#8031 = CARTESIAN_POINT('',(-85.80339098705,-139.4650451622,
    69.591396910937));
#8032 = CARTESIAN_POINT('',(-86.23289680703,-137.610220906,
    69.718819511859));
#8033 = CARTESIAN_POINT('',(-86.51151225058,-135.7306589959,
    69.847896070383));
#8034 = CARTESIAN_POINT('',(-86.65592246352,-133.5784802836,
    69.99490902071));
#8035 = CARTESIAN_POINT('',(-86.67061147235,-133.3156662888,
    70.012848288206));
#8036 = CARTESIAN_POINT('',(-86.68236539869,-133.0526942469,
    70.030783359625));
#8037 = CARTESIAN_POINT('',(-86.69118226558,-132.7896028747,
    70.048709702572));
#8038 = CARTESIAN_POINT('',(-86.69706071339,-132.5264308927,
    70.066622622676));
#8039 = CARTESIAN_POINT('',(-86.69999999984,-132.2632170252,
    70.084517263585));
#8040 = CARTESIAN_POINT('',(-86.7,-132.,70.102388606969));
#8041 = ORIENTED_EDGE('',*,*,#8042,.F.);
#8042 = EDGE_CURVE('',#8043,#8006,#8045,.T.);
#8043 = VERTEX_POINT('',#8044);
#8044 = CARTESIAN_POINT('',(-59.2,-159.5,68.394080950237));
#8045 = B_SPLINE_CURVE_WITH_KNOTS('',3,(#8046,#8047,#8048,#8049,#8050,
    #8051),.UNSPECIFIED.,.F.,.F.,(4,1,1,4),(0.,0.176961805311,
    0.95185888746,1.),.UNSPECIFIED.);
#8046 = CARTESIAN_POINT('',(-59.2,-159.5,68.394080950237));
#8047 = CARTESIAN_POINT('',(-59.20901300933,-159.5,68.394080950237));
#8048 = CARTESIAN_POINT('',(-59.25749299758,-159.4999761673,
    68.394023296968));
#8049 = CARTESIAN_POINT('',(-59.3084246576,-159.499816435,
    68.393636875185));
#8050 = CARTESIAN_POINT('',(-59.35033567926,-159.4995891822,
    68.39308720767));
#8051 = CARTESIAN_POINT('',(-59.35278713149,-159.499575562,
    68.393054264063));
#8052 = ORIENTED_EDGE('',*,*,#8053,.F.);
#8053 = EDGE_CURVE('',#7490,#8043,#8054,.T.);
#8054 = LINE('',#8055,#8056);
#8055 = CARTESIAN_POINT('',(-59.2,-159.5,26.25));
#8056 = VECTOR('',#8057,1.);
#8057 = DIRECTION('',(0.,0.,1.));
#8058 = CYLINDRICAL_SURFACE('',#8059,27.5);
#8059 = AXIS2_PLACEMENT_3D('',#8060,#8061,#8062);
#8060 = CARTESIAN_POINT('',(-59.2,-132.,26.25));
#8061 = DIRECTION('',(-0.,-0.,-1.));
#8062 = DIRECTION('',(-1.,-1.03351670656E-15,0.));
#8063 = ADVANCED_FACE('',(#8064),#8084,.T.);
#8064 = FACE_BOUND('',#8065,.T.);
#8065 = EDGE_LOOP('',(#8066,#8067,#8068,#8078));
#8066 = ORIENTED_EDGE('',*,*,#7489,.T.);
#8067 = ORIENTED_EDGE('',*,*,#8053,.T.);
#8068 = ORIENTED_EDGE('',*,*,#8069,.F.);
#8069 = EDGE_CURVE('',#8070,#8043,#8072,.T.);
#8070 = VERTEX_POINT('',#8071);
#8071 = CARTESIAN_POINT('',(59.2,-159.5,68.394080950237));
#8072 = B_SPLINE_CURVE_WITH_KNOTS('',4,(#8073,#8074,#8075,#8076,#8077),
  .UNSPECIFIED.,.F.,.F.,(5,5),(0.,1.),.PIECEWISE_BEZIER_KNOTS.);
#8073 = CARTESIAN_POINT('',(59.2,-159.5,68.394080950237));
#8074 = CARTESIAN_POINT('',(29.6,-159.5,68.394080950236));
#8075 = CARTESIAN_POINT('',(-2.202682480856E-13,-159.5,68.394080950237)
  );
#8076 = CARTESIAN_POINT('',(-29.6,-159.5,68.394080950237));
#8077 = CARTESIAN_POINT('',(-59.2,-159.5,68.394080950237));
#8078 = ORIENTED_EDGE('',*,*,#8079,.F.);
#8079 = EDGE_CURVE('',#7481,#8070,#8080,.T.);
#8080 = LINE('',#8081,#8082);
#8081 = CARTESIAN_POINT('',(59.2,-159.5,26.25));
#8082 = VECTOR('',#8083,1.);
#8083 = DIRECTION('',(0.,0.,1.));
#8084 = PLANE('',#8085);
#8085 = AXIS2_PLACEMENT_3D('',#8086,#8087,#8088);
#8086 = CARTESIAN_POINT('',(-59.2,-159.5,26.25));
#8087 = DIRECTION('',(0.,1.,0.));
#8088 = DIRECTION('',(1.,0.,0.));
#8089 = ADVANCED_FACE('',(#8090),#8147,.F.);
#8090 = FACE_BOUND('',#8091,.T.);
#8091 = EDGE_LOOP('',(#8092,#8093,#8094,#8104,#8141));
#8092 = ORIENTED_EDGE('',*,*,#7480,.T.);
#8093 = ORIENTED_EDGE('',*,*,#8079,.T.);
#8094 = ORIENTED_EDGE('',*,*,#8095,.F.);
#8095 = EDGE_CURVE('',#8096,#8070,#8098,.T.);
#8096 = VERTEX_POINT('',#8097);
#8097 = CARTESIAN_POINT('',(59.352787131492,-159.499575562,
    68.393054264064));
#8098 = B_SPLINE_CURVE_WITH_KNOTS('',3,(#8099,#8100,#8101,#8102,#8103),
  .UNSPECIFIED.,.F.,.F.,(4,1,4),(0.,0.774851187234,1.),.UNSPECIFIED.);
#8099 = CARTESIAN_POINT('',(59.352787131492,-159.499575562,
    68.393054264064));
#8100 = CARTESIAN_POINT('',(59.313327939557,-159.4997947965,
    68.393584532644));
#8101 = CARTESIAN_POINT('',(59.262399508424,-159.4999681421,
    68.394003882779));
#8102 = CARTESIAN_POINT('',(59.211467261306,-159.5,68.394080950237));
#8103 = CARTESIAN_POINT('',(59.2,-159.5,68.394080950237));
#8104 = ORIENTED_EDGE('',*,*,#8105,.F.);
#8105 = EDGE_CURVE('',#8106,#8096,#8108,.T.);
#8106 = VERTEX_POINT('',#8107);
#8107 = CARTESIAN_POINT('',(86.7,-132.,70.102388606968));
#8108 = B_SPLINE_CURVE_WITH_KNOTS('',7,(#8109,#8110,#8111,#8112,#8113,
    #8114,#8115,#8116,#8117,#8118,#8119,#8120,#8121,#8122,#8123,#8124,
    #8125,#8126,#8127,#8128,#8129,#8130,#8131,#8132,#8133,#8134,#8135,
    #8136,#8137,#8138,#8139,#8140),.UNSPECIFIED.,.F.,.F.,(8,6,6,6,6,8),(
    0.,4.29089591407E-02,0.351643864696,0.523189748197,0.703404337588,1.
    ),.UNSPECIFIED.);
#8109 = CARTESIAN_POINT('',(86.7,-132.,70.102388606968));
#8110 = CARTESIAN_POINT('',(86.699999999848,-132.2632170563,
    70.084517261472));
#8111 = CARTESIAN_POINT('',(86.697060712703,-132.5264309549,
    70.066622618445));
#8112 = CARTESIAN_POINT('',(86.691182263503,-132.789602968,
    70.048709696219));
#8113 = CARTESIAN_POINT('',(86.682365394529,-133.0526943713,
    70.030783351147));
#8114 = CARTESIAN_POINT('',(86.670611465407,-133.3156664443,
    70.012848277604));
#8115 = CARTESIAN_POINT('',(86.655922453107,-133.57848047,
    69.994909007985));
#8116 = CARTESIAN_POINT('',(86.511512220488,-135.7306592204,
    69.847896054982));
#8117 = CARTESIAN_POINT('',(86.232896760194,-137.6102211363,
    69.718819496039));
#8118 = CARTESIAN_POINT('',(85.803390922377,-139.4650453969,
    69.591396894829));
#8119 = CARTESIAN_POINT('',(85.225712240879,-141.2808379412,
    69.466926637962));
#8120 = CARTESIAN_POINT('',(84.504124236085,-143.043735588,
    69.346627670016));
#8121 = CARTESIAN_POINT('',(83.644441955253,-144.7403097182,
    69.231616315012));
#8122 = CARTESIAN_POINT('',(82.104211774995,-147.2563879963,
    69.062567274819));
#8123 = CARTESIAN_POINT('',(81.513778569851,-148.1306844684,
    69.004141151112));
#8124 = CARTESIAN_POINT('',(80.884340017601,-148.9784073706,
    68.947848648084));
#8125 = CARTESIAN_POINT('',(80.217326419484,-149.7974762335,
    68.893859201855));
#8126 = CARTESIAN_POINT('',(79.514301389875,-150.5859072711,
    68.842333999588));
#8127 = CARTESIAN_POINT('',(78.776963544818,-151.3418152738,
    68.793426758734));
#8128 = CARTESIAN_POINT('',(77.198447524604,-152.8214929303,
    68.698809264519));
#8129 = CARTESIAN_POINT('',(76.353884752495,-153.5417271257,
    68.653384253816));
#8130 = CARTESIAN_POINT('',(75.475604638055,-154.2220555187,
    68.611179053484));
#8131 = CARTESIAN_POINT('',(74.565878090289,-154.8605808152,
    68.572352419296));
#8132 = CARTESIAN_POINT('',(73.627103041519,-155.4555685024,
    68.537053322488));
#8133 = CARTESIAN_POINT('',(72.661805711452,-156.0054496572,
    68.505422422864));
#8134 = CARTESIAN_POINT('',(70.044705541758,-157.3373030013,
    68.431792488148));
#8135 = CARTESIAN_POINT('',(68.351927500266,-158.0399379915,
    68.396283222805));
#8136 = CARTESIAN_POINT('',(66.606362299553,-158.6103896064,
    68.371673551683));
#8137 = CARTESIAN_POINT('',(64.820536720847,-159.0440056657,
    68.358489070935));
#8138 = CARTESIAN_POINT('',(63.007375837052,-159.3375904761,
    68.357255507402));
#8139 = CARTESIAN_POINT('',(61.180201984356,-159.489422479,
    68.368496724196));
#8140 = CARTESIAN_POINT('',(59.352787131492,-159.499575562,
    68.393054264064));
#8141 = ORIENTED_EDGE('',*,*,#8142,.F.);
#8142 = EDGE_CURVE('',#7473,#8106,#8143,.T.);
#8143 = LINE('',#8144,#8145);
#8144 = CARTESIAN_POINT('',(86.7,-132.,26.25));
#8145 = VECTOR('',#8146,1.);
#8146 = DIRECTION('',(0.,0.,1.));
#8147 = CYLINDRICAL_SURFACE('',#8148,27.5);
#8148 = AXIS2_PLACEMENT_3D('',#8149,#8150,#8151);
#8149 = CARTESIAN_POINT('',(59.2,-132.,26.25));
#8150 = DIRECTION('',(-0.,-0.,-1.));
#8151 = DIRECTION('',(-1.2918958832E-15,-1.,0.));
#8152 = ADVANCED_FACE('',(#8153),#8190,.T.);
#8153 = FACE_BOUND('',#8154,.T.);
#8154 = EDGE_LOOP('',(#8155,#8156,#8157,#8164,#8174,#8184));
#8155 = ORIENTED_EDGE('',*,*,#7472,.T.);
#8156 = ORIENTED_EDGE('',*,*,#8142,.T.);
#8157 = ORIENTED_EDGE('',*,*,#8158,.F.);
#8158 = EDGE_CURVE('',#8159,#8106,#8161,.T.);
#8159 = VERTEX_POINT('',#8160);
#8160 = CARTESIAN_POINT('',(86.7,-131.8963391722,70.109982972894));
#8161 = B_SPLINE_CURVE_WITH_KNOTS('',1,(#8162,#8163),.UNSPECIFIED.,.F.,
  .F.,(2,2),(0.,1.),.PIECEWISE_BEZIER_KNOTS.);
#8162 = CARTESIAN_POINT('',(86.7,-131.8963391722,70.109982972894));
#8163 = CARTESIAN_POINT('',(86.7,-132.,70.102388606968));
#8164 = ORIENTED_EDGE('',*,*,#8165,.F.);
#8165 = EDGE_CURVE('',#8166,#8159,#8168,.T.);
#8166 = VERTEX_POINT('',#8167);
#8167 = CARTESIAN_POINT('',(86.7,-14.25963367903,79.362308124046));
#8168 = B_SPLINE_CURVE_WITH_KNOTS('',4,(#8169,#8170,#8171,#8172,#8173),
  .UNSPECIFIED.,.F.,.F.,(5,5),(0.,1.),.PIECEWISE_BEZIER_KNOTS.);
#8169 = CARTESIAN_POINT('',(86.7,-14.25963367903,79.362308124046));
#8170 = CARTESIAN_POINT('',(86.7,-43.66881005234,77.049226836258));
#8171 = CARTESIAN_POINT('',(86.7,-73.07798642564,74.73614554847));
#8172 = CARTESIAN_POINT('',(86.7,-102.4871627989,72.423064260682));
#8173 = CARTESIAN_POINT('',(86.7,-131.8963391722,70.109982972894));
#8174 = ORIENTED_EDGE('',*,*,#8175,.T.);
#8175 = EDGE_CURVE('',#8166,#8176,#8178,.T.);
#8176 = VERTEX_POINT('',#8177);
#8177 = CARTESIAN_POINT('',(86.7,-14.,79.386183938226));
#8178 = B_SPLINE_CURVE_WITH_KNOTS('',4,(#8179,#8180,#8181,#8182,#8183),
  .UNSPECIFIED.,.F.,.F.,(5,5),(0.,1.),.PIECEWISE_BEZIER_KNOTS.);
#8179 = CARTESIAN_POINT('',(86.7,-14.25963367903,79.362308124046));
#8180 = CARTESIAN_POINT('',(86.7,-14.19465055506,79.367419156269));
#8181 = CARTESIAN_POINT('',(86.7,-14.12971327628,79.373114773484));
#8182 = CARTESIAN_POINT('',(86.7,-14.06482792761,79.379375461889));
#8183 = CARTESIAN_POINT('',(86.7,-14.,79.386183938226));
#8184 = ORIENTED_EDGE('',*,*,#8185,.F.);
#8185 = EDGE_CURVE('',#7464,#8176,#8186,.T.);
#8186 = LINE('',#8187,#8188);
#8187 = CARTESIAN_POINT('',(86.7,-14.,26.25));
#8188 = VECTOR('',#8189,1.);
#8189 = DIRECTION('',(0.,0.,1.));
#8190 = PLANE('',#8191);
#8191 = AXIS2_PLACEMENT_3D('',#8192,#8193,#8194);
#8192 = CARTESIAN_POINT('',(86.7,-132.,26.25));
#8193 = DIRECTION('',(-1.,-1.204309721627E-16,0.));
#8194 = DIRECTION('',(-1.204309721627E-16,1.,0.));
#8195 = ADVANCED_FACE('',(#8196),#8251,.F.);
#8196 = FACE_BOUND('',#8197,.T.);
#8197 = EDGE_LOOP('',(#8198,#8199,#8200,#8242,#8250));
#8198 = ORIENTED_EDGE('',*,*,#7463,.T.);
#8199 = ORIENTED_EDGE('',*,*,#8185,.T.);
#8200 = ORIENTED_EDGE('',*,*,#8201,.F.);
#8201 = EDGE_CURVE('',#8202,#8176,#8204,.T.);
#8202 = VERTEX_POINT('',#8203);
#8203 = CARTESIAN_POINT('',(59.365817511719,13.499500078234,
    82.040343695038));
#8204 = B_SPLINE_CURVE_WITH_KNOTS('',8,(#8205,#8206,#8207,#8208,#8209,
    #8210,#8211,#8212,#8213,#8214,#8215,#8216,#8217,#8218,#8219,#8220,
    #8221,#8222,#8223,#8224,#8225,#8226,#8227,#8228,#8229,#8230,#8231,
    #8232,#8233,#8234,#8235,#8236,#8237,#8238,#8239,#8240,#8241),
  .UNSPECIFIED.,.F.,.F.,(9,7,7,7,7,9),(0.,0.338629996595,0.510160714834,
    0.68228825381,0.943697529005,1.),.UNSPECIFIED.);
#8205 = CARTESIAN_POINT('',(59.365817511719,13.499500078234,
    82.040343695038));
#8206 = CARTESIAN_POINT('',(61.195248615788,13.488468906297,
    82.023004257431));
#8207 = CARTESIAN_POINT('',(63.02393125835,13.33834554655,
    81.995325172403));
#8208 = CARTESIAN_POINT('',(64.838948400791,13.049187398716,
    81.9570188424));
#8209 = CARTESIAN_POINT('',(66.627829883031,12.62259585635,
    81.908028688894));
#8210 = CARTESIAN_POINT('',(68.378502694403,12.06146209758,
    81.848450015777));
#8211 = CARTESIAN_POINT('',(70.079273829612,11.369878468779,
    81.778500182657));
#8212 = CARTESIAN_POINT('',(71.718856533643,10.5532016326,81.69851499905
    ));
#8213 = CARTESIAN_POINT('',(74.080504907047,9.144662120474,
    81.56357882407));
#8214 = CARTESIAN_POINT('',(74.85616235987,8.640679579234,81.51574667327
    ));
#8215 = CARTESIAN_POINT('',(75.61205196176,8.107160268383,
    81.465507883057));
#8216 = CARTESIAN_POINT('',(76.346864036827,7.545027056423,
    81.412923794587));
#8217 = CARTESIAN_POINT('',(77.059347344957,6.955267542351,
    81.358060311575));
#8218 = CARTESIAN_POINT('',(77.748307687518,6.338932215652,
    81.300987229075));
#8219 = CARTESIAN_POINT('',(78.41260814335,5.697134674055,
    81.241777584658));
#8220 = CARTESIAN_POINT('',(79.691955530034,4.362655575152,
    81.119023295693));
#8221 = CARTESIAN_POINT('',(80.306834879769,3.669792394265,
    81.055463127118));
#8222 = CARTESIAN_POINT('',(80.894719189565,2.953653140504,
    80.989902812744));
#8223 = CARTESIAN_POINT('',(81.454594551653,2.215475810835,
    80.922419459017));
#8224 = CARTESIAN_POINT('',(81.985519148616,1.456544830043,
    80.853090197255));
#8225 = CARTESIAN_POINT('',(82.4866215394,0.678189920061,80.781990663517
    ));
#8226 = CARTESIAN_POINT('',(82.957101027897,-0.118213376391,
    80.709192753407));
#8227 = CARTESIAN_POINT('',(84.063133369826,-2.165983491314,
    80.521723491674));
#8228 = CARTESIAN_POINT('',(84.657767588952,-3.439141007093,
    80.404911635935));
#8229 = CARTESIAN_POINT('',(85.177546607854,-4.745693140771,
    80.284559133522));
#8230 = CARTESIAN_POINT('',(85.620358045159,-6.08048187626,
    80.160841582068));
#8231 = CARTESIAN_POINT('',(85.984511212473,-7.438230233824,
    80.033878771522));
#8232 = CARTESIAN_POINT('',(86.268739450687,-8.813520370118,
    79.903603686233));
#8233 = CARTESIAN_POINT('',(86.472196832182,-10.20080039479,
    79.769785715961));
#8234 = CARTESIAN_POINT('',(86.620923136054,-11.89435511144,
    79.601567463093));
#8235 = CARTESIAN_POINT('',(86.643517971054,-12.19476218649,
    79.571543942188));
#8236 = CARTESIAN_POINT('',(86.662348308035,-12.49539989002,
    79.541296571374));
#8237 = CARTESIAN_POINT('',(86.677412038636,-12.79621030882,
    79.510813037982));
#8238 = CARTESIAN_POINT('',(86.68870819449,-13.09713500109,
    79.480078867436));
#8239 = CARTESIAN_POINT('',(86.696237012473,-13.39811488354,
    79.449076879428));
#8240 = CARTESIAN_POINT('',(86.699999999945,-13.6990901183,
    79.417786644101));
#8241 = CARTESIAN_POINT('',(86.7,-14.,79.386183938226));
#8242 = ORIENTED_EDGE('',*,*,#8243,.F.);
#8243 = EDGE_CURVE('',#7861,#8202,#8244,.T.);
#8244 = B_SPLINE_CURVE_WITH_KNOTS('',3,(#8245,#8246,#8247,#8248,#8249),
  .UNSPECIFIED.,.F.,.F.,(4,1,4),(0.,0.657834262062,1.),.UNSPECIFIED.);
#8245 = CARTESIAN_POINT('',(59.2,13.5,82.041129547373));
#8246 = CARTESIAN_POINT('',(59.236361173362,13.5,82.041129547373));
#8247 = CARTESIAN_POINT('',(59.291636463405,13.499890365694,
    82.040957192581));
#8248 = CARTESIAN_POINT('',(59.346906306209,13.499614109727,
    82.04052293637));
#8249 = CARTESIAN_POINT('',(59.365817511719,13.499500078234,
    82.040343695038));
#8250 = ORIENTED_EDGE('',*,*,#7860,.F.);
#8251 = CYLINDRICAL_SURFACE('',#8252,27.5);
#8252 = AXIS2_PLACEMENT_3D('',#8253,#8254,#8255);
#8253 = CARTESIAN_POINT('',(59.2,-14.,26.25));
#8254 = DIRECTION('',(-0.,-0.,-1.));
#8255 = DIRECTION('',(1.,2.5837917664E-16,0.));
#8256 = ADVANCED_FACE('',(#8257),#8306,.T.);
#8257 = FACE_BOUND('',#8258,.T.);
#8258 = EDGE_LOOP('',(#8259,#8276,#8277,#8294));
#8259 = ORIENTED_EDGE('',*,*,#8260,.F.);
#8260 = EDGE_CURVE('',#7609,#8261,#8263,.T.);
#8261 = VERTEX_POINT('',#8262);
#8262 = CARTESIAN_POINT('',(11.676261060145,-76.666165672,
    34.430707027316));
#8263 = ( BOUNDED_CURVE() B_SPLINE_CURVE(5,(#8264,#8265,#8266,#8267,
    #8268,#8269,#8270,#8271,#8272,#8273,#8274,#8275),.UNSPECIFIED.,.F.,
.F.) B_SPLINE_CURVE_WITH_KNOTS((6,3,3,6),(0.,0.140008746217,
0.486487427334,1.),.UNSPECIFIED.) CURVE() GEOMETRIC_REPRESENTATION_ITEM(
) RATIONAL_B_SPLINE_CURVE((1.,1.,1.,1.,1.,1.,1.,1.,1.,1.,1.,1.)) 
REPRESENTATION_ITEM('') );
#8264 = CARTESIAN_POINT('',(84.2,-14.84770519288,86.839217371496));
#8265 = CARTESIAN_POINT('',(85.648339728765,-10.97466464179,
    83.272021177331));
#8266 = CARTESIAN_POINT('',(83.716017958389,-15.9435577042,
    81.048746026511));
#8267 = CARTESIAN_POINT('',(82.997809808768,-16.85102807035,
    78.3555645398));
#8268 = CARTESIAN_POINT('',(78.545637360611,-23.82765350595,
    69.94058797635));
#8269 = CARTESIAN_POINT('',(72.440555852886,-30.64872367093,
    62.864681071954));
#8270 = CARTESIAN_POINT('',(67.566263746915,-35.86620640268,
    58.49110588888));
#8271 = CARTESIAN_POINT('',(54.951346622946,-48.55018926372,
    48.762657633063));
#8272 = CARTESIAN_POINT('',(40.796829985464,-61.86629451122,
    41.802947070108));
#8273 = CARTESIAN_POINT('',(33.376660646324,-71.64071664754,
    38.613340186524));
#8274 = CARTESIAN_POINT('',(22.89420909574,-78.07120088174,
    35.394055256754));
#8275 = CARTESIAN_POINT('',(11.676261060145,-76.666165672,
    34.430707027316));
#8276 = ORIENTED_EDGE('',*,*,#7606,.F.);
#8277 = ORIENTED_EDGE('',*,*,#8278,.T.);
#8278 = EDGE_CURVE('',#7607,#8279,#8281,.T.);
#8279 = VERTEX_POINT('',#8280);
#8280 = CARTESIAN_POINT('',(1.337608529757,-66.35934344391,
    35.241355966603));
#8281 = ( BOUNDED_CURVE() B_SPLINE_CURVE(5,(#8282,#8283,#8284,#8285,
    #8286,#8287,#8288,#8289,#8290,#8291,#8292,#8293),.UNSPECIFIED.,.F.,
.F.) B_SPLINE_CURVE_WITH_KNOTS((6,3,3,6),(0.,0.140008746217,
0.486487427334,1.),.UNSPECIFIED.) CURVE() GEOMETRIC_REPRESENTATION_ITEM(
) RATIONAL_B_SPLINE_CURVE((1.,1.,1.,1.,1.,1.,1.,1.,1.,1.,1.,1.)) 
REPRESENTATION_ITEM('') );
#8282 = CARTESIAN_POINT('',(59.2,10.075325631953,88.799455750977));
#8283 = CARTESIAN_POINT('',(60.648022449926,13.94868248505,
    85.232284434498));
#8284 = CARTESIAN_POINT('',(58.716532583429,8.978960080006,
    83.008944054483));
#8285 = CARTESIAN_POINT('',(57.997380734502,8.072430507725,
    80.315836562795));
#8286 = CARTESIAN_POINT('',(53.547141639171,1.093877671647,
    71.900708406049));
#8287 = CARTESIAN_POINT('',(47.436777798698,-5.72192642366,
    64.825215686908));
#8288 = CARTESIAN_POINT('',(42.581105294423,-10.95797143168,
    60.45018054952));
#8289 = CARTESIAN_POINT('',(29.870508258314,-23.54656895675,
    50.729234511139));
#8290 = CARTESIAN_POINT('',(16.097466907643,-37.24297501752,
    43.739612648264));
#8291 = CARTESIAN_POINT('',(5.95818566193,-44.30665675931,
    40.763210065374));
#8292 = CARTESIAN_POINT('',(-0.597564712179,-54.65175277195,
    37.236034321569));
#8293 = CARTESIAN_POINT('',(1.337608529757,-66.35934344391,
    35.241355966603));
#8294 = ORIENTED_EDGE('',*,*,#8295,.F.);
#8295 = EDGE_CURVE('',#8261,#8279,#8296,.T.);
#8296 = B_SPLINE_CURVE_WITH_KNOTS('',8,(#8297,#8298,#8299,#8300,#8301,
    #8302,#8303,#8304,#8305),.UNSPECIFIED.,.F.,.F.,(9,9),(0.,1.),
  .PIECEWISE_BEZIER_KNOTS.);
#8297 = CARTESIAN_POINT('',(11.676261060145,-76.666165672,
    34.430707027316));
#8298 = CARTESIAN_POINT('',(11.676261060145,-74.6424258599,
    34.589877574335));
#8299 = CARTESIAN_POINT('',(11.220731872861,-72.61868541078,
    34.749048171456));
#8300 = CARTESIAN_POINT('',(10.309677972395,-70.71383943134,
    34.898867518155));
#8301 = CARTESIAN_POINT('',(8.980547935812,-69.04675709562,
    35.029986353547));
#8302 = CARTESIAN_POINT('',(7.308317191248,-67.72171914074,
    35.13420282191));
#8303 = CARTESIAN_POINT('',(5.397588523428,-66.81347016296,
    35.205638134767));
#8304 = CARTESIAN_POINT('',(3.367598207099,-66.35934344391,
    35.241355966603));
#8305 = CARTESIAN_POINT('',(1.337608529757,-66.35934344391,
    35.241355966603));
#8306 = ( BOUNDED_SURFACE() B_SPLINE_SURFACE(8,5,(
    (#8307,#8308,#8309,#8310,#8311,#8312,#8313,#8314,#8315,#8316,#8317
      ,#8318)
    ,(#8319,#8320,#8321,#8322,#8323,#8324,#8325,#8326,#8327,#8328,#8329
      ,#8330)
    ,(#8331,#8332,#8333,#8334,#8335,#8336,#8337,#8338,#8339,#8340,#8341
      ,#8342)
    ,(#8343,#8344,#8345,#8346,#8347,#8348,#8349,#8350,#8351,#8352,#8353
      ,#8354)
    ,(#8355,#8356,#8357,#8358,#8359,#8360,#8361,#8362,#8363,#8364,#8365
      ,#8366)
    ,(#8367,#8368,#8369,#8370,#8371,#8372,#8373,#8374,#8375,#8376,#8377
      ,#8378)
    ,(#8379,#8380,#8381,#8382,#8383,#8384,#8385,#8386,#8387,#8388,#8389
      ,#8390)
    ,(#8391,#8392,#8393,#8394,#8395,#8396,#8397,#8398,#8399,#8400,#8401
      ,#8402)
    ,(#8403,#8404,#8405,#8406,#8407,#8408,#8409,#8410,#8411,#8412,#8413
,#8414
    )),.UNSPECIFIED.,.F.,.F.,.F.) B_SPLINE_SURFACE_WITH_KNOTS((9,9),(6,3
    ,3,6),(0.,1.),(0.,0.140008746217,0.486487427334,1.),.UNSPECIFIED.) 
GEOMETRIC_REPRESENTATION_ITEM() RATIONAL_B_SPLINE_SURFACE((
    (1.,1.,1.,1.,1.,1.,1.,1.,1.,1.,1.,1.)
    ,(1.,1.,1.,1.,1.,1.,1.,1.,1.,1.,1.,1.)
    ,(1.,1.,1.,1.,1.,1.,1.,1.,1.,1.,1.,1.)
    ,(1.,1.,1.,1.,1.,1.,1.,1.,1.,1.,1.,1.)
    ,(1.,1.,1.,1.,1.,1.,1.,1.,1.,1.,1.,1.)
    ,(1.,1.,1.,1.,1.,1.,1.,1.,1.,1.,1.,1.)
    ,(1.,1.,1.,1.,1.,1.,1.,1.,1.,1.,1.,1.)
    ,(1.,1.,1.,1.,1.,1.,1.,1.,1.,1.,1.,1.)
,(1.,1.,1.,1.,1.,1.,1.,1.,1.,1.,1.,1.
))) REPRESENTATION_ITEM('') SURFACE() );
#8307 = CARTESIAN_POINT('',(84.2,-14.84770519288,86.839217371496));
#8308 = CARTESIAN_POINT('',(85.648339728765,-10.97466464179,
    83.272021177331));
#8309 = CARTESIAN_POINT('',(83.716017958389,-15.9435577042,
    81.048746026511));
#8310 = CARTESIAN_POINT('',(82.997809808768,-16.85102807035,
    78.3555645398));
#8311 = CARTESIAN_POINT('',(78.545637360611,-23.82765350595,
    69.94058797635));
#8312 = CARTESIAN_POINT('',(72.440555852886,-30.64872367093,
    62.864681071954));
#8313 = CARTESIAN_POINT('',(67.566263746915,-35.86620640268,
    58.49110588888));
#8314 = CARTESIAN_POINT('',(54.951346622946,-48.55018926372,
    48.762657633063));
#8315 = CARTESIAN_POINT('',(40.796829985464,-61.86629451122,
    41.802947070108));
#8316 = CARTESIAN_POINT('',(33.376660646324,-71.64071664754,
    38.613340186524));
#8317 = CARTESIAN_POINT('',(22.89420909574,-78.07120088174,
    35.394055256754));
#8318 = CARTESIAN_POINT('',(11.676261060145,-76.666165672,
    34.430707027316));
#8319 = CARTESIAN_POINT('',(84.2,-9.95407953385,87.224109277263));
#8320 = CARTESIAN_POINT('',(85.648339728767,-6.080976877007,
    83.65691796782));
#8321 = CARTESIAN_POINT('',(83.716017958386,-11.05003278046,
    81.433630009277));
#8322 = CARTESIAN_POINT('',(82.997809808769,-11.95731842217,
    78.740463051456));
#8323 = CARTESIAN_POINT('',(78.545637360609,-18.93432230196,
    70.32545672273));
#8324 = CARTESIAN_POINT('',(72.440555852889,-25.75435847658,
    63.249631143421));
#8325 = CARTESIAN_POINT('',(67.566263746912,-30.97548590275,
    58.875769298984));
#8326 = CARTESIAN_POINT('',(54.951346622951,-43.64073989688,
    49.148794100123));
#8327 = CARTESIAN_POINT('',(40.79682998546,-57.03151703444,
    42.183210467153));
#8328 = CARTESIAN_POINT('',(33.376660646329,-66.27368653894,
    39.035466150127));
#8329 = CARTESIAN_POINT('',(22.894209095738,-73.47280299844,
    35.755727000383));
#8330 = CARTESIAN_POINT('',(11.676261060145,-74.6424258599,
    34.589877574335));
#8331 = CARTESIAN_POINT('',(83.09848027597,-5.06045233444,
    87.609001304182));
#8332 = CARTESIAN_POINT('',(84.546806025171,-1.187287571824,
    84.041814879468));
#8333 = CARTESIAN_POINT('',(82.614520909151,-6.156506316374,
    81.818514113189));
#8334 = CARTESIAN_POINT('',(81.896271179389,-7.06360723358,
    79.125361684268));
#8335 = CARTESIAN_POINT('',(77.444183916281,-14.04098955769,
    70.710325590254));
#8336 = CARTESIAN_POINT('',(71.338869664804,-20.85999174162,
    63.634581336061));
#8337 = CARTESIAN_POINT('',(66.465397953182,-26.08476386337,
    59.260432830173));
#8338 = CARTESIAN_POINT('',(53.846265096787,-38.73128898467,
    49.534930688721));
#8339 = CARTESIAN_POINT('',(39.70855656142,-52.19673803581,
    42.563473983901));
#8340 = CARTESIAN_POINT('',(32.168581006392,-60.90665474094,
    39.457592246599));
#8341 = CARTESIAN_POINT('',(21.859143007667,-68.87440366768,
    36.117398857855));
#8342 = CARTESIAN_POINT('',(11.220731872861,-72.61868541078,
    34.749048171456));
#8343 = CARTESIAN_POINT('',(80.895451646786,-0.454325051799,
    87.971280978099));
#8344 = CARTESIAN_POINT('',(82.343749437034,3.418898167886,
    84.40409915112));
#8345 = CARTESIAN_POINT('',(80.411537629296,-1.55047385087,
    82.180786329587));
#8346 = CARTESIAN_POINT('',(79.693204739686,-2.457400896112,
    79.487647575976));
#8347 = CARTESIAN_POINT('',(75.241287845845,-9.435139430994,
    71.072583465394));
#8348 = CARTESIAN_POINT('',(69.135508109172,-16.25316837104,
    63.996915758462));
#8349 = CARTESIAN_POINT('',(64.263677178144,-21.481371063,
    59.622497432445));
#8350 = CARTESIAN_POINT('',(51.636112898359,-34.11026763016,
    49.8983818065));
#8351 = CARTESIAN_POINT('',(37.532020402081,-47.64600163034,
    42.921397071964));
#8352 = CARTESIAN_POINT('',(29.75243359205,-55.85493531399,
    39.854918493668));
#8353 = CARTESIAN_POINT('',(19.789020997691,-64.54615965752,
    36.457822544052));
#8354 = CARTESIAN_POINT('',(10.309677972395,-70.71383943134,
    34.898867518155));
#8355 = CARTESIAN_POINT('',(77.681468894497,3.57686356495,
    88.288340756942));
#8356 = CARTESIAN_POINT('',(79.129725895568,7.450137945067,
    84.721162953836));
#8357 = CARTESIAN_POINT('',(77.197621036871,2.480631783854,
    82.497839581742));
#8358 = CARTESIAN_POINT('',(76.479166825911,1.573856907809,
    79.804712796512));
#8359 = CARTESIAN_POINT('',(72.027498482569,-5.404193375472,
    71.389624166383));
#8360 = CARTESIAN_POINT('',(65.921039652825,-12.22137055233,
    64.314023452071));
#8361 = CARTESIAN_POINT('',(61.051602444987,-17.45257560935,
    59.939368984987));
#8362 = CARTESIAN_POINT('',(48.411737621655,-30.06604402559,
    50.216466809089));
#8363 = CARTESIAN_POINT('',(34.356687325119,-43.66328997915,
    43.234644055784));
#8364 = CARTESIAN_POINT('',(26.227533364258,-51.43377354415,
    40.202650318247));
#8365 = CARTESIAN_POINT('',(16.768934764133,-60.75816881103,
    36.75575440838));
#8366 = CARTESIAN_POINT('',(8.980547935812,-69.04675709562,
    35.029986353547));
#8367 = CARTESIAN_POINT('',(73.637830858377,6.78095121318,
    88.540347650626));
#8368 = CARTESIAN_POINT('',(75.086036541041,10.654266256867,
    84.973173045754));
#8369 = CARTESIAN_POINT('',(73.154066239027,5.684653475935,
    82.74984128788));
#8370 = CARTESIAN_POINT('',(72.435459388943,4.777999547702,
    80.056724015377));
#8371 = CARTESIAN_POINT('',(67.984103756773,-2.200298520853,
    71.641615896528));
#8372 = CARTESIAN_POINT('',(61.876790533376,-9.016798695436,
    64.566068429579));
#8373 = CARTESIAN_POINT('',(57.010364962687,-14.25039010588,
    60.191226271768));
#8374 = CARTESIAN_POINT('',(44.355024342118,-26.85159584915,
    50.469288575797));
#8375 = CARTESIAN_POINT('',(30.361675964723,-40.49773301286,
    43.483620446368));
#8376 = CARTESIAN_POINT('',(21.792717830715,-47.91972566293,
    40.479036106678));
#8377 = CARTESIAN_POINT('',(12.969245559895,-57.74738071933,
    36.992557966153));
#8378 = CARTESIAN_POINT('',(7.308317191248,-67.72171914074,
    35.13420282191));
#8379 = CARTESIAN_POINT('',(69.017478587605,8.977197230506,
    88.713086101425));
#8380 = CARTESIAN_POINT('',(70.465625632656,12.850540147087,
    85.145913688825));
#8381 = CARTESIAN_POINT('',(68.533809078224,7.880854283535,
    82.922576182841));
#8382 = CARTESIAN_POINT('',(67.815027819207,6.974283259133,
    80.229465430886));
#8383 = CARTESIAN_POINT('',(63.364029497871,-4.184654159632E-03,
    71.814343953453));
#8384 = CARTESIAN_POINT('',(57.255740024945,-6.82022077665,
    64.738832984991));
#8385 = CARTESIAN_POINT('',(52.392755619036,-12.05544791614,
    60.363862174337));
#8386 = CARTESIAN_POINT('',(39.719732002471,-24.64824819436,
    50.64258558234));
#8387 = CARTESIAN_POINT('',(25.796885633403,-38.32789790126,
    43.654281634936));
#8388 = CARTESIAN_POINT('',(16.725397304491,-45.51101700349,
    40.668485102349));
#8389 = CARTESIAN_POINT('',(8.627634741586,-55.6836321327,
    37.154875270721));
#8390 = CARTESIAN_POINT('',(5.397588523428,-66.81347016296,
    35.205638134767));
#8391 = CARTESIAN_POINT('',(64.108738521234,10.075325631953,
    88.799455750978));
#8392 = CARTESIAN_POINT('',(65.556823268715,13.94868248505,
    85.232284434497));
#8393 = CARTESIAN_POINT('',(63.625170058272,8.978960080006,
    83.008944054483));
#8394 = CARTESIAN_POINT('',(62.906203504271,8.072430507725,
    80.315836562796));
#8395 = CARTESIAN_POINT('',(58.455584795999,1.093877671647,
    71.900708406048));
#8396 = CARTESIAN_POINT('',(52.34625813914,-5.72192642366,64.82521568691
    ));
#8397 = CARTESIAN_POINT('',(47.486929684616,-10.95797143168,
    60.450180549517));
#8398 = CARTESIAN_POINT('',(34.795119355331,-23.54656895675,
    50.729234511146));
#8399 = CARTESIAN_POINT('',(20.947175507241,-37.24297501752,
    43.739612648257));
#8400 = CARTESIAN_POINT('',(11.341790635911,-44.30665675931,
    40.763210065382));
#8401 = CARTESIAN_POINT('',(4.015034288741,-54.65175277195,
    37.236034321566));
#8402 = CARTESIAN_POINT('',(3.367598207099,-66.35934344391,
    35.241355966603));
#8403 = CARTESIAN_POINT('',(59.2,10.075325631953,88.799455750977));
#8404 = CARTESIAN_POINT('',(60.648022449926,13.94868248505,
    85.232284434498));
#8405 = CARTESIAN_POINT('',(58.716532583429,8.978960080006,
    83.008944054483));
#8406 = CARTESIAN_POINT('',(57.997380734502,8.072430507725,
    80.315836562795));
#8407 = CARTESIAN_POINT('',(53.547141639171,1.093877671647,
    71.900708406049));
#8408 = CARTESIAN_POINT('',(47.436777798698,-5.72192642366,
    64.825215686908));
#8409 = CARTESIAN_POINT('',(42.581105294423,-10.95797143168,
    60.45018054952));
#8410 = CARTESIAN_POINT('',(29.870508258314,-23.54656895675,
    50.729234511139));
#8411 = CARTESIAN_POINT('',(16.097466907643,-37.24297501752,
    43.739612648264));
#8412 = CARTESIAN_POINT('',(5.95818566193,-44.30665675931,
    40.763210065374));
#8413 = CARTESIAN_POINT('',(-0.597564712179,-54.65175277195,
    37.236034321569));
#8414 = CARTESIAN_POINT('',(1.337608529757,-66.35934344391,
    35.241355966603));
#8415 = ADVANCED_FACE('',(#8416),#8449,.T.);
#8416 = FACE_BOUND('',#8417,.T.);
#8417 = EDGE_LOOP('',(#8418,#8435,#8436,#8437));
#8418 = ORIENTED_EDGE('',*,*,#8419,.F.);
#8419 = EDGE_CURVE('',#7720,#8420,#8422,.T.);
#8420 = VERTEX_POINT('',#8421);
#8421 = CARTESIAN_POINT('',(11.676261060145,-78.95657061157,
    34.250562818585));
#8422 = ( BOUNDED_CURVE() B_SPLINE_CURVE(5,(#8423,#8424,#8425,#8426,
    #8427,#8428,#8429,#8430,#8431,#8432,#8433,#8434),.UNSPECIFIED.,.F.,
.F.) B_SPLINE_CURVE_WITH_KNOTS((6,3,3,6),(0.,0.140008746217,
0.486487427334,1.),.UNSPECIFIED.) CURVE() GEOMETRIC_REPRESENTATION_ITEM(
) RATIONAL_B_SPLINE_CURVE((1.,1.,1.,1.,1.,1.,1.,1.,1.,1.,1.,1.)) 
REPRESENTATION_ITEM('') );
#8423 = CARTESIAN_POINT('',(84.2,-132.484410686,77.586892220344));
#8424 = CARTESIAN_POINT('',(85.648339728765,-133.6473380973,
    73.623608658357));
#8425 = CARTESIAN_POINT('',(83.716017958389,-131.5174225998,
    71.958666765053));
#8426 = CARTESIAN_POINT('',(82.997809808769,-130.6446016982,
    69.405508187042));
#8427 = CARTESIAN_POINT('',(78.54563736061,-125.8332860674,
    61.917673055779));
#8428 = CARTESIAN_POINT('',(72.440555852887,-119.84056096,
    55.849592745842));
#8429 = CARTESIAN_POINT('',(67.566263746914,-115.2047255448,
    52.250997641743));
#8430 = CARTESIAN_POINT('',(54.951346622947,-103.2812508554,
    44.457967395513));
#8431 = CARTESIAN_POINT('',(40.796829985463,-90.76011640329,
    39.530399280844));
#8432 = CARTESIAN_POINT('',(33.376660646325,-81.35455992967,
    37.849330040739));
#8433 = CARTESIAN_POINT('',(22.894209095739,-75.83834171747,
    35.569673393269));
#8434 = CARTESIAN_POINT('',(11.676261060145,-78.95657061157,
    34.250562818585));
#8435 = ORIENTED_EDGE('',*,*,#7746,.F.);
#8436 = ORIENTED_EDGE('',*,*,#8260,.T.);
#8437 = ORIENTED_EDGE('',*,*,#8438,.F.);
#8438 = EDGE_CURVE('',#8420,#8261,#8439,.T.);
#8439 = B_SPLINE_CURVE_WITH_KNOTS('',8,(#8440,#8441,#8442,#8443,#8444,
    #8445,#8446,#8447,#8448),.UNSPECIFIED.,.F.,.F.,(9,9),(7.,8.),
  .PIECEWISE_BEZIER_KNOTS.);
#8440 = CARTESIAN_POINT('',(11.676261060145,-78.95657061157,
    34.250562818585));
#8441 = CARTESIAN_POINT('',(11.676261060145,-78.67026999412,
    34.273080844677));
#8442 = CARTESIAN_POINT('',(11.676261060145,-78.38396937668,
    34.295598870768));
#8443 = CARTESIAN_POINT('',(11.676261060145,-78.09766875923,
    34.318116896859));
#8444 = CARTESIAN_POINT('',(11.676261060145,-77.81136814178,
    34.340634922951));
#8445 = CARTESIAN_POINT('',(11.676261060145,-77.52506752434,
    34.363152949042));
#8446 = CARTESIAN_POINT('',(11.676261060145,-77.23876690689,
    34.385670975133));
#8447 = CARTESIAN_POINT('',(11.676261060145,-76.95246628944,
    34.408189001224));
#8448 = CARTESIAN_POINT('',(11.676261060145,-76.666165672,
    34.430707027316));
#8449 = ( BOUNDED_SURFACE() B_SPLINE_SURFACE(8,5,(
    (#8450,#8451,#8452,#8453,#8454,#8455,#8456,#8457,#8458,#8459,#8460
      ,#8461)
    ,(#8462,#8463,#8464,#8465,#8466,#8467,#8468,#8469,#8470,#8471,#8472
      ,#8473)
    ,(#8474,#8475,#8476,#8477,#8478,#8479,#8480,#8481,#8482,#8483,#8484
      ,#8485)
    ,(#8486,#8487,#8488,#8489,#8490,#8491,#8492,#8493,#8494,#8495,#8496
      ,#8497)
    ,(#8498,#8499,#8500,#8501,#8502,#8503,#8504,#8505,#8506,#8507,#8508
      ,#8509)
    ,(#8510,#8511,#8512,#8513,#8514,#8515,#8516,#8517,#8518,#8519,#8520
      ,#8521)
    ,(#8522,#8523,#8524,#8525,#8526,#8527,#8528,#8529,#8530,#8531,#8532
      ,#8533)
    ,(#8534,#8535,#8536,#8537,#8538,#8539,#8540,#8541,#8542,#8543,#8544
      ,#8545)
    ,(#8546,#8547,#8548,#8549,#8550,#8551,#8552,#8553,#8554,#8555,#8556
,#8557
    )),.UNSPECIFIED.,.F.,.F.,.F.) B_SPLINE_SURFACE_WITH_KNOTS((9,9),(6,3
    ,3,6),(7.,8.),(0.,0.140008746217,0.486487427334,1.),.UNSPECIFIED.) 
GEOMETRIC_REPRESENTATION_ITEM() RATIONAL_B_SPLINE_SURFACE((
    (1.,1.,1.,1.,1.,1.,1.,1.,1.,1.,1.,1.)
    ,(1.,1.,1.,1.,1.,1.,1.,1.,1.,1.,1.,1.)
    ,(1.,1.,1.,1.,1.,1.,1.,1.,1.,1.,1.,1.)
    ,(1.,1.,1.,1.,1.,1.,1.,1.,1.,1.,1.,1.)
    ,(1.,1.,1.,1.,1.,1.,1.,1.,1.,1.,1.,1.)
    ,(1.,1.,1.,1.,1.,1.,1.,1.,1.,1.,1.,1.)
    ,(1.,1.,1.,1.,1.,1.,1.,1.,1.,1.,1.,1.)
    ,(1.,1.,1.,1.,1.,1.,1.,1.,1.,1.,1.,1.)
,(1.,1.,1.,1.,1.,1.,1.,1.,1.,1.,1.,1.
))) REPRESENTATION_ITEM('') SURFACE() );
#8450 = CARTESIAN_POINT('',(84.2,-132.484410686,77.586892220344));
#8451 = CARTESIAN_POINT('',(85.648339728765,-133.6473380973,
    73.623608658357));
#8452 = CARTESIAN_POINT('',(83.716017958389,-131.5174225998,
    71.958666765053));
#8453 = CARTESIAN_POINT('',(82.997809808769,-130.6446016982,
    69.405508187042));
#8454 = CARTESIAN_POINT('',(78.54563736061,-125.8332860674,
    61.917673055779));
#8455 = CARTESIAN_POINT('',(72.440555852887,-119.84056096,
    55.849592745842));
#8456 = CARTESIAN_POINT('',(67.566263746914,-115.2047255448,
    52.250997641743));
#8457 = CARTESIAN_POINT('',(54.951346622947,-103.2812508554,
    44.457967395513));
#8458 = CARTESIAN_POINT('',(40.796829985463,-90.76011640329,
    39.530399280844));
#8459 = CARTESIAN_POINT('',(33.376660646325,-81.35455992967,
    37.849330040739));
#8460 = CARTESIAN_POINT('',(22.894209095739,-75.83834171747,
    35.569673393269));
#8461 = CARTESIAN_POINT('',(11.676261060145,-78.95657061157,
    34.250562818585));
#8462 = CARTESIAN_POINT('',(84.2,-117.7798224994,78.743432864238));
#8463 = CARTESIAN_POINT('',(85.648339728764,-118.3132539153,
    74.829660223229));
#8464 = CARTESIAN_POINT('',(83.71601795839,-117.0706894879,
    73.094926672735));
#8465 = CARTESIAN_POINT('',(82.997809808768,-116.4204049947,
    70.524265231137));
#8466 = CARTESIAN_POINT('',(78.545637360611,-113.0825819973,
    62.920537420851));
#8467 = CARTESIAN_POINT('',(72.440555852885,-108.6915812989,
    56.726478786606));
#8468 = CARTESIAN_POINT('',(67.566263746916,-105.287410652,
    53.031011172635));
#8469 = CARTESIAN_POINT('',(54.951346622945,-96.43986815647,
    44.996053675206));
#8470 = CARTESIAN_POINT('',(40.796829985465,-87.14838866678,
    39.814467754502));
#8471 = CARTESIAN_POINT('',(33.376660646323,-80.14032951941,
    37.944831308962));
#8472 = CARTESIAN_POINT('',(22.89420909574,-76.11744911301,
    35.547721126205));
#8473 = CARTESIAN_POINT('',(11.676261060145,-78.67026999412,
    34.273080844677));
#8474 = CARTESIAN_POINT('',(84.2,-103.0752343127,79.899973508132));
#8475 = CARTESIAN_POINT('',(85.648339728764,-102.9791697334,
    76.035711788101));
#8476 = CARTESIAN_POINT('',(83.71601795839,-102.6239563759,
    74.231186580418));
#8477 = CARTESIAN_POINT('',(82.997809808768,-102.1962082913,
    71.643022275231));
#8478 = CARTESIAN_POINT('',(78.545637360611,-100.3318779271,
    63.923401785922));
#8479 = CARTESIAN_POINT('',(72.440555852885,-97.54260163778,
    57.60336482737));
#8480 = CARTESIAN_POINT('',(67.566263746916,-95.3700957593,
    53.811024703528));
#8481 = CARTESIAN_POINT('',(54.951346622945,-89.59848545751,
    45.5341399549));
#8482 = CARTESIAN_POINT('',(40.796829985465,-83.53666093026,
    40.09853622816));
#8483 = CARTESIAN_POINT('',(33.376660646323,-78.92609910915,
    38.040332577185));
#8484 = CARTESIAN_POINT('',(22.89420909574,-76.39655650854,
    35.52576885914));
#8485 = CARTESIAN_POINT('',(11.676261060145,-78.38396937668,
    34.295598870768));
#8486 = CARTESIAN_POINT('',(84.2,-88.37064612614,81.056514152026));
#8487 = CARTESIAN_POINT('',(85.648339728764,-87.64508555149,
    77.241763352972));
#8488 = CARTESIAN_POINT('',(83.71601795839,-88.177223264,75.3674464881)
  );
#8489 = CARTESIAN_POINT('',(82.997809808768,-87.9720115878,
    72.761779319326));
#8490 = CARTESIAN_POINT('',(78.545637360611,-87.58117385691,
    64.926266150994));
#8491 = CARTESIAN_POINT('',(72.440555852885,-86.39362197664,
    58.480250868134));
#8492 = CARTESIAN_POINT('',(67.566263746916,-85.45278086653,
    54.59103823442));
#8493 = CARTESIAN_POINT('',(54.951346622945,-82.75710275854,
    46.072226234594));
#8494 = CARTESIAN_POINT('',(40.796829985465,-79.92493319376,
    40.382604701818));
#8495 = CARTESIAN_POINT('',(33.376660646323,-77.71186869887,
    38.135833845408));
#8496 = CARTESIAN_POINT('',(22.89420909574,-76.67566390407,
    35.503816592076));
#8497 = CARTESIAN_POINT('',(11.676261060145,-78.09766875923,
    34.318116896859));
#8498 = CARTESIAN_POINT('',(84.2,-73.66605793948,82.21305479592));
#8499 = CARTESIAN_POINT('',(85.648339728764,-72.31100136955,
    78.447814917844));
#8500 = CARTESIAN_POINT('',(83.71601795839,-73.73049015204,
    76.503706395782));
#8501 = CARTESIAN_POINT('',(82.997809808768,-73.74781488431,
    73.880536363421));
#8502 = CARTESIAN_POINT('',(78.545637360611,-74.83046978672,
    65.929130516065));
#8503 = CARTESIAN_POINT('',(72.440555852885,-75.2446423155,
    59.357136908898));
#8504 = CARTESIAN_POINT('',(67.566263746916,-75.53546597376,
    55.371051765312));
#8505 = CARTESIAN_POINT('',(54.951346622945,-75.91572005958,
    46.610312514288));
#8506 = CARTESIAN_POINT('',(40.796829985465,-76.31320545725,
    40.666673175476));
#8507 = CARTESIAN_POINT('',(33.376660646323,-76.49763828861,
    38.231335113631));
#8508 = CARTESIAN_POINT('',(22.89420909574,-76.95477129961,
    35.481864325011));
#8509 = CARTESIAN_POINT('',(11.676261060145,-77.81136814178,
    34.340634922951));
#8510 = CARTESIAN_POINT('',(84.2,-58.96146975283,83.369595439814));
#8511 = CARTESIAN_POINT('',(85.648339728764,-56.97691718761,
    79.653866482716));
#8512 = CARTESIAN_POINT('',(83.71601795839,-59.28375704008,
    77.639966303464));
#8513 = CARTESIAN_POINT('',(82.997809808768,-59.52361818082,
    74.999293407516));
#8514 = CARTESIAN_POINT('',(78.545637360611,-62.07976571653,
    66.931994881136));
#8515 = CARTESIAN_POINT('',(72.440555852885,-64.09566265435,
    60.234022949662));
#8516 = CARTESIAN_POINT('',(67.566263746916,-65.61815108099,
    56.151065296204));
#8517 = CARTESIAN_POINT('',(54.951346622945,-69.07433736061,
    47.148398793982));
#8518 = CARTESIAN_POINT('',(40.796829985465,-72.70147772074,
    40.950741649134));
#8519 = CARTESIAN_POINT('',(33.376660646323,-75.28340787834,
    38.326836381855));
#8520 = CARTESIAN_POINT('',(22.89420909574,-77.23387869514,
    35.459912057947));
#8521 = CARTESIAN_POINT('',(11.676261060145,-77.52506752434,
    34.363152949042));
#8522 = CARTESIAN_POINT('',(84.2,-44.25688156618,84.526136083708));
#8523 = CARTESIAN_POINT('',(85.648339728764,-41.64283300567,
    80.859918047587));
#8524 = CARTESIAN_POINT('',(83.71601795839,-44.83702392812,
    78.776226211147));
#8525 = CARTESIAN_POINT('',(82.997809808768,-45.29942147733,
    76.118050451611));
#8526 = CARTESIAN_POINT('',(78.545637360612,-49.32906164633,
    67.934859246208));
#8527 = CARTESIAN_POINT('',(72.440555852885,-52.94668299321,
    61.110908990426));
#8528 = CARTESIAN_POINT('',(67.566263746916,-55.70083618822,
    56.931078827096));
#8529 = CARTESIAN_POINT('',(54.951346622944,-62.23295466165,
    47.686485073675));
#8530 = CARTESIAN_POINT('',(40.796829985466,-69.08974998423,
    41.234810122792));
#8531 = CARTESIAN_POINT('',(33.376660646322,-74.06917746808,
    38.422337650078));
#8532 = CARTESIAN_POINT('',(22.894209095741,-77.51298609067,
    35.437959790883));
#8533 = CARTESIAN_POINT('',(11.676261060145,-77.23876690689,
    34.385670975133));
#8534 = CARTESIAN_POINT('',(84.2,-29.55229337953,85.682676727602));
#8535 = CARTESIAN_POINT('',(85.648339728764,-26.30874882373,
    82.065969612459));
#8536 = CARTESIAN_POINT('',(83.71601795839,-30.39029081616,
    79.912486118829));
#8537 = CARTESIAN_POINT('',(82.997809808768,-31.07522477384,
    77.236807495705));
#8538 = CARTESIAN_POINT('',(78.545637360611,-36.57835757614,
    68.937723611279));
#8539 = CARTESIAN_POINT('',(72.440555852886,-41.79770333207,
    61.98779503119));
#8540 = CARTESIAN_POINT('',(67.566263746915,-45.78352129545,
    57.711092357988));
#8541 = CARTESIAN_POINT('',(54.951346622945,-55.39157196269,
    48.224571353369));
#8542 = CARTESIAN_POINT('',(40.796829985465,-65.47802224772,
    41.51887859645));
#8543 = CARTESIAN_POINT('',(33.376660646323,-72.85494705781,
    38.517838918301));
#8544 = CARTESIAN_POINT('',(22.89420909574,-77.7920934862,
    35.416007523818));
#8545 = CARTESIAN_POINT('',(11.676261060145,-76.95246628944,
    34.408189001224));
#8546 = CARTESIAN_POINT('',(84.2,-14.84770519288,86.839217371496));
#8547 = CARTESIAN_POINT('',(85.648339728764,-10.97466464179,
    83.272021177331));
#8548 = CARTESIAN_POINT('',(83.716017958389,-15.9435577042,
    81.048746026511));
#8549 = CARTESIAN_POINT('',(82.997809808768,-16.85102807035,
    78.3555645398));
#8550 = CARTESIAN_POINT('',(78.545637360611,-23.82765350595,
    69.94058797635));
#8551 = CARTESIAN_POINT('',(72.440555852886,-30.64872367093,
    62.864681071954));
#8552 = CARTESIAN_POINT('',(67.566263746915,-35.86620640268,
    58.49110588888));
#8553 = CARTESIAN_POINT('',(54.951346622945,-48.55018926372,
    48.762657633063));
#8554 = CARTESIAN_POINT('',(40.796829985465,-61.86629451121,
    41.802947070108));
#8555 = CARTESIAN_POINT('',(33.376660646323,-71.64071664754,
    38.613340186524));
#8556 = CARTESIAN_POINT('',(22.89420909574,-78.07120088174,
    35.394055256754));
#8557 = CARTESIAN_POINT('',(11.676261060145,-76.666165672,
    34.430707027316));
#8558 = ADVANCED_FACE('',(#8559),#8592,.T.);
#8559 = FACE_BOUND('',#8560,.T.);
#8560 = EDGE_LOOP('',(#8561,#8578,#8579,#8580));
#8561 = ORIENTED_EDGE('',*,*,#8562,.F.);
#8562 = EDGE_CURVE('',#7710,#8563,#8565,.T.);
#8563 = VERTEX_POINT('',#8564);
#8564 = CARTESIAN_POINT('',(1.337608529757,-89.26339283965,
    33.439913879298));
#8565 = ( BOUNDED_CURVE() B_SPLINE_CURVE(5,(#8566,#8567,#8568,#8569,
    #8570,#8571,#8572,#8573,#8574,#8575,#8576,#8577),.UNSPECIFIED.,.F.,
.F.) B_SPLINE_CURVE_WITH_KNOTS((6,3,3,6),(0.,0.140008746217,
0.486487427334,1.),.UNSPECIFIED.) CURVE() GEOMETRIC_REPRESENTATION_ITEM(
) RATIONAL_B_SPLINE_CURVE((1.,1.,1.,1.,1.,1.,1.,1.,1.,1.,1.,1.)) 
REPRESENTATION_ITEM('') );
#8566 = CARTESIAN_POINT('',(59.2,-157.4074415109,75.626653840863));
#8567 = CARTESIAN_POINT('',(60.648022449926,-158.5706852241,
    71.66334540119));
#8568 = CARTESIAN_POINT('',(58.716532583428,-156.439940384,
    69.998468737082));
#8569 = CARTESIAN_POINT('',(57.997380734502,-155.5680602763,
    67.445236164047));
#8570 = CARTESIAN_POINT('',(53.54714163917,-150.754817245,
    59.957552626081));
#8571 = CARTESIAN_POINT('',(47.436777798699,-144.7673582073,
    53.889058130888));
#8572 = CARTESIAN_POINT('',(42.581105294423,-140.1129605158,
    50.291922981104));
#8573 = CARTESIAN_POINT('',(29.870508258315,-128.2848711624,
    42.491390517436));
#8574 = CARTESIAN_POINT('',(16.097466907642,-115.3834358969,
    37.593733702689));
#8575 = CARTESIAN_POINT('',(5.958185661931,-108.6886198179,
    35.699460161888));
#8576 = CARTESIAN_POINT('',(-0.597564712179,-99.25778982726,
    33.727694328454));
#8577 = CARTESIAN_POINT('',(1.337608529757,-89.26339283965,
    33.439913879298));
#8578 = ORIENTED_EDGE('',*,*,#7719,.F.);
#8579 = ORIENTED_EDGE('',*,*,#8419,.T.);
#8580 = ORIENTED_EDGE('',*,*,#8581,.F.);
#8581 = EDGE_CURVE('',#8563,#8420,#8582,.T.);
#8582 = B_SPLINE_CURVE_WITH_KNOTS('',8,(#8583,#8584,#8585,#8586,#8587,
    #8588,#8589,#8590,#8591),.UNSPECIFIED.,.F.,.F.,(9,9),(6.,7.),
  .PIECEWISE_BEZIER_KNOTS.);
#8583 = CARTESIAN_POINT('',(1.337608529757,-89.26339283965,
    33.439913879298));
#8584 = CARTESIAN_POINT('',(3.367598207099,-89.26339283965,
    33.439913879298));
#8585 = CARTESIAN_POINT('',(5.397588523428,-88.8092661206,
    33.475631711133));
#8586 = CARTESIAN_POINT('',(7.308317191248,-87.90101714282,
    33.547067023993));
#8587 = CARTESIAN_POINT('',(8.980547935812,-86.57597918795,
    33.651283492352));
#8588 = CARTESIAN_POINT('',(10.309677972395,-84.90889685223,
    33.782402327748));
#8589 = CARTESIAN_POINT('',(11.220731872861,-83.00405087279,
    33.932221674444));
#8590 = CARTESIAN_POINT('',(11.676261060145,-80.98031042367,
    34.091392271566));
#8591 = CARTESIAN_POINT('',(11.676261060145,-78.95657061157,
    34.250562818585));
#8592 = ( BOUNDED_SURFACE() B_SPLINE_SURFACE(8,5,(
    (#8593,#8594,#8595,#8596,#8597,#8598,#8599,#8600,#8601,#8602,#8603
      ,#8604)
    ,(#8605,#8606,#8607,#8608,#8609,#8610,#8611,#8612,#8613,#8614,#8615
      ,#8616)
    ,(#8617,#8618,#8619,#8620,#8621,#8622,#8623,#8624,#8625,#8626,#8627
      ,#8628)
    ,(#8629,#8630,#8631,#8632,#8633,#8634,#8635,#8636,#8637,#8638,#8639
      ,#8640)
    ,(#8641,#8642,#8643,#8644,#8645,#8646,#8647,#8648,#8649,#8650,#8651
      ,#8652)
    ,(#8653,#8654,#8655,#8656,#8657,#8658,#8659,#8660,#8661,#8662,#8663
      ,#8664)
    ,(#8665,#8666,#8667,#8668,#8669,#8670,#8671,#8672,#8673,#8674,#8675
      ,#8676)
    ,(#8677,#8678,#8679,#8680,#8681,#8682,#8683,#8684,#8685,#8686,#8687
      ,#8688)
    ,(#8689,#8690,#8691,#8692,#8693,#8694,#8695,#8696,#8697,#8698,#8699
,#8700
    )),.UNSPECIFIED.,.F.,.F.,.F.) B_SPLINE_SURFACE_WITH_KNOTS((9,9),(6,3
    ,3,6),(6.,7.),(0.,0.140008746217,0.486487427334,1.),.UNSPECIFIED.) 
GEOMETRIC_REPRESENTATION_ITEM() RATIONAL_B_SPLINE_SURFACE((
    (1.,1.,1.,1.,1.,1.,1.,1.,1.,1.,1.,1.)
    ,(1.,1.,1.,1.,1.,1.,1.,1.,1.,1.,1.,1.)
    ,(1.,1.,1.,1.,1.,1.,1.,1.,1.,1.,1.,1.)
    ,(1.,1.,1.,1.,1.,1.,1.,1.,1.,1.,1.,1.)
    ,(1.,1.,1.,1.,1.,1.,1.,1.,1.,1.,1.,1.)
    ,(1.,1.,1.,1.,1.,1.,1.,1.,1.,1.,1.,1.)
    ,(1.,1.,1.,1.,1.,1.,1.,1.,1.,1.,1.,1.)
    ,(1.,1.,1.,1.,1.,1.,1.,1.,1.,1.,1.,1.)
,(1.,1.,1.,1.,1.,1.,1.,1.,1.,1.,1.,1.
))) REPRESENTATION_ITEM('') SURFACE() );
#8593 = CARTESIAN_POINT('',(59.2,-157.4074415109,75.626653840863));
#8594 = CARTESIAN_POINT('',(60.648022449926,-158.5706852241,
    71.66334540119));
#8595 = CARTESIAN_POINT('',(58.716532583428,-156.439940384,
    69.998468737082));
#8596 = CARTESIAN_POINT('',(57.997380734502,-155.5680602763,
    67.445236164047));
#8597 = CARTESIAN_POINT('',(53.54714163917,-150.754817245,
    59.957552626081));
#8598 = CARTESIAN_POINT('',(47.436777798699,-144.7673582073,
    53.889058130888));
#8599 = CARTESIAN_POINT('',(42.581105294423,-140.1129605158,
    50.291922981104));
#8600 = CARTESIAN_POINT('',(29.870508258315,-128.2848711624,
    42.491390517436));
#8601 = CARTESIAN_POINT('',(16.097466907642,-115.3834358969,
    37.593733702689));
#8602 = CARTESIAN_POINT('',(5.958185661931,-108.6886198179,
    35.699460161888));
#8603 = CARTESIAN_POINT('',(-0.597564712179,-99.25778982726,
    33.727694328454));
#8604 = CARTESIAN_POINT('',(1.337608529757,-89.26339283965,
    33.439913879298));
#8605 = CARTESIAN_POINT('',(64.108738521234,-157.4074415109,
    75.626653840863));
#8606 = CARTESIAN_POINT('',(65.556823268715,-158.5706852241,
    71.66334540119));
#8607 = CARTESIAN_POINT('',(63.625170058271,-156.439940384,
    69.99846873708));
#8608 = CARTESIAN_POINT('',(62.906203504272,-155.5680602763,
    67.445236164048));
#8609 = CARTESIAN_POINT('',(58.455584795999,-150.754817245,
    59.957552626078));
#8610 = CARTESIAN_POINT('',(52.346258139139,-144.7673582073,
    53.889058130892));
#8611 = CARTESIAN_POINT('',(47.486929684615,-140.1129605158,
    50.291922981097));
#8612 = CARTESIAN_POINT('',(34.795119355332,-128.2848711624,
    42.491390517446));
#8613 = CARTESIAN_POINT('',(20.947175507241,-115.3834358969,
    37.593733702679));
#8614 = CARTESIAN_POINT('',(11.34179063591,-108.6886198179,
    35.699460161899));
#8615 = CARTESIAN_POINT('',(4.015034288741,-99.25778982727,
    33.727694328449));
#8616 = CARTESIAN_POINT('',(3.367598207099,-89.26339283965,
    33.439913879298));
#8617 = CARTESIAN_POINT('',(69.017478587606,-156.3093131094,
    75.713023490416));
#8618 = CARTESIAN_POINT('',(70.465625632661,-157.4725428862,
    71.749716146884));
#8619 = CARTESIAN_POINT('',(68.533809078221,-155.3418345875,
    70.084836608706));
#8620 = CARTESIAN_POINT('',(67.815027819207,-154.4699130277,
    67.53160729596));
#8621 = CARTESIAN_POINT('',(63.36402949787,-149.6567549192,
    60.043917078668));
#8622 = CARTESIAN_POINT('',(57.255740024949,-143.6690638543,
    53.975440832812));
#8623 = CARTESIAN_POINT('',(52.392755619039,-139.0154840313,
    50.378241356287));
#8624 = CARTESIAN_POINT('',(39.719732002469,-127.1831919248,
    42.578039446236));
#8625 = CARTESIAN_POINT('',(25.796885633404,-114.2985130132,
    37.679064716016));
#8626 = CARTESIAN_POINT('',(16.725397304492,-107.4842595737,
    35.794185124915));
#8627 = CARTESIAN_POINT('',(8.627634741586,-98.2259104665,
    33.808853379299));
#8628 = CARTESIAN_POINT('',(5.397588523428,-88.8092661206,
    33.475631711133));
#8629 = CARTESIAN_POINT('',(73.637830858376,-154.1130670921,
    75.885761941214));
#8630 = CARTESIAN_POINT('',(75.086036541034,-155.2762689958,
    71.922456789905));
#8631 = CARTESIAN_POINT('',(73.154066239031,-153.14563378,
    70.257571503706));
#8632 = CARTESIAN_POINT('',(72.435459388942,-152.2736293163,
    67.704348711463));
#8633 = CARTESIAN_POINT('',(67.984103756779,-147.4606410525,
    60.216645135606));
#8634 = CARTESIAN_POINT('',(61.876790533364,-141.4724859355,
    54.14820538822));
#8635 = CARTESIAN_POINT('',(57.010364962689,-136.8205418416,
    50.550877258838));
#8636 = CARTESIAN_POINT('',(44.355024342111,-124.97984427,
    42.751336452809));
#8637 = CARTESIAN_POINT('',(30.361675964732,-112.1286779016,
    37.849725904555));
#8638 = CARTESIAN_POINT('',(21.792717830702,-105.0755509142,
    35.983634120615));
#8639 = CARTESIAN_POINT('',(12.969245559901,-96.1621618799,
    33.97117068386));
#8640 = CARTESIAN_POINT('',(7.308317191248,-87.90101714282,
    33.547067023993));
#8641 = CARTESIAN_POINT('',(77.681468894498,-150.9089794439,
    76.137768834899));
#8642 = CARTESIAN_POINT('',(79.129725895575,-152.0721406842,
    72.174466881887));
#8643 = CARTESIAN_POINT('',(77.197621036865,-149.9416120878,
    70.509573209795));
#8644 = CARTESIAN_POINT('',(76.479166825914,-149.0694866764,
    67.956359930336));
#8645 = CARTESIAN_POINT('',(72.027498482557,-144.2567461979,
    60.468636865733));
#8646 = CARTESIAN_POINT('',(65.921039652846,-138.2679140786,
    54.400250365733));
#8647 = CARTESIAN_POINT('',(61.051602444976,-133.6183563381,
    50.802734545644));
#8648 = CARTESIAN_POINT('',(48.411737621677,-121.7653960935,
    43.004158219475));
#8649 = CARTESIAN_POINT('',(34.356687325096,-108.9631209353,
    38.09870229518));
#8650 = CARTESIAN_POINT('',(26.22753336429,-101.5615030331,
    36.260019909007));
#8651 = CARTESIAN_POINT('',(16.768934764118,-93.15137378815,
    34.207974241641));
#8652 = CARTESIAN_POINT('',(8.980547935812,-86.57597918795,
    33.651283492352));
#8653 = CARTESIAN_POINT('',(80.895451646786,-146.8777908271,
    76.454828613741));
#8654 = CARTESIAN_POINT('',(82.34374943703,-148.0409009069,
    72.491530684544));
#8655 = CARTESIAN_POINT('',(80.411537629302,-145.9105064532,
    70.826626461995));
#8656 = CARTESIAN_POINT('',(79.693204739682,-145.0382288725,
    68.273425150864));
#8657 = CARTESIAN_POINT('',(75.241287845859,-140.2258001424,
    60.785677566741));
#8658 = CARTESIAN_POINT('',(69.135508109149,-134.2361162599,
    54.717358059335));
#8659 = CARTESIAN_POINT('',(64.263677178159,-129.5895608845,
    51.119606098164));
#8660 = CARTESIAN_POINT('',(51.636112898331,-117.7211724889,
    43.322243222101));
#8661 = CARTESIAN_POINT('',(37.532020402108,-104.9804092841,
    38.411949278963));
#8662 = CARTESIAN_POINT('',(29.752433592013,-97.1403412632,
    36.607751733621));
#8663 = CARTESIAN_POINT('',(19.789020997708,-89.36338294172,
    34.505906105964));
#8664 = CARTESIAN_POINT('',(10.309677972395,-84.90889685223,
    33.782402327748));
#8665 = CARTESIAN_POINT('',(83.098480275969,-142.2716635445,
    76.817108287658));
#8666 = CARTESIAN_POINT('',(84.546806025172,-143.4347151673,
    72.853814956238));
#8667 = CARTESIAN_POINT('',(82.614520909146,-141.3044739876,
    71.188898678359));
#8668 = CARTESIAN_POINT('',(81.896271179392,-140.432022535,
    68.63571104258));
#8669 = CARTESIAN_POINT('',(77.444183916271,-135.6199500157,
    61.147935441866));
#8670 = CARTESIAN_POINT('',(71.338869664818,-129.6292928893,
    55.079692481744));
#8671 = CARTESIAN_POINT('',(66.465397953171,-124.9861680841,
    51.481670700449));
#8672 = CARTESIAN_POINT('',(53.846265096806,-113.1001511345,
    43.685694339858));
#8673 = CARTESIAN_POINT('',(39.708556561402,-100.4296728786,
    38.769872367047));
#8674 = CARTESIAN_POINT('',(32.168581006416,-92.08862183629,
    37.00507798067));
#8675 = CARTESIAN_POINT('',(21.859143007656,-85.03513893152,
    34.846329792162));
#8676 = CARTESIAN_POINT('',(11.220731872861,-83.00405087279,
    33.932221674444));
#8677 = CARTESIAN_POINT('',(84.2,-137.3780363451,77.202000314578));
#8678 = CARTESIAN_POINT('',(85.648339728767,-138.541025862,
    73.238711867869));
#8679 = CARTESIAN_POINT('',(83.716017958388,-136.4109475236,
    71.573782782286));
#8680 = CARTESIAN_POINT('',(82.997809808768,-135.5383113464,
    69.020609675388));
#8681 = CARTESIAN_POINT('',(78.545637360613,-130.7266172714,
    61.532804309396));
#8682 = CARTESIAN_POINT('',(72.440555852884,-124.7349261544,
    55.46464267438));
#8683 = CARTESIAN_POINT('',(67.566263746916,-120.0954460447,
    51.866334231632));
#8684 = CARTESIAN_POINT('',(54.951346622943,-108.1907002222,
    44.071830928466));
#8685 = CARTESIAN_POINT('',(40.796829985467,-95.59489388007,
    39.150135883786));
#8686 = CARTESIAN_POINT('',(33.37666064632,-86.72159003827,
    37.42720407715));
#8687 = CARTESIAN_POINT('',(22.894209095742,-80.43673960078,
    35.208001649634));
#8688 = CARTESIAN_POINT('',(11.676261060145,-80.98031042367,
    34.091392271566));
#8689 = CARTESIAN_POINT('',(84.2,-132.484410686,77.586892220344));
#8690 = CARTESIAN_POINT('',(85.648339728765,-133.6473380973,
    73.623608658357));
#8691 = CARTESIAN_POINT('',(83.716017958389,-131.5174225998,
    71.958666765053));
#8692 = CARTESIAN_POINT('',(82.997809808769,-130.6446016982,
    69.405508187042));
#8693 = CARTESIAN_POINT('',(78.54563736061,-125.8332860674,
    61.917673055779));
#8694 = CARTESIAN_POINT('',(72.440555852887,-119.84056096,
    55.849592745842));
#8695 = CARTESIAN_POINT('',(67.566263746914,-115.2047255448,
    52.250997641743));
#8696 = CARTESIAN_POINT('',(54.951346622947,-103.2812508554,
    44.457967395513));
#8697 = CARTESIAN_POINT('',(40.796829985463,-90.76011640329,
    39.530399280844));
#8698 = CARTESIAN_POINT('',(33.376660646325,-81.35455992967,
    37.849330040739));
#8699 = CARTESIAN_POINT('',(22.894209095739,-75.83834171747,
    35.569673393269));
#8700 = CARTESIAN_POINT('',(11.676261060145,-78.95657061157,
    34.250562818585));
#8701 = ADVANCED_FACE('',(#8702),#8735,.T.);
#8702 = FACE_BOUND('',#8703,.T.);
#8703 = EDGE_LOOP('',(#8704,#8721,#8722,#8723));
#8704 = ORIENTED_EDGE('',*,*,#8705,.F.);
#8705 = EDGE_CURVE('',#7683,#8706,#8708,.T.);
#8706 = VERTEX_POINT('',#8707);
#8707 = CARTESIAN_POINT('',(-1.337608529757,-89.26339283965,
    33.439913879298));
#8708 = ( BOUNDED_CURVE() B_SPLINE_CURVE(5,(#8709,#8710,#8711,#8712,
    #8713,#8714,#8715,#8716,#8717,#8718,#8719,#8720),.UNSPECIFIED.,.F.,
.F.) B_SPLINE_CURVE_WITH_KNOTS((6,3,3,6),(0.,0.140008746217,
0.486487427334,1.),.UNSPECIFIED.) CURVE() GEOMETRIC_REPRESENTATION_ITEM(
) RATIONAL_B_SPLINE_CURVE((1.,1.,1.,1.,1.,1.,1.,1.,1.,1.,1.,1.)) 
REPRESENTATION_ITEM('') );
#8709 = CARTESIAN_POINT('',(-59.2,-157.4074415109,75.626653840863));
#8710 = CARTESIAN_POINT('',(-60.64802244992,-158.5706852241,
    71.66334540119));
#8711 = CARTESIAN_POINT('',(-58.71653258342,-156.439940384,
    69.998468737082));
#8712 = CARTESIAN_POINT('',(-57.9973807345,-155.5680602763,
    67.445236164047));
#8713 = CARTESIAN_POINT('',(-53.54714163917,-150.754817245,
    59.957552626081));
#8714 = CARTESIAN_POINT('',(-47.43677779869,-144.7673582073,
    53.889058130888));
#8715 = CARTESIAN_POINT('',(-42.58110529442,-140.1129605158,
    50.291922981103));
#8716 = CARTESIAN_POINT('',(-29.87050825831,-128.2848711624,
    42.491390517436));
#8717 = CARTESIAN_POINT('',(-16.09746690764,-115.3834358969,
    37.593733702688));
#8718 = CARTESIAN_POINT('',(-5.958185661931,-108.6886198179,
    35.699460161889));
#8719 = CARTESIAN_POINT('',(0.597564712179,-99.25778982727,
    33.727694328454));
#8720 = CARTESIAN_POINT('',(-1.337608529757,-89.26339283965,
    33.439913879298));
#8721 = ORIENTED_EDGE('',*,*,#7709,.F.);
#8722 = ORIENTED_EDGE('',*,*,#8562,.T.);
#8723 = ORIENTED_EDGE('',*,*,#8724,.F.);
#8724 = EDGE_CURVE('',#8706,#8563,#8725,.T.);
#8725 = B_SPLINE_CURVE_WITH_KNOTS('',8,(#8726,#8727,#8728,#8729,#8730,
    #8731,#8732,#8733,#8734),.UNSPECIFIED.,.F.,.F.,(9,9),(5.,6.),
  .PIECEWISE_BEZIER_KNOTS.);
#8726 = CARTESIAN_POINT('',(-1.337608529757,-89.26339283965,
    33.439913879298));
#8727 = CARTESIAN_POINT('',(-1.003206397317,-89.26339283965,
    33.439913879298));
#8728 = CARTESIAN_POINT('',(-0.668804264878,-89.26339283965,
    33.439913879298));
#8729 = CARTESIAN_POINT('',(-0.334402132439,-89.26339283965,
    33.439913879298));
#8730 = CARTESIAN_POINT('',(-2.22044604925E-15,-89.26339283965,
    33.439913879298));
#8731 = CARTESIAN_POINT('',(0.334402132439,-89.26339283965,
    33.439913879298));
#8732 = CARTESIAN_POINT('',(0.668804264878,-89.26339283965,
    33.439913879298));
#8733 = CARTESIAN_POINT('',(1.003206397317,-89.26339283965,
    33.439913879298));
#8734 = CARTESIAN_POINT('',(1.337608529757,-89.26339283965,
    33.439913879298));
#8735 = ( BOUNDED_SURFACE() B_SPLINE_SURFACE(8,5,(
    (#8736,#8737,#8738,#8739,#8740,#8741,#8742,#8743,#8744,#8745,#8746
      ,#8747)
    ,(#8748,#8749,#8750,#8751,#8752,#8753,#8754,#8755,#8756,#8757,#8758
      ,#8759)
    ,(#8760,#8761,#8762,#8763,#8764,#8765,#8766,#8767,#8768,#8769,#8770
      ,#8771)
    ,(#8772,#8773,#8774,#8775,#8776,#8777,#8778,#8779,#8780,#8781,#8782
      ,#8783)
    ,(#8784,#8785,#8786,#8787,#8788,#8789,#8790,#8791,#8792,#8793,#8794
      ,#8795)
    ,(#8796,#8797,#8798,#8799,#8800,#8801,#8802,#8803,#8804,#8805,#8806
      ,#8807)
    ,(#8808,#8809,#8810,#8811,#8812,#8813,#8814,#8815,#8816,#8817,#8818
      ,#8819)
    ,(#8820,#8821,#8822,#8823,#8824,#8825,#8826,#8827,#8828,#8829,#8830
      ,#8831)
    ,(#8832,#8833,#8834,#8835,#8836,#8837,#8838,#8839,#8840,#8841,#8842
,#8843
    )),.UNSPECIFIED.,.F.,.F.,.F.) B_SPLINE_SURFACE_WITH_KNOTS((9,9),(6,3
    ,3,6),(5.,6.),(0.,0.140008746217,0.486487427334,1.),.UNSPECIFIED.) 
GEOMETRIC_REPRESENTATION_ITEM() RATIONAL_B_SPLINE_SURFACE((
    (1.,1.,1.,1.,1.,1.,1.,1.,1.,1.,1.,1.)
    ,(1.,1.,1.,1.,1.,1.,1.,1.,1.,1.,1.,1.)
    ,(1.,1.,1.,1.,1.,1.,1.,1.,1.,1.,1.,1.)
    ,(1.,1.,1.,1.,1.,1.,1.,1.,1.,1.,1.,1.)
    ,(1.,1.,1.,1.,1.,1.,1.,1.,1.,1.,1.,1.)
    ,(1.,1.,1.,1.,1.,1.,1.,1.,1.,1.,1.,1.)
    ,(1.,1.,1.,1.,1.,1.,1.,1.,1.,1.,1.,1.)
    ,(1.,1.,1.,1.,1.,1.,1.,1.,1.,1.,1.,1.)
,(1.,1.,1.,1.,1.,1.,1.,1.,1.,1.,1.,1.
))) REPRESENTATION_ITEM('') SURFACE() );
#8736 = CARTESIAN_POINT('',(-59.2,-157.4074415109,75.626653840863));
#8737 = CARTESIAN_POINT('',(-60.64802244992,-158.5706852241,
    71.66334540119));
#8738 = CARTESIAN_POINT('',(-58.71653258342,-156.439940384,
    69.998468737082));
#8739 = CARTESIAN_POINT('',(-57.9973807345,-155.5680602763,
    67.445236164047));
#8740 = CARTESIAN_POINT('',(-53.54714163917,-150.754817245,
    59.957552626081));
#8741 = CARTESIAN_POINT('',(-47.43677779869,-144.7673582073,
    53.889058130888));
#8742 = CARTESIAN_POINT('',(-42.58110529442,-140.1129605158,
    50.291922981103));
#8743 = CARTESIAN_POINT('',(-29.87050825831,-128.2848711624,
    42.491390517436));
#8744 = CARTESIAN_POINT('',(-16.09746690764,-115.3834358969,
    37.593733702688));
#8745 = CARTESIAN_POINT('',(-5.958185661931,-108.6886198179,
    35.699460161889));
#8746 = CARTESIAN_POINT('',(0.597564712179,-99.25778982727,
    33.727694328454));
#8747 = CARTESIAN_POINT('',(-1.337608529757,-89.26339283965,
    33.439913879298));
#8748 = CARTESIAN_POINT('',(-44.4,-157.4074415109,75.626653840863));
#8749 = CARTESIAN_POINT('',(-45.48601683744,-158.5706852241,
    71.66334540119));
#8750 = CARTESIAN_POINT('',(-44.03739943757,-156.439940384,
    69.998468737082));
#8751 = CARTESIAN_POINT('',(-43.49803555087,-155.5680602763,
    67.445236164047));
#8752 = CARTESIAN_POINT('',(-40.16035622937,-150.754817245,
    59.957552626081));
#8753 = CARTESIAN_POINT('',(-35.57758334902,-144.7673582073,
    53.889058130888));
#8754 = CARTESIAN_POINT('',(-31.93582897081,-140.1129605158,
    50.291922981103));
#8755 = CARTESIAN_POINT('',(-22.40288119373,-128.2848711624,
    42.491390517436));
#8756 = CARTESIAN_POINT('',(-12.07310018073,-115.3834358969,
    37.593733702688));
#8757 = CARTESIAN_POINT('',(-4.468639246449,-108.6886198179,
    35.699460161889));
#8758 = CARTESIAN_POINT('',(0.448173534135,-99.25778982727,
    33.727694328454));
#8759 = CARTESIAN_POINT('',(-1.003206397317,-89.26339283965,
    33.439913879298));
#8760 = CARTESIAN_POINT('',(-29.6,-157.4074415109,75.626653840863));
#8761 = CARTESIAN_POINT('',(-30.32401122496,-158.5706852241,
    71.66334540119));
#8762 = CARTESIAN_POINT('',(-29.35826629171,-156.439940384,
    69.998468737082));
#8763 = CARTESIAN_POINT('',(-28.99869036725,-155.5680602763,
    67.445236164047));
#8764 = CARTESIAN_POINT('',(-26.77357081958,-150.754817245,
    59.957552626081));
#8765 = CARTESIAN_POINT('',(-23.71838889934,-144.7673582073,
    53.889058130888));
#8766 = CARTESIAN_POINT('',(-21.29055264721,-140.1129605158,
    50.291922981103));
#8767 = CARTESIAN_POINT('',(-14.93525412915,-128.2848711624,
    42.491390517436));
#8768 = CARTESIAN_POINT('',(-8.048733453822,-115.3834358969,
    37.593733702688));
#8769 = CARTESIAN_POINT('',(-2.979092830964,-108.6886198179,
    35.699460161889));
#8770 = CARTESIAN_POINT('',(0.298782356089,-99.25778982727,
    33.727694328454));
#8771 = CARTESIAN_POINT('',(-0.668804264878,-89.26339283965,
    33.439913879298));
#8772 = CARTESIAN_POINT('',(-14.8,-157.4074415109,75.626653840863));
#8773 = CARTESIAN_POINT('',(-15.16200561248,-158.5706852241,
    71.66334540119));
#8774 = CARTESIAN_POINT('',(-14.67913314585,-156.439940384,
    69.998468737082));
#8775 = CARTESIAN_POINT('',(-14.49934518362,-155.5680602763,
    67.445236164047));
#8776 = CARTESIAN_POINT('',(-13.38678540979,-150.754817245,
    59.957552626081));
#8777 = CARTESIAN_POINT('',(-11.85919444967,-144.7673582073,
    53.889058130888));
#8778 = CARTESIAN_POINT('',(-10.6452763236,-140.1129605158,
    50.291922981103));
#8779 = CARTESIAN_POINT('',(-7.467627064579,-128.2848711624,
    42.491390517436));
#8780 = CARTESIAN_POINT('',(-4.02436672691,-115.3834358969,
    37.593733702688));
#8781 = CARTESIAN_POINT('',(-1.489546415483,-108.6886198179,
    35.699460161889));
#8782 = CARTESIAN_POINT('',(0.149391178045,-99.25778982727,
    33.727694328454));
#8783 = CARTESIAN_POINT('',(-0.334402132439,-89.26339283965,
    33.439913879298));
#8784 = CARTESIAN_POINT('',(-7.549516567451E-15,-157.4074415109,
    75.626653840863));
#8785 = CARTESIAN_POINT('',(9.761257637156E-16,-158.5706852241,
    71.66334540119));
#8786 = CARTESIAN_POINT('',(-1.832206781432E-14,-156.439940384,
    69.998468737082));
#8787 = CARTESIAN_POINT('',(-3.579694135236E-15,-155.5680602763,
    67.445236164047));
#8788 = CARTESIAN_POINT('',(-1.023811980543E-14,-150.754817245,
    59.957552626081));
#8789 = CARTESIAN_POINT('',(-5.126486776707E-15,-144.7673582073,
    53.889058130888));
#8790 = CARTESIAN_POINT('',(-9.977399591364E-15,-140.1129605158,
    50.291922981103));
#8791 = CARTESIAN_POINT('',(-1.574995062574E-15,-128.2848711624,
    42.491390517436));
#8792 = CARTESIAN_POINT('',(-1.285786045472E-14,-115.3834358969,
    37.593733702688));
#8793 = CARTESIAN_POINT('',(-6.323675524283E-15,-108.6886198179,
    35.699460161889));
#8794 = CARTESIAN_POINT('',(1.227358060594E-15,-99.25778982727,
    33.727694328454));
#8795 = CARTESIAN_POINT('',(-2.22044604925E-15,-89.26339283965,
    33.439913879298));
#8796 = CARTESIAN_POINT('',(14.8,-157.4074415109,75.626653840863));
#8797 = CARTESIAN_POINT('',(15.162005612482,-158.5706852241,
    71.66334540119));
#8798 = CARTESIAN_POINT('',(14.679133145856,-156.439940384,
    69.998468737082));
#8799 = CARTESIAN_POINT('',(14.499345183626,-155.5680602763,
    67.445236164047));
#8800 = CARTESIAN_POINT('',(13.386785409792,-150.754817245,
    59.957552626081));
#8801 = CARTESIAN_POINT('',(11.859194449675,-144.7673582073,
    53.889058130888));
#8802 = CARTESIAN_POINT('',(10.645276323605,-140.1129605158,
    50.291922981103));
#8803 = CARTESIAN_POINT('',(7.467627064579,-128.2848711624,
    42.491390517436));
#8804 = CARTESIAN_POINT('',(4.02436672691,-115.3834358969,
    37.593733702688));
#8805 = CARTESIAN_POINT('',(1.489546415484,-108.6886198179,
    35.699460161889));
#8806 = CARTESIAN_POINT('',(-0.149391178045,-99.25778982727,
    33.727694328454));
#8807 = CARTESIAN_POINT('',(0.334402132439,-89.26339283965,
    33.439913879298));
#8808 = CARTESIAN_POINT('',(29.6,-157.4074415109,75.626653840863));
#8809 = CARTESIAN_POINT('',(30.324011224964,-158.5706852241,
    71.66334540119));
#8810 = CARTESIAN_POINT('',(29.358266291713,-156.439940384,
    69.998468737082));
#8811 = CARTESIAN_POINT('',(28.998690367251,-155.5680602763,
    67.445236164047));
#8812 = CARTESIAN_POINT('',(26.773570819585,-150.754817245,
    59.957552626081));
#8813 = CARTESIAN_POINT('',(23.71838889935,-144.7673582073,
    53.889058130888));
#8814 = CARTESIAN_POINT('',(21.290552647211,-140.1129605158,
    50.291922981103));
#8815 = CARTESIAN_POINT('',(14.935254129158,-128.2848711624,
    42.491390517436));
#8816 = CARTESIAN_POINT('',(8.04873345382,-115.3834358969,
    37.593733702688));
#8817 = CARTESIAN_POINT('',(2.979092830966,-108.6886198179,
    35.699460161889));
#8818 = CARTESIAN_POINT('',(-0.29878235609,-99.25778982727,
    33.727694328454));
#8819 = CARTESIAN_POINT('',(0.668804264878,-89.26339283965,
    33.439913879298));
#8820 = CARTESIAN_POINT('',(44.4,-157.4074415109,75.626653840863));
#8821 = CARTESIAN_POINT('',(45.486016837447,-158.5706852241,
    71.66334540119));
#8822 = CARTESIAN_POINT('',(44.037399437569,-156.439940384,
    69.998468737082));
#8823 = CARTESIAN_POINT('',(43.498035550878,-155.5680602763,
    67.445236164047));
#8824 = CARTESIAN_POINT('',(40.160356229377,-150.754817245,
    59.957552626081));
#8825 = CARTESIAN_POINT('',(35.577583349025,-144.7673582073,
    53.889058130888));
#8826 = CARTESIAN_POINT('',(31.935828970816,-140.1129605158,
    50.291922981103));
#8827 = CARTESIAN_POINT('',(22.402881193738,-128.2848711624,
    42.491390517436));
#8828 = CARTESIAN_POINT('',(12.07310018073,-115.3834358969,
    37.593733702688));
#8829 = CARTESIAN_POINT('',(4.46863924645,-108.6886198179,
    35.699460161889));
#8830 = CARTESIAN_POINT('',(-0.448173534135,-99.25778982727,
    33.727694328454));
#8831 = CARTESIAN_POINT('',(1.003206397317,-89.26339283965,
    33.439913879298));
#8832 = CARTESIAN_POINT('',(59.2,-157.4074415109,75.626653840863));
#8833 = CARTESIAN_POINT('',(60.648022449926,-158.5706852241,
    71.66334540119));
#8834 = CARTESIAN_POINT('',(58.716532583428,-156.439940384,
    69.998468737082));
#8835 = CARTESIAN_POINT('',(57.997380734502,-155.5680602763,
    67.445236164047));
#8836 = CARTESIAN_POINT('',(53.54714163917,-150.754817245,
    59.957552626081));
#8837 = CARTESIAN_POINT('',(47.436777798699,-144.7673582073,
    53.889058130888));
#8838 = CARTESIAN_POINT('',(42.581105294423,-140.1129605158,
    50.291922981104));
#8839 = CARTESIAN_POINT('',(29.870508258315,-128.2848711624,
    42.491390517436));
#8840 = CARTESIAN_POINT('',(16.097466907642,-115.3834358969,
    37.593733702689));
#8841 = CARTESIAN_POINT('',(5.958185661931,-108.6886198179,
    35.699460161888));
#8842 = CARTESIAN_POINT('',(-0.597564712179,-99.25778982726,
    33.727694328454));
#8843 = CARTESIAN_POINT('',(1.337608529757,-89.26339283965,
    33.439913879298));
#8844 = ADVANCED_FACE('',(#8845),#8878,.T.);
#8845 = FACE_BOUND('',#8846,.T.);
#8846 = EDGE_LOOP('',(#8847,#8864,#8865,#8866));
#8847 = ORIENTED_EDGE('',*,*,#8848,.F.);
#8848 = EDGE_CURVE('',#7673,#8849,#8851,.T.);
#8849 = VERTEX_POINT('',#8850);
#8850 = CARTESIAN_POINT('',(-11.67626106014,-78.95657061157,
    34.250562818585));
#8851 = ( BOUNDED_CURVE() B_SPLINE_CURVE(5,(#8852,#8853,#8854,#8855,
    #8856,#8857,#8858,#8859,#8860,#8861,#8862,#8863),.UNSPECIFIED.,.F.,
.F.) B_SPLINE_CURVE_WITH_KNOTS((6,3,3,6),(0.,0.140008746217,
0.486487427334,1.),.UNSPECIFIED.) CURVE() GEOMETRIC_REPRESENTATION_ITEM(
) RATIONAL_B_SPLINE_CURVE((1.,1.,1.,1.,1.,1.,1.,1.,1.,1.,1.,1.)) 
REPRESENTATION_ITEM('') );
#8852 = CARTESIAN_POINT('',(-84.2,-132.484410686,77.586892220344));
#8853 = CARTESIAN_POINT('',(-85.64833972876,-133.6473380973,
    73.623608658358));
#8854 = CARTESIAN_POINT('',(-83.71601795839,-131.5174225998,
    71.958666765053));
#8855 = CARTESIAN_POINT('',(-82.99780980876,-130.6446016982,
    69.405508187042));
#8856 = CARTESIAN_POINT('',(-78.54563736061,-125.8332860675,
    61.917673055779));
#8857 = CARTESIAN_POINT('',(-72.44055585288,-119.84056096,
    55.849592745842));
#8858 = CARTESIAN_POINT('',(-67.56626374691,-115.2047255448,
    52.250997641743));
#8859 = CARTESIAN_POINT('',(-54.95134662294,-103.2812508554,
    44.457967395513));
#8860 = CARTESIAN_POINT('',(-40.79682998546,-90.76011640329,
    39.530399280843));
#8861 = CARTESIAN_POINT('',(-33.37666064632,-81.35455992966,
    37.849330040739));
#8862 = CARTESIAN_POINT('',(-22.89420909574,-75.83834171748,
    35.569673393269));
#8863 = CARTESIAN_POINT('',(-11.67626106014,-78.95657061157,
    34.250562818585));
#8864 = ORIENTED_EDGE('',*,*,#7682,.F.);
#8865 = ORIENTED_EDGE('',*,*,#8705,.T.);
#8866 = ORIENTED_EDGE('',*,*,#8867,.F.);
#8867 = EDGE_CURVE('',#8849,#8706,#8868,.T.);
#8868 = B_SPLINE_CURVE_WITH_KNOTS('',8,(#8869,#8870,#8871,#8872,#8873,
    #8874,#8875,#8876,#8877),.UNSPECIFIED.,.F.,.F.,(9,9),(4.,5.),
  .PIECEWISE_BEZIER_KNOTS.);
#8869 = CARTESIAN_POINT('',(-11.67626106014,-78.95657061157,
    34.250562818585));
#8870 = CARTESIAN_POINT('',(-11.67626106014,-80.98031042367,
    34.091392271566));
#8871 = CARTESIAN_POINT('',(-11.22073187286,-83.00405087279,
    33.932221674444));
#8872 = CARTESIAN_POINT('',(-10.30967797239,-84.90889685223,
    33.782402327747));
#8873 = CARTESIAN_POINT('',(-8.980547935812,-86.57597918795,
    33.651283492353));
#8874 = CARTESIAN_POINT('',(-7.308317191248,-87.90101714283,
    33.547067023992));
#8875 = CARTESIAN_POINT('',(-5.397588523428,-88.8092661206,
    33.475631711133));
#8876 = CARTESIAN_POINT('',(-3.367598207099,-89.26339283965,
    33.439913879298));
#8877 = CARTESIAN_POINT('',(-1.337608529757,-89.26339283965,
    33.439913879298));
#8878 = ( BOUNDED_SURFACE() B_SPLINE_SURFACE(8,5,(
    (#8879,#8880,#8881,#8882,#8883,#8884,#8885,#8886,#8887,#8888,#8889
      ,#8890)
    ,(#8891,#8892,#8893,#8894,#8895,#8896,#8897,#8898,#8899,#8900,#8901
      ,#8902)
    ,(#8903,#8904,#8905,#8906,#8907,#8908,#8909,#8910,#8911,#8912,#8913
      ,#8914)
    ,(#8915,#8916,#8917,#8918,#8919,#8920,#8921,#8922,#8923,#8924,#8925
      ,#8926)
    ,(#8927,#8928,#8929,#8930,#8931,#8932,#8933,#8934,#8935,#8936,#8937
      ,#8938)
    ,(#8939,#8940,#8941,#8942,#8943,#8944,#8945,#8946,#8947,#8948,#8949
      ,#8950)
    ,(#8951,#8952,#8953,#8954,#8955,#8956,#8957,#8958,#8959,#8960,#8961
      ,#8962)
    ,(#8963,#8964,#8965,#8966,#8967,#8968,#8969,#8970,#8971,#8972,#8973
      ,#8974)
    ,(#8975,#8976,#8977,#8978,#8979,#8980,#8981,#8982,#8983,#8984,#8985
,#8986
    )),.UNSPECIFIED.,.F.,.F.,.F.) B_SPLINE_SURFACE_WITH_KNOTS((9,9),(6,3
    ,3,6),(4.,5.),(0.,0.140008746217,0.486487427334,1.),.UNSPECIFIED.) 
GEOMETRIC_REPRESENTATION_ITEM() RATIONAL_B_SPLINE_SURFACE((
    (1.,1.,1.,1.,1.,1.,1.,1.,1.,1.,1.,1.)
    ,(1.,1.,1.,1.,1.,1.,1.,1.,1.,1.,1.,1.)
    ,(1.,1.,1.,1.,1.,1.,1.,1.,1.,1.,1.,1.)
    ,(1.,1.,1.,1.,1.,1.,1.,1.,1.,1.,1.,1.)
    ,(1.,1.,1.,1.,1.,1.,1.,1.,1.,1.,1.,1.)
    ,(1.,1.,1.,1.,1.,1.,1.,1.,1.,1.,1.,1.)
    ,(1.,1.,1.,1.,1.,1.,1.,1.,1.,1.,1.,1.)
    ,(1.,1.,1.,1.,1.,1.,1.,1.,1.,1.,1.,1.)
,(1.,1.,1.,1.,1.,1.,1.,1.,1.,1.,1.,1.
))) REPRESENTATION_ITEM('') SURFACE() );
#8879 = CARTESIAN_POINT('',(-84.2,-132.484410686,77.586892220344));
#8880 = CARTESIAN_POINT('',(-85.64833972876,-133.6473380973,
    73.623608658358));
#8881 = CARTESIAN_POINT('',(-83.71601795839,-131.5174225998,
    71.958666765053));
#8882 = CARTESIAN_POINT('',(-82.99780980876,-130.6446016982,
    69.405508187042));
#8883 = CARTESIAN_POINT('',(-78.54563736061,-125.8332860675,
    61.917673055779));
#8884 = CARTESIAN_POINT('',(-72.44055585288,-119.84056096,
    55.849592745842));
#8885 = CARTESIAN_POINT('',(-67.56626374691,-115.2047255448,
    52.250997641743));
#8886 = CARTESIAN_POINT('',(-54.95134662294,-103.2812508554,
    44.457967395513));
#8887 = CARTESIAN_POINT('',(-40.79682998546,-90.76011640329,
    39.530399280843));
#8888 = CARTESIAN_POINT('',(-33.37666064632,-81.35455992966,
    37.849330040739));
#8889 = CARTESIAN_POINT('',(-22.89420909574,-75.83834171748,
    35.569673393269));
#8890 = CARTESIAN_POINT('',(-11.67626106014,-78.95657061157,
    34.250562818585));
#8891 = CARTESIAN_POINT('',(-84.2,-137.3780363451,77.202000314578));
#8892 = CARTESIAN_POINT('',(-85.64833972876,-138.5410258621,
    73.238711867869));
#8893 = CARTESIAN_POINT('',(-83.71601795838,-136.4109475236,
    71.573782782286));
#8894 = CARTESIAN_POINT('',(-82.99780980876,-135.5383113464,
    69.020609675388));
#8895 = CARTESIAN_POINT('',(-78.54563736061,-130.7266172714,
    61.532804309398));
#8896 = CARTESIAN_POINT('',(-72.44055585288,-124.7349261544,
    55.464642674378));
#8897 = CARTESIAN_POINT('',(-67.56626374691,-120.0954460447,
    51.866334231635));
#8898 = CARTESIAN_POINT('',(-54.95134662294,-108.1907002222,
    44.071830928462));
#8899 = CARTESIAN_POINT('',(-40.79682998546,-95.59489388007,
    39.15013588379));
#8900 = CARTESIAN_POINT('',(-33.37666064632,-86.72159003827,
    37.427204077145));
#8901 = CARTESIAN_POINT('',(-22.89420909574,-80.43673960078,
    35.208001649637));
#8902 = CARTESIAN_POINT('',(-11.67626106014,-80.98031042367,
    34.091392271566));
#8903 = CARTESIAN_POINT('',(-83.09848027597,-142.2716635445,
    76.817108287657));
#8904 = CARTESIAN_POINT('',(-84.54680602518,-143.4347151672,
    72.853814956228));
#8905 = CARTESIAN_POINT('',(-82.61452090913,-141.3044739877,
    71.188898678368));
#8906 = CARTESIAN_POINT('',(-81.89627117939,-140.432022535,
    68.635711042577));
#8907 = CARTESIAN_POINT('',(-77.44418391627,-135.6199500157,
    61.147935441869));
#8908 = CARTESIAN_POINT('',(-71.33886966481,-129.6292928893,
    55.079692481742));
#8909 = CARTESIAN_POINT('',(-66.46539795316,-124.9861680841,
    51.481670700446));
#8910 = CARTESIAN_POINT('',(-53.8462650968,-113.1001511345,
    43.685694339859));
#8911 = CARTESIAN_POINT('',(-39.70855656139,-100.4296728786,
    38.769872367045));
#8912 = CARTESIAN_POINT('',(-32.16858100642,-92.08862183633,
    37.005077980675));
#8913 = CARTESIAN_POINT('',(-21.85914300765,-85.0351389315,
    34.846329792158));
#8914 = CARTESIAN_POINT('',(-11.22073187286,-83.00405087279,
    33.932221674444));
#8915 = CARTESIAN_POINT('',(-80.89545164678,-146.8777908271,
    76.454828613743));
#8916 = CARTESIAN_POINT('',(-82.34374943701,-148.040900907,
    72.491530684558));
#8917 = CARTESIAN_POINT('',(-80.41153762931,-145.9105064531,
    70.826626461986));
#8918 = CARTESIAN_POINT('',(-79.69320473968,-145.0382288725,
    68.273425150865));
#8919 = CARTESIAN_POINT('',(-75.24128784585,-140.2258001424,
    60.78567756674));
#8920 = CARTESIAN_POINT('',(-69.13550810915,-134.2361162599,
    54.717358059334));
#8921 = CARTESIAN_POINT('',(-64.26367717816,-129.5895608845,
    51.119606098171));
#8922 = CARTESIAN_POINT('',(-51.63611289832,-117.7211724889,
    43.322243222096));
#8923 = CARTESIAN_POINT('',(-37.53202040211,-104.9804092842,
    38.41194927897));
#8924 = CARTESIAN_POINT('',(-29.752433592,-97.14034126314,36.60775173361
    ));
#8925 = CARTESIAN_POINT('',(-19.78902099771,-89.36338294175,
    34.505906105972));
#8926 = CARTESIAN_POINT('',(-10.30967797239,-84.90889685223,
    33.782402327747));
#8927 = CARTESIAN_POINT('',(-77.68146889449,-150.9089794439,
    76.137768834896));
#8928 = CARTESIAN_POINT('',(-79.12972589559,-152.0721406841,
    72.174466881876));
#8929 = CARTESIAN_POINT('',(-77.19762103684,-149.9416120879,
    70.5095732098));
#8930 = CARTESIAN_POINT('',(-76.47916682591,-149.0694866764,
    67.956359930336));
#8931 = CARTESIAN_POINT('',(-72.02749848255,-144.2567461979,
    60.468636865734));
#8932 = CARTESIAN_POINT('',(-65.92103965284,-138.2679140786,
    54.400250365735));
#8933 = CARTESIAN_POINT('',(-61.05160244496,-133.6183563381,
    50.802734545634));
#8934 = CARTESIAN_POINT('',(-48.41173762168,-121.7653960936,
    43.004158219481));
#8935 = CARTESIAN_POINT('',(-34.35668732508,-108.9631209352,
    38.098702295174));
#8936 = CARTESIAN_POINT('',(-26.2275333643,-101.5615030331,
    36.260019909017));
#8937 = CARTESIAN_POINT('',(-16.76893476411,-93.15137378812,
    34.207974241634));
#8938 = CARTESIAN_POINT('',(-8.980547935812,-86.57597918795,
    33.651283492353));
#8939 = CARTESIAN_POINT('',(-73.63783085837,-154.1130670921,
    75.885761941217));
#8940 = CARTESIAN_POINT('',(-75.08603654101,-155.2762689959,
    71.92245678991));
#8941 = CARTESIAN_POINT('',(-73.15406623905,-153.1456337799,
    70.257571503706));
#8942 = CARTESIAN_POINT('',(-72.43545938893,-152.2736293163,
    67.704348711463));
#8943 = CARTESIAN_POINT('',(-67.98410375678,-147.4606410526,
    60.216645135606));
#8944 = CARTESIAN_POINT('',(-61.87679053335,-141.4724859355,
    54.148205388218));
#8945 = CARTESIAN_POINT('',(-57.0103649627,-136.8205418417,
    50.550877258846));
#8946 = CARTESIAN_POINT('',(-44.35502434209,-124.9798442699,
    42.751336452803));
#8947 = CARTESIAN_POINT('',(-30.36167596475,-112.1286779017,
    37.849725904559));
#8948 = CARTESIAN_POINT('',(-21.79271783067,-105.0755509142,
    35.983634120609));
#8949 = CARTESIAN_POINT('',(-12.96924555991,-96.16216187993,
    33.971170683865));
#8950 = CARTESIAN_POINT('',(-7.308317191248,-87.90101714283,
    33.547067023992));
#8951 = CARTESIAN_POINT('',(-69.0174785876,-156.3093131094,
    75.713023490414));
#8952 = CARTESIAN_POINT('',(-70.46562563266,-157.4725428861,
    71.749716146884));
#8953 = CARTESIAN_POINT('',(-68.53380907821,-155.3418345876,
    70.084836608703));
#8954 = CARTESIAN_POINT('',(-67.8150278192,-154.4699130277,
    67.531607295962));
#8955 = CARTESIAN_POINT('',(-63.36402949786,-149.6567549192,
    60.043917078666));
#8956 = CARTESIAN_POINT('',(-57.25574002495,-143.6690638543,
    53.975440832815));
#8957 = CARTESIAN_POINT('',(-52.39275561902,-139.0154840313,
    50.378241356281));
#8958 = CARTESIAN_POINT('',(-39.71973200248,-127.1831919248,
    42.578039446241));
#8959 = CARTESIAN_POINT('',(-25.79688563339,-114.2985130132,
    37.679064716012));
#8960 = CARTESIAN_POINT('',(-16.7253973045,-107.4842595737,
    35.794185124921));
#8961 = CARTESIAN_POINT('',(-8.627634741579,-98.22591046649,
    33.808853379295));
#8962 = CARTESIAN_POINT('',(-5.397588523428,-88.8092661206,
    33.475631711133));
#8963 = CARTESIAN_POINT('',(-64.10873852123,-157.4074415109,
    75.626653840863));
#8964 = CARTESIAN_POINT('',(-65.55682326871,-158.5706852241,
    71.663345401187));
#8965 = CARTESIAN_POINT('',(-63.62517005827,-156.439940384,
    69.998468737085));
#8966 = CARTESIAN_POINT('',(-62.90620350427,-155.5680602763,
    67.445236164046));
#8967 = CARTESIAN_POINT('',(-58.455584796,-150.754817245,59.957552626081
    ));
#8968 = CARTESIAN_POINT('',(-52.34625813913,-144.7673582073,
    53.889058130888));
#8969 = CARTESIAN_POINT('',(-47.48692968461,-140.1129605158,
    50.291922981102));
#8970 = CARTESIAN_POINT('',(-34.79511935532,-128.2848711624,
    42.491390517439));
#8971 = CARTESIAN_POINT('',(-20.94717550724,-115.3834358969,
    37.593733702686));
#8972 = CARTESIAN_POINT('',(-11.3417906359,-108.6886198179,
    35.699460161891));
#8973 = CARTESIAN_POINT('',(-4.015034288743,-99.25778982727,
    33.727694328453));
#8974 = CARTESIAN_POINT('',(-3.367598207099,-89.26339283965,
    33.439913879298));
#8975 = CARTESIAN_POINT('',(-59.2,-157.4074415109,75.626653840863));
#8976 = CARTESIAN_POINT('',(-60.64802244992,-158.5706852241,
    71.66334540119));
#8977 = CARTESIAN_POINT('',(-58.71653258342,-156.439940384,
    69.998468737082));
#8978 = CARTESIAN_POINT('',(-57.9973807345,-155.5680602763,
    67.445236164047));
#8979 = CARTESIAN_POINT('',(-53.54714163917,-150.754817245,
    59.957552626081));
#8980 = CARTESIAN_POINT('',(-47.43677779869,-144.7673582073,
    53.889058130888));
#8981 = CARTESIAN_POINT('',(-42.58110529442,-140.1129605158,
    50.291922981103));
#8982 = CARTESIAN_POINT('',(-29.87050825831,-128.2848711624,
    42.491390517436));
#8983 = CARTESIAN_POINT('',(-16.09746690764,-115.3834358969,
    37.593733702688));
#8984 = CARTESIAN_POINT('',(-5.958185661931,-108.6886198179,
    35.699460161889));
#8985 = CARTESIAN_POINT('',(0.597564712179,-99.25778982727,
    33.727694328454));
#8986 = CARTESIAN_POINT('',(-1.337608529757,-89.26339283965,
    33.439913879298));
#8987 = ADVANCED_FACE('',(#8988),#9021,.T.);
#8988 = FACE_BOUND('',#8989,.T.);
#8989 = EDGE_LOOP('',(#8990,#9007,#9008,#9009));
#8990 = ORIENTED_EDGE('',*,*,#8991,.F.);
#8991 = EDGE_CURVE('',#7646,#8992,#8994,.T.);
#8992 = VERTEX_POINT('',#8993);
#8993 = CARTESIAN_POINT('',(-11.67626106014,-76.666165672,
    34.430707027316));
#8994 = ( BOUNDED_CURVE() B_SPLINE_CURVE(5,(#8995,#8996,#8997,#8998,
    #8999,#9000,#9001,#9002,#9003,#9004,#9005,#9006),.UNSPECIFIED.,.F.,
.F.) B_SPLINE_CURVE_WITH_KNOTS((6,3,3,6),(0.,0.140008746217,
0.486487427334,1.),.UNSPECIFIED.) CURVE() GEOMETRIC_REPRESENTATION_ITEM(
) RATIONAL_B_SPLINE_CURVE((1.,1.,1.,1.,1.,1.,1.,1.,1.,1.,1.,1.)) 
REPRESENTATION_ITEM('') );
#8995 = CARTESIAN_POINT('',(-84.2,-14.84770519288,86.839217371496));
#8996 = CARTESIAN_POINT('',(-85.64833972876,-10.97466464179,
    83.272021177331));
#8997 = CARTESIAN_POINT('',(-83.71601795838,-15.9435577042,
    81.048746026511));
#8998 = CARTESIAN_POINT('',(-82.99780980876,-16.85102807035,
    78.3555645398));
#8999 = CARTESIAN_POINT('',(-78.54563736061,-23.82765350595,
    69.94058797635));
#9000 = CARTESIAN_POINT('',(-72.44055585288,-30.64872367093,
    62.864681071954));
#9001 = CARTESIAN_POINT('',(-67.56626374691,-35.86620640268,
    58.49110588888));
#9002 = CARTESIAN_POINT('',(-54.95134662294,-48.55018926372,
    48.762657633063));
#9003 = CARTESIAN_POINT('',(-40.79682998546,-61.86629451122,
    41.802947070108));
#9004 = CARTESIAN_POINT('',(-33.37666064632,-71.64071664754,
    38.613340186524));
#9005 = CARTESIAN_POINT('',(-22.89420909574,-78.07120088174,
    35.394055256754));
#9006 = CARTESIAN_POINT('',(-11.67626106014,-76.666165672,
    34.430707027316));
#9007 = ORIENTED_EDGE('',*,*,#7672,.F.);
#9008 = ORIENTED_EDGE('',*,*,#8848,.T.);
#9009 = ORIENTED_EDGE('',*,*,#9010,.F.);
#9010 = EDGE_CURVE('',#8992,#8849,#9011,.T.);
#9011 = B_SPLINE_CURVE_WITH_KNOTS('',8,(#9012,#9013,#9014,#9015,#9016,
    #9017,#9018,#9019,#9020),.UNSPECIFIED.,.F.,.F.,(9,9),(3.,4.),
  .PIECEWISE_BEZIER_KNOTS.);
#9012 = CARTESIAN_POINT('',(-11.67626106014,-76.666165672,
    34.430707027316));
#9013 = CARTESIAN_POINT('',(-11.67626106014,-76.95246628944,
    34.408189001224));
#9014 = CARTESIAN_POINT('',(-11.67626106014,-77.23876690689,
    34.385670975133));
#9015 = CARTESIAN_POINT('',(-11.67626106014,-77.52506752434,
    34.363152949042));
#9016 = CARTESIAN_POINT('',(-11.67626106014,-77.81136814178,
    34.340634922951));
#9017 = CARTESIAN_POINT('',(-11.67626106014,-78.09766875923,
    34.318116896859));
#9018 = CARTESIAN_POINT('',(-11.67626106014,-78.38396937668,
    34.295598870768));
#9019 = CARTESIAN_POINT('',(-11.67626106014,-78.67026999412,
    34.273080844677));
#9020 = CARTESIAN_POINT('',(-11.67626106014,-78.95657061157,
    34.250562818585));
#9021 = ( BOUNDED_SURFACE() B_SPLINE_SURFACE(8,5,(
    (#9022,#9023,#9024,#9025,#9026,#9027,#9028,#9029,#9030,#9031,#9032
      ,#9033)
    ,(#9034,#9035,#9036,#9037,#9038,#9039,#9040,#9041,#9042,#9043,#9044
      ,#9045)
    ,(#9046,#9047,#9048,#9049,#9050,#9051,#9052,#9053,#9054,#9055,#9056
      ,#9057)
    ,(#9058,#9059,#9060,#9061,#9062,#9063,#9064,#9065,#9066,#9067,#9068
      ,#9069)
    ,(#9070,#9071,#9072,#9073,#9074,#9075,#9076,#9077,#9078,#9079,#9080
      ,#9081)
    ,(#9082,#9083,#9084,#9085,#9086,#9087,#9088,#9089,#9090,#9091,#9092
      ,#9093)
    ,(#9094,#9095,#9096,#9097,#9098,#9099,#9100,#9101,#9102,#9103,#9104
      ,#9105)
    ,(#9106,#9107,#9108,#9109,#9110,#9111,#9112,#9113,#9114,#9115,#9116
      ,#9117)
    ,(#9118,#9119,#9120,#9121,#9122,#9123,#9124,#9125,#9126,#9127,#9128
,#9129
    )),.UNSPECIFIED.,.F.,.F.,.F.) B_SPLINE_SURFACE_WITH_KNOTS((9,9),(6,3
    ,3,6),(3.,4.),(0.,0.140008746217,0.486487427334,1.),.UNSPECIFIED.) 
GEOMETRIC_REPRESENTATION_ITEM() RATIONAL_B_SPLINE_SURFACE((
    (1.,1.,1.,1.,1.,1.,1.,1.,1.,1.,1.,1.)
    ,(1.,1.,1.,1.,1.,1.,1.,1.,1.,1.,1.,1.)
    ,(1.,1.,1.,1.,1.,1.,1.,1.,1.,1.,1.,1.)
    ,(1.,1.,1.,1.,1.,1.,1.,1.,1.,1.,1.,1.)
    ,(1.,1.,1.,1.,1.,1.,1.,1.,1.,1.,1.,1.)
    ,(1.,1.,1.,1.,1.,1.,1.,1.,1.,1.,1.,1.)
    ,(1.,1.,1.,1.,1.,1.,1.,1.,1.,1.,1.,1.)
    ,(1.,1.,1.,1.,1.,1.,1.,1.,1.,1.,1.,1.)
,(1.,1.,1.,1.,1.,1.,1.,1.,1.,1.,1.,1.
))) REPRESENTATION_ITEM('') SURFACE() );
#9022 = CARTESIAN_POINT('',(-84.2,-14.84770519288,86.839217371496));
#9023 = CARTESIAN_POINT('',(-85.64833972876,-10.97466464179,
    83.272021177331));
#9024 = CARTESIAN_POINT('',(-83.71601795838,-15.9435577042,
    81.048746026511));
#9025 = CARTESIAN_POINT('',(-82.99780980876,-16.85102807035,
    78.3555645398));
#9026 = CARTESIAN_POINT('',(-78.54563736061,-23.82765350595,
    69.94058797635));
#9027 = CARTESIAN_POINT('',(-72.44055585288,-30.64872367093,
    62.864681071954));
#9028 = CARTESIAN_POINT('',(-67.56626374691,-35.86620640268,
    58.49110588888));
#9029 = CARTESIAN_POINT('',(-54.95134662294,-48.55018926372,
    48.762657633063));
#9030 = CARTESIAN_POINT('',(-40.79682998546,-61.86629451122,
    41.802947070108));
#9031 = CARTESIAN_POINT('',(-33.37666064632,-71.64071664754,
    38.613340186524));
#9032 = CARTESIAN_POINT('',(-22.89420909574,-78.07120088174,
    35.394055256754));
#9033 = CARTESIAN_POINT('',(-11.67626106014,-76.666165672,
    34.430707027316));
#9034 = CARTESIAN_POINT('',(-84.2,-29.55229337953,85.682676727602));
#9035 = CARTESIAN_POINT('',(-85.64833972876,-26.30874882373,
    82.065969612459));
#9036 = CARTESIAN_POINT('',(-83.71601795838,-30.39029081616,
    79.912486118829));
#9037 = CARTESIAN_POINT('',(-82.99780980876,-31.07522477384,
    77.236807495705));
#9038 = CARTESIAN_POINT('',(-78.54563736061,-36.57835757614,
    68.937723611279));
#9039 = CARTESIAN_POINT('',(-72.44055585288,-41.79770333207,
    61.98779503119));
#9040 = CARTESIAN_POINT('',(-67.56626374691,-45.78352129545,
    57.711092357988));
#9041 = CARTESIAN_POINT('',(-54.95134662294,-55.39157196269,
    48.224571353369));
#9042 = CARTESIAN_POINT('',(-40.79682998546,-65.47802224772,
    41.51887859645));
#9043 = CARTESIAN_POINT('',(-33.37666064632,-72.85494705781,
    38.517838918301));
#9044 = CARTESIAN_POINT('',(-22.89420909574,-77.7920934862,
    35.416007523818));
#9045 = CARTESIAN_POINT('',(-11.67626106014,-76.95246628944,
    34.408189001224));
#9046 = CARTESIAN_POINT('',(-84.2,-44.25688156618,84.526136083708));
#9047 = CARTESIAN_POINT('',(-85.64833972876,-41.64283300567,
    80.859918047587));
#9048 = CARTESIAN_POINT('',(-83.71601795838,-44.83702392812,
    78.776226211147));
#9049 = CARTESIAN_POINT('',(-82.99780980876,-45.29942147733,
    76.118050451611));
#9050 = CARTESIAN_POINT('',(-78.54563736061,-49.32906164633,
    67.934859246208));
#9051 = CARTESIAN_POINT('',(-72.44055585288,-52.94668299321,
    61.110908990426));
#9052 = CARTESIAN_POINT('',(-67.56626374691,-55.70083618822,
    56.931078827096));
#9053 = CARTESIAN_POINT('',(-54.95134662294,-62.23295466165,
    47.686485073676));
#9054 = CARTESIAN_POINT('',(-40.79682998546,-69.08974998424,
    41.234810122792));
#9055 = CARTESIAN_POINT('',(-33.37666064632,-74.06917746807,
    38.422337650078));
#9056 = CARTESIAN_POINT('',(-22.89420909574,-77.51298609067,
    35.437959790882));
#9057 = CARTESIAN_POINT('',(-11.67626106014,-77.23876690689,
    34.385670975133));
#9058 = CARTESIAN_POINT('',(-84.2,-58.96146975283,83.369595439814));
#9059 = CARTESIAN_POINT('',(-85.64833972876,-56.97691718761,
    79.653866482716));
#9060 = CARTESIAN_POINT('',(-83.71601795838,-59.28375704008,
    77.639966303465));
#9061 = CARTESIAN_POINT('',(-82.99780980876,-59.52361818082,
    74.999293407516));
#9062 = CARTESIAN_POINT('',(-78.54563736061,-62.07976571653,
    66.931994881136));
#9063 = CARTESIAN_POINT('',(-72.44055585288,-64.09566265435,
    60.234022949662));
#9064 = CARTESIAN_POINT('',(-67.56626374691,-65.61815108099,
    56.151065296204));
#9065 = CARTESIAN_POINT('',(-54.95134662294,-69.07433736061,
    47.148398793982));
#9066 = CARTESIAN_POINT('',(-40.79682998546,-72.70147772074,
    40.950741649134));
#9067 = CARTESIAN_POINT('',(-33.37666064632,-75.28340787834,
    38.326836381855));
#9068 = CARTESIAN_POINT('',(-22.89420909574,-77.23387869514,
    35.459912057947));
#9069 = CARTESIAN_POINT('',(-11.67626106014,-77.52506752434,
    34.363152949042));
#9070 = CARTESIAN_POINT('',(-84.2,-73.66605793948,82.21305479592));
#9071 = CARTESIAN_POINT('',(-85.64833972876,-72.31100136955,
    78.447814917844));
#9072 = CARTESIAN_POINT('',(-83.71601795838,-73.73049015204,
    76.503706395782));
#9073 = CARTESIAN_POINT('',(-82.99780980876,-73.74781488431,
    73.880536363421));
#9074 = CARTESIAN_POINT('',(-78.54563736061,-74.83046978672,
    65.929130516065));
#9075 = CARTESIAN_POINT('',(-72.44055585288,-75.2446423155,
    59.357136908898));
#9076 = CARTESIAN_POINT('',(-67.56626374691,-75.53546597376,
    55.371051765312));
#9077 = CARTESIAN_POINT('',(-54.95134662294,-75.91572005958,
    46.610312514288));
#9078 = CARTESIAN_POINT('',(-40.79682998546,-76.31320545725,
    40.666673175476));
#9079 = CARTESIAN_POINT('',(-33.37666064632,-76.49763828861,
    38.231335113631));
#9080 = CARTESIAN_POINT('',(-22.89420909574,-76.95477129961,
    35.481864325011));
#9081 = CARTESIAN_POINT('',(-11.67626106014,-77.81136814178,
    34.340634922951));
#9082 = CARTESIAN_POINT('',(-84.2,-88.37064612614,81.056514152026));
#9083 = CARTESIAN_POINT('',(-85.64833972876,-87.64508555149,
    77.241763352972));
#9084 = CARTESIAN_POINT('',(-83.71601795838,-88.177223264,75.3674464881)
  );
#9085 = CARTESIAN_POINT('',(-82.99780980876,-87.9720115878,
    72.761779319326));
#9086 = CARTESIAN_POINT('',(-78.54563736061,-87.58117385691,
    64.926266150993));
#9087 = CARTESIAN_POINT('',(-72.44055585288,-86.39362197664,
    58.480250868134));
#9088 = CARTESIAN_POINT('',(-67.56626374691,-85.45278086653,
    54.59103823442));
#9089 = CARTESIAN_POINT('',(-54.95134662294,-82.75710275854,
    46.072226234594));
#9090 = CARTESIAN_POINT('',(-40.79682998546,-79.92493319376,
    40.382604701818));
#9091 = CARTESIAN_POINT('',(-33.37666064632,-77.71186869887,
    38.135833845408));
#9092 = CARTESIAN_POINT('',(-22.89420909574,-76.67566390407,
    35.503816592076));
#9093 = CARTESIAN_POINT('',(-11.67626106014,-78.09766875923,
    34.318116896859));
#9094 = CARTESIAN_POINT('',(-84.2,-103.0752343127,79.899973508132));
#9095 = CARTESIAN_POINT('',(-85.64833972876,-102.9791697334,
    76.035711788101));
#9096 = CARTESIAN_POINT('',(-83.71601795839,-102.6239563759,
    74.231186580418));
#9097 = CARTESIAN_POINT('',(-82.99780980876,-102.1962082913,
    71.643022275231));
#9098 = CARTESIAN_POINT('',(-78.54563736061,-100.3318779271,
    63.923401785922));
#9099 = CARTESIAN_POINT('',(-72.44055585288,-97.54260163778,
    57.60336482737));
#9100 = CARTESIAN_POINT('',(-67.56626374691,-95.37009575931,
    53.811024703528));
#9101 = CARTESIAN_POINT('',(-54.95134662294,-89.59848545751,
    45.5341399549));
#9102 = CARTESIAN_POINT('',(-40.79682998546,-83.53666093027,
    40.09853622816));
#9103 = CARTESIAN_POINT('',(-33.37666064632,-78.92609910914,
    38.040332577185));
#9104 = CARTESIAN_POINT('',(-22.89420909574,-76.39655650854,
    35.52576885914));
#9105 = CARTESIAN_POINT('',(-11.67626106014,-78.38396937668,
    34.295598870768));
#9106 = CARTESIAN_POINT('',(-84.2,-117.7798224994,78.743432864238));
#9107 = CARTESIAN_POINT('',(-85.64833972876,-118.3132539153,
    74.829660223229));
#9108 = CARTESIAN_POINT('',(-83.71601795838,-117.0706894879,
    73.094926672735));
#9109 = CARTESIAN_POINT('',(-82.99780980876,-116.4204049947,
    70.524265231137));
#9110 = CARTESIAN_POINT('',(-78.54563736061,-113.0825819973,
    62.920537420851));
#9111 = CARTESIAN_POINT('',(-72.44055585288,-108.6915812989,
    56.726478786606));
#9112 = CARTESIAN_POINT('',(-67.56626374691,-105.287410652,
    53.031011172635));
#9113 = CARTESIAN_POINT('',(-54.95134662294,-96.43986815647,
    44.996053675207));
#9114 = CARTESIAN_POINT('',(-40.79682998546,-87.14838866678,
    39.814467754502));
#9115 = CARTESIAN_POINT('',(-33.37666064632,-80.1403295194,
    37.944831308962));
#9116 = CARTESIAN_POINT('',(-22.89420909574,-76.11744911301,
    35.547721126205));
#9117 = CARTESIAN_POINT('',(-11.67626106014,-78.67026999412,
    34.273080844677));
#9118 = CARTESIAN_POINT('',(-84.2,-132.484410686,77.586892220344));
#9119 = CARTESIAN_POINT('',(-85.64833972876,-133.6473380973,
    73.623608658358));
#9120 = CARTESIAN_POINT('',(-83.71601795839,-131.5174225998,
    71.958666765053));
#9121 = CARTESIAN_POINT('',(-82.99780980876,-130.6446016982,
    69.405508187042));
#9122 = CARTESIAN_POINT('',(-78.54563736061,-125.8332860675,
    61.917673055779));
#9123 = CARTESIAN_POINT('',(-72.44055585288,-119.84056096,
    55.849592745842));
#9124 = CARTESIAN_POINT('',(-67.56626374691,-115.2047255448,
    52.250997641743));
#9125 = CARTESIAN_POINT('',(-54.95134662294,-103.2812508554,
    44.457967395513));
#9126 = CARTESIAN_POINT('',(-40.79682998546,-90.76011640329,
    39.530399280843));
#9127 = CARTESIAN_POINT('',(-33.37666064632,-81.35455992966,
    37.849330040739));
#9128 = CARTESIAN_POINT('',(-22.89420909574,-75.83834171748,
    35.569673393269));
#9129 = CARTESIAN_POINT('',(-11.67626106014,-78.95657061157,
    34.250562818585));
#9130 = ADVANCED_FACE('',(#9131),#9164,.T.);
#9131 = FACE_BOUND('',#9132,.T.);
#9132 = EDGE_LOOP('',(#9133,#9150,#9151,#9152));
#9133 = ORIENTED_EDGE('',*,*,#9134,.F.);
#9134 = EDGE_CURVE('',#7636,#9135,#9137,.T.);
#9135 = VERTEX_POINT('',#9136);
#9136 = CARTESIAN_POINT('',(-1.337608529757,-66.35934344391,
    35.241355966603));
#9137 = ( BOUNDED_CURVE() B_SPLINE_CURVE(5,(#9138,#9139,#9140,#9141,
    #9142,#9143,#9144,#9145,#9146,#9147,#9148,#9149),.UNSPECIFIED.,.F.,
.F.) B_SPLINE_CURVE_WITH_KNOTS((6,3,3,6),(0.,0.140008746217,
0.486487427334,1.),.UNSPECIFIED.) CURVE() GEOMETRIC_REPRESENTATION_ITEM(
) RATIONAL_B_SPLINE_CURVE((1.,1.,1.,1.,1.,1.,1.,1.,1.,1.,1.,1.)) 
REPRESENTATION_ITEM('') );
#9138 = CARTESIAN_POINT('',(-59.2,10.075325631953,88.799455750977));
#9139 = CARTESIAN_POINT('',(-60.64802244992,13.94868248505,
    85.232284434498));
#9140 = CARTESIAN_POINT('',(-58.71653258342,8.978960080006,
    83.008944054483));
#9141 = CARTESIAN_POINT('',(-57.9973807345,8.072430507726,
    80.315836562795));
#9142 = CARTESIAN_POINT('',(-53.54714163917,1.093877671646,
    71.900708406049));
#9143 = CARTESIAN_POINT('',(-47.43677779869,-5.721926423659,
    64.825215686908));
#9144 = CARTESIAN_POINT('',(-42.58110529442,-10.95797143168,
    60.45018054952));
#9145 = CARTESIAN_POINT('',(-29.87050825831,-23.54656895675,
    50.72923451114));
#9146 = CARTESIAN_POINT('',(-16.09746690764,-37.24297501752,
    43.739612648264));
#9147 = CARTESIAN_POINT('',(-5.958185661931,-44.30665675931,
    40.763210065374));
#9148 = CARTESIAN_POINT('',(0.597564712179,-54.65175277195,
    37.236034321569));
#9149 = CARTESIAN_POINT('',(-1.337608529757,-66.35934344391,
    35.241355966603));
#9150 = ORIENTED_EDGE('',*,*,#7645,.F.);
#9151 = ORIENTED_EDGE('',*,*,#8991,.T.);
#9152 = ORIENTED_EDGE('',*,*,#9153,.F.);
#9153 = EDGE_CURVE('',#9135,#8992,#9154,.T.);
#9154 = B_SPLINE_CURVE_WITH_KNOTS('',8,(#9155,#9156,#9157,#9158,#9159,
    #9160,#9161,#9162,#9163),.UNSPECIFIED.,.F.,.F.,(9,9),(2.,3.),
  .PIECEWISE_BEZIER_KNOTS.);
#9155 = CARTESIAN_POINT('',(-1.337608529757,-66.35934344391,
    35.241355966603));
#9156 = CARTESIAN_POINT('',(-3.367598207099,-66.35934344391,
    35.241355966603));
#9157 = CARTESIAN_POINT('',(-5.397588523428,-66.81347016296,
    35.205638134768));
#9158 = CARTESIAN_POINT('',(-7.308317191247,-67.72171914074,
    35.134202821908));
#9159 = CARTESIAN_POINT('',(-8.980547935812,-69.04675709562,
    35.029986353549));
#9160 = CARTESIAN_POINT('',(-10.30967797239,-70.71383943134,
    34.898867518153));
#9161 = CARTESIAN_POINT('',(-11.22073187286,-72.61868541078,
    34.749048171457));
#9162 = CARTESIAN_POINT('',(-11.67626106014,-74.6424258599,
    34.589877574335));
#9163 = CARTESIAN_POINT('',(-11.67626106014,-76.666165672,
    34.430707027316));
#9164 = ( BOUNDED_SURFACE() B_SPLINE_SURFACE(8,5,(
    (#9165,#9166,#9167,#9168,#9169,#9170,#9171,#9172,#9173,#9174,#9175
      ,#9176)
    ,(#9177,#9178,#9179,#9180,#9181,#9182,#9183,#9184,#9185,#9186,#9187
      ,#9188)
    ,(#9189,#9190,#9191,#9192,#9193,#9194,#9195,#9196,#9197,#9198,#9199
      ,#9200)
    ,(#9201,#9202,#9203,#9204,#9205,#9206,#9207,#9208,#9209,#9210,#9211
      ,#9212)
    ,(#9213,#9214,#9215,#9216,#9217,#9218,#9219,#9220,#9221,#9222,#9223
      ,#9224)
    ,(#9225,#9226,#9227,#9228,#9229,#9230,#9231,#9232,#9233,#9234,#9235
      ,#9236)
    ,(#9237,#9238,#9239,#9240,#9241,#9242,#9243,#9244,#9245,#9246,#9247
      ,#9248)
    ,(#9249,#9250,#9251,#9252,#9253,#9254,#9255,#9256,#9257,#9258,#9259
      ,#9260)
    ,(#9261,#9262,#9263,#9264,#9265,#9266,#9267,#9268,#9269,#9270,#9271
,#9272
    )),.UNSPECIFIED.,.F.,.F.,.F.) B_SPLINE_SURFACE_WITH_KNOTS((9,9),(6,3
    ,3,6),(2.,3.),(0.,0.140008746217,0.486487427334,1.),.UNSPECIFIED.) 
GEOMETRIC_REPRESENTATION_ITEM() RATIONAL_B_SPLINE_SURFACE((
    (1.,1.,1.,1.,1.,1.,1.,1.,1.,1.,1.,1.)
    ,(1.,1.,1.,1.,1.,1.,1.,1.,1.,1.,1.,1.)
    ,(1.,1.,1.,1.,1.,1.,1.,1.,1.,1.,1.,1.)
    ,(1.,1.,1.,1.,1.,1.,1.,1.,1.,1.,1.,1.)
    ,(1.,1.,1.,1.,1.,1.,1.,1.,1.,1.,1.,1.)
    ,(1.,1.,1.,1.,1.,1.,1.,1.,1.,1.,1.,1.)
    ,(1.,1.,1.,1.,1.,1.,1.,1.,1.,1.,1.,1.)
    ,(1.,1.,1.,1.,1.,1.,1.,1.,1.,1.,1.,1.)
,(1.,1.,1.,1.,1.,1.,1.,1.,1.,1.,1.,1.
))) REPRESENTATION_ITEM('') SURFACE() );
#9165 = CARTESIAN_POINT('',(-59.2,10.075325631953,88.799455750977));
#9166 = CARTESIAN_POINT('',(-60.64802244992,13.94868248505,
    85.232284434498));
#9167 = CARTESIAN_POINT('',(-58.71653258342,8.978960080006,
    83.008944054483));
#9168 = CARTESIAN_POINT('',(-57.9973807345,8.072430507726,
    80.315836562795));
#9169 = CARTESIAN_POINT('',(-53.54714163917,1.093877671646,
    71.900708406049));
#9170 = CARTESIAN_POINT('',(-47.43677779869,-5.721926423659,
    64.825215686908));
#9171 = CARTESIAN_POINT('',(-42.58110529442,-10.95797143168,
    60.45018054952));
#9172 = CARTESIAN_POINT('',(-29.87050825831,-23.54656895675,
    50.72923451114));
#9173 = CARTESIAN_POINT('',(-16.09746690764,-37.24297501752,
    43.739612648264));
#9174 = CARTESIAN_POINT('',(-5.958185661931,-44.30665675931,
    40.763210065374));
#9175 = CARTESIAN_POINT('',(0.597564712179,-54.65175277195,
    37.236034321569));
#9176 = CARTESIAN_POINT('',(-1.337608529757,-66.35934344391,
    35.241355966603));
#9177 = CARTESIAN_POINT('',(-64.10873852123,10.075325631953,
    88.799455750977));
#9178 = CARTESIAN_POINT('',(-65.55682326871,13.94868248505,
    85.232284434498));
#9179 = CARTESIAN_POINT('',(-63.62517005826,8.978960080006,
    83.008944054483));
#9180 = CARTESIAN_POINT('',(-62.90620350427,8.072430507725,
    80.315836562796));
#9181 = CARTESIAN_POINT('',(-58.45558479599,1.093877671647,
    71.900708406048));
#9182 = CARTESIAN_POINT('',(-52.34625813913,-5.72192642366,
    64.825215686909));
#9183 = CARTESIAN_POINT('',(-47.48692968461,-10.95797143168,
    60.450180549518));
#9184 = CARTESIAN_POINT('',(-34.79511935533,-23.54656895675,
    50.729234511144));
#9185 = CARTESIAN_POINT('',(-20.94717550724,-37.24297501752,
    43.73961264826));
#9186 = CARTESIAN_POINT('',(-11.34179063591,-44.30665675931,
    40.76321006538));
#9187 = CARTESIAN_POINT('',(-4.015034288741,-54.65175277194,
    37.236034321566));
#9188 = CARTESIAN_POINT('',(-3.367598207099,-66.35934344391,
    35.241355966603));
#9189 = CARTESIAN_POINT('',(-69.0174785876,8.977197230506,
    88.713086101425));
#9190 = CARTESIAN_POINT('',(-70.46562563265,12.850540147088,
    85.14591368882));
#9191 = CARTESIAN_POINT('',(-68.53380907823,7.880854283533,
    82.922576182846));
#9192 = CARTESIAN_POINT('',(-67.8150278192,6.974283259134,
    80.229465430885));
#9193 = CARTESIAN_POINT('',(-63.36402949787,-4.184654160327E-03,
    71.814343953454));
#9194 = CARTESIAN_POINT('',(-57.25574002494,-6.820220776649,
    64.73883298499));
#9195 = CARTESIAN_POINT('',(-52.39275561903,-12.05544791614,
    60.363862174338));
#9196 = CARTESIAN_POINT('',(-39.71973200247,-24.64824819436,
    50.642585582339));
#9197 = CARTESIAN_POINT('',(-25.7968856334,-38.32789790126,
    43.654281634936));
#9198 = CARTESIAN_POINT('',(-16.72539730448,-45.51101700349,
    40.668485102347));
#9199 = CARTESIAN_POINT('',(-8.627634741589,-55.68363213271,
    37.154875270725));
#9200 = CARTESIAN_POINT('',(-5.397588523428,-66.81347016296,
    35.205638134768));
#9201 = CARTESIAN_POINT('',(-73.63783085837,6.78095121318,
    88.540347650625));
#9202 = CARTESIAN_POINT('',(-75.08603654104,10.654266256865,
    84.973173045759));
#9203 = CARTESIAN_POINT('',(-73.15406623901,5.684653475937,
    82.749841287875));
#9204 = CARTESIAN_POINT('',(-72.43545938894,4.777999547701,
    80.056724015377));
#9205 = CARTESIAN_POINT('',(-67.98410375677,-2.200298520852,
    71.641615896529));
#9206 = CARTESIAN_POINT('',(-61.87679053336,-9.016798695438,
    64.566068429577));
#9207 = CARTESIAN_POINT('',(-57.01036496269,-14.25039010587,
    60.19122627177));
#9208 = CARTESIAN_POINT('',(-44.35502434211,-26.85159584915,
    50.469288575793));
#9209 = CARTESIAN_POINT('',(-30.36167596472,-40.49773301285,
    43.483620446372));
#9210 = CARTESIAN_POINT('',(-21.79271783071,-47.91972566293,
    40.479036106677));
#9211 = CARTESIAN_POINT('',(-12.96924555989,-57.74738071931,
    36.992557966149));
#9212 = CARTESIAN_POINT('',(-7.308317191247,-67.72171914074,
    35.134202821908));
#9213 = CARTESIAN_POINT('',(-77.68146889449,3.57686356495,
    88.288340756942));
#9214 = CARTESIAN_POINT('',(-79.12972589557,7.450137945069,
    84.721162953836));
#9215 = CARTESIAN_POINT('',(-77.19762103687,2.480631783853,
    82.497839581742));
#9216 = CARTESIAN_POINT('',(-76.4791668259,1.573856907809,
    79.804712796512));
#9217 = CARTESIAN_POINT('',(-72.02749848256,-5.404193375472,
    71.389624166383));
#9218 = CARTESIAN_POINT('',(-65.92103965283,-12.22137055233,
    64.314023452072));
#9219 = CARTESIAN_POINT('',(-61.05160244497,-17.45257560935,
    59.939368984987));
#9220 = CARTESIAN_POINT('',(-48.41173762166,-30.06604402559,
    50.216466809089));
#9221 = CARTESIAN_POINT('',(-34.35668732511,-43.66328997914,
    43.234644055784));
#9222 = CARTESIAN_POINT('',(-26.22753336426,-51.43377354414,
    40.202650318241));
#9223 = CARTESIAN_POINT('',(-16.76893476412,-60.75816881106,
    36.755754408388));
#9224 = CARTESIAN_POINT('',(-8.980547935812,-69.04675709562,
    35.029986353549));
#9225 = CARTESIAN_POINT('',(-80.89545164678,-0.454325051799,
    87.971280978099));
#9226 = CARTESIAN_POINT('',(-82.34374943703,3.418898167885,
    84.404099151114));
#9227 = CARTESIAN_POINT('',(-80.41153762929,-1.55047385087,
    82.180786329593));
#9228 = CARTESIAN_POINT('',(-79.69320473968,-2.457400896112,
    79.487647575975));
#9229 = CARTESIAN_POINT('',(-75.24128784584,-9.435139430994,
    71.072583465395));
#9230 = CARTESIAN_POINT('',(-69.13550810916,-16.25316837104,
    63.996915758462));
#9231 = CARTESIAN_POINT('',(-64.26367717815,-21.481371063,
    59.622497432446));
#9232 = CARTESIAN_POINT('',(-51.63611289834,-34.11026763016,
    49.898381806499));
#9233 = CARTESIAN_POINT('',(-37.53202040208,-47.64600163034,
    42.921397071963));
#9234 = CARTESIAN_POINT('',(-29.75243359203,-55.85493531399,
    39.854918493673));
#9235 = CARTESIAN_POINT('',(-19.78902099769,-64.5461596575,
    36.457822544045));
#9236 = CARTESIAN_POINT('',(-10.30967797239,-70.71383943134,
    34.898867518153));
#9237 = CARTESIAN_POINT('',(-83.09848027597,-5.060452334439,
    87.609001304182));
#9238 = CARTESIAN_POINT('',(-84.54680602517,-1.187287571823,
    84.041814879472));
#9239 = CARTESIAN_POINT('',(-82.61452090915,-6.156506316374,
    81.818514113185));
#9240 = CARTESIAN_POINT('',(-81.89627117938,-7.063607233579,
    79.125361684268));
#9241 = CARTESIAN_POINT('',(-77.44418391628,-14.04098955769,
    70.710325590254));
#9242 = CARTESIAN_POINT('',(-71.3388696648,-20.85999174162,
    63.634581336061));
#9243 = CARTESIAN_POINT('',(-66.46539795317,-26.08476386337,
    59.260432830173));
#9244 = CARTESIAN_POINT('',(-53.84626509679,-38.73128898467,
    49.53493068872));
#9245 = CARTESIAN_POINT('',(-39.70855656141,-52.19673803581,
    42.563473983903));
#9246 = CARTESIAN_POINT('',(-32.16858100639,-60.90665474094,
    39.457592246594));
#9247 = CARTESIAN_POINT('',(-21.85914300766,-68.87440366769,
    36.117398857859));
#9248 = CARTESIAN_POINT('',(-11.22073187286,-72.61868541078,
    34.749048171457));
#9249 = CARTESIAN_POINT('',(-84.2,-9.954079533851,87.224109277263));
#9250 = CARTESIAN_POINT('',(-85.64833972876,-6.080976877008,
    83.656917967818));
#9251 = CARTESIAN_POINT('',(-83.71601795839,-11.05003278046,
    81.433630009278));
#9252 = CARTESIAN_POINT('',(-82.99780980876,-11.95731842217,
    78.740463051456));
#9253 = CARTESIAN_POINT('',(-78.54563736061,-18.93432230196,
    70.32545672273));
#9254 = CARTESIAN_POINT('',(-72.44055585288,-25.75435847658,
    63.249631143421));
#9255 = CARTESIAN_POINT('',(-67.56626374691,-30.97548590275,
    58.875769298984));
#9256 = CARTESIAN_POINT('',(-54.95134662294,-43.64073989688,
    49.148794100123));
#9257 = CARTESIAN_POINT('',(-40.79682998546,-57.03151703444,
    42.183210467152));
#9258 = CARTESIAN_POINT('',(-33.37666064632,-66.27368653894,
    39.035466150129));
#9259 = CARTESIAN_POINT('',(-22.89420909574,-73.47280299843,
    35.755727000381));
#9260 = CARTESIAN_POINT('',(-11.67626106014,-74.6424258599,
    34.589877574335));
#9261 = CARTESIAN_POINT('',(-84.2,-14.84770519288,86.839217371496));
#9262 = CARTESIAN_POINT('',(-85.64833972876,-10.97466464179,
    83.272021177331));
#9263 = CARTESIAN_POINT('',(-83.71601795838,-15.9435577042,
    81.048746026511));
#9264 = CARTESIAN_POINT('',(-82.99780980876,-16.85102807035,
    78.3555645398));
#9265 = CARTESIAN_POINT('',(-78.54563736061,-23.82765350595,
    69.94058797635));
#9266 = CARTESIAN_POINT('',(-72.44055585288,-30.64872367093,
    62.864681071954));
#9267 = CARTESIAN_POINT('',(-67.56626374691,-35.86620640268,
    58.49110588888));
#9268 = CARTESIAN_POINT('',(-54.95134662294,-48.55018926372,
    48.762657633063));
#9269 = CARTESIAN_POINT('',(-40.79682998546,-61.86629451122,
    41.802947070108));
#9270 = CARTESIAN_POINT('',(-33.37666064632,-71.64071664754,
    38.613340186524));
#9271 = CARTESIAN_POINT('',(-22.89420909574,-78.07120088174,
    35.394055256754));
#9272 = CARTESIAN_POINT('',(-11.67626106014,-76.666165672,
    34.430707027316));
#9273 = ADVANCED_FACE('',(#9274),#9291,.T.);
#9274 = FACE_BOUND('',#9275,.T.);
#9275 = EDGE_LOOP('',(#9276,#9277,#9278,#9279));
#9276 = ORIENTED_EDGE('',*,*,#8278,.F.);
#9277 = ORIENTED_EDGE('',*,*,#7635,.F.);
#9278 = ORIENTED_EDGE('',*,*,#9134,.T.);
#9279 = ORIENTED_EDGE('',*,*,#9280,.F.);
#9280 = EDGE_CURVE('',#8279,#9135,#9281,.T.);
#9281 = B_SPLINE_CURVE_WITH_KNOTS('',8,(#9282,#9283,#9284,#9285,#9286,
    #9287,#9288,#9289,#9290),.UNSPECIFIED.,.F.,.F.,(9,9),(1.,2.),
  .PIECEWISE_BEZIER_KNOTS.);
#9282 = CARTESIAN_POINT('',(1.337608529757,-66.35934344391,
    35.241355966603));
#9283 = CARTESIAN_POINT('',(1.003206397317,-66.35934344391,
    35.241355966603));
#9284 = CARTESIAN_POINT('',(0.668804264878,-66.35934344391,
    35.241355966603));
#9285 = CARTESIAN_POINT('',(0.334402132439,-66.35934344391,
    35.241355966603));
#9286 = CARTESIAN_POINT('',(4.51028103754E-16,-66.35934344391,
    35.241355966603));
#9287 = CARTESIAN_POINT('',(-0.334402132439,-66.35934344391,
    35.241355966603));
#9288 = CARTESIAN_POINT('',(-0.668804264878,-66.35934344391,
    35.241355966603));
#9289 = CARTESIAN_POINT('',(-1.003206397317,-66.35934344391,
    35.241355966603));
#9290 = CARTESIAN_POINT('',(-1.337608529757,-66.35934344391,
    35.241355966603));
#9291 = ( BOUNDED_SURFACE() B_SPLINE_SURFACE(8,5,(
    (#9292,#9293,#9294,#9295,#9296,#9297,#9298,#9299,#9300,#9301,#9302
      ,#9303)
    ,(#9304,#9305,#9306,#9307,#9308,#9309,#9310,#9311,#9312,#9313,#9314
      ,#9315)
    ,(#9316,#9317,#9318,#9319,#9320,#9321,#9322,#9323,#9324,#9325,#9326
      ,#9327)
    ,(#9328,#9329,#9330,#9331,#9332,#9333,#9334,#9335,#9336,#9337,#9338
      ,#9339)
    ,(#9340,#9341,#9342,#9343,#9344,#9345,#9346,#9347,#9348,#9349,#9350
      ,#9351)
    ,(#9352,#9353,#9354,#9355,#9356,#9357,#9358,#9359,#9360,#9361,#9362
      ,#9363)
    ,(#9364,#9365,#9366,#9367,#9368,#9369,#9370,#9371,#9372,#9373,#9374
      ,#9375)
    ,(#9376,#9377,#9378,#9379,#9380,#9381,#9382,#9383,#9384,#9385,#9386
      ,#9387)
    ,(#9388,#9389,#9390,#9391,#9392,#9393,#9394,#9395,#9396,#9397,#9398
,#9399
    )),.UNSPECIFIED.,.F.,.F.,.F.) B_SPLINE_SURFACE_WITH_KNOTS((9,9),(6,3
    ,3,6),(1.,2.),(0.,0.140008746217,0.486487427334,1.),.UNSPECIFIED.) 
GEOMETRIC_REPRESENTATION_ITEM() RATIONAL_B_SPLINE_SURFACE((
    (1.,1.,1.,1.,1.,1.,1.,1.,1.,1.,1.,1.)
    ,(1.,1.,1.,1.,1.,1.,1.,1.,1.,1.,1.,1.)
    ,(1.,1.,1.,1.,1.,1.,1.,1.,1.,1.,1.,1.)
    ,(1.,1.,1.,1.,1.,1.,1.,1.,1.,1.,1.,1.)
    ,(1.,1.,1.,1.,1.,1.,1.,1.,1.,1.,1.,1.)
    ,(1.,1.,1.,1.,1.,1.,1.,1.,1.,1.,1.,1.)
    ,(1.,1.,1.,1.,1.,1.,1.,1.,1.,1.,1.,1.)
    ,(1.,1.,1.,1.,1.,1.,1.,1.,1.,1.,1.,1.)
,(1.,1.,1.,1.,1.,1.,1.,1.,1.,1.,1.,1.
))) REPRESENTATION_ITEM('') SURFACE() );
#9292 = CARTESIAN_POINT('',(59.2,10.075325631953,88.799455750977));
#9293 = CARTESIAN_POINT('',(60.648022449926,13.94868248505,
    85.232284434498));
#9294 = CARTESIAN_POINT('',(58.716532583429,8.978960080006,
    83.008944054483));
#9295 = CARTESIAN_POINT('',(57.997380734502,8.072430507725,
    80.315836562795));
#9296 = CARTESIAN_POINT('',(53.547141639171,1.093877671647,
    71.900708406049));
#9297 = CARTESIAN_POINT('',(47.436777798698,-5.72192642366,
    64.825215686908));
#9298 = CARTESIAN_POINT('',(42.581105294423,-10.95797143168,
    60.45018054952));
#9299 = CARTESIAN_POINT('',(29.870508258314,-23.54656895675,
    50.729234511139));
#9300 = CARTESIAN_POINT('',(16.097466907643,-37.24297501752,
    43.739612648264));
#9301 = CARTESIAN_POINT('',(5.95818566193,-44.30665675931,
    40.763210065374));
#9302 = CARTESIAN_POINT('',(-0.597564712179,-54.65175277195,
    37.236034321569));
#9303 = CARTESIAN_POINT('',(1.337608529757,-66.35934344391,
    35.241355966603));
#9304 = CARTESIAN_POINT('',(44.4,10.075325631953,88.799455750977));
#9305 = CARTESIAN_POINT('',(45.486016837446,13.94868248505,
    85.232284434498));
#9306 = CARTESIAN_POINT('',(44.03739943757,8.978960080006,
    83.008944054483));
#9307 = CARTESIAN_POINT('',(43.498035550877,8.072430507725,
    80.315836562795));
#9308 = CARTESIAN_POINT('',(40.160356229377,1.093877671647,
    71.900708406049));
#9309 = CARTESIAN_POINT('',(35.577583349024,-5.72192642366,
    64.825215686908));
#9310 = CARTESIAN_POINT('',(31.935828970817,-10.95797143168,
    60.45018054952));
#9311 = CARTESIAN_POINT('',(22.402881193737,-23.54656895675,
    50.729234511139));
#9312 = CARTESIAN_POINT('',(12.073100180731,-37.24297501752,
    43.739612648264));
#9313 = CARTESIAN_POINT('',(4.468639246449,-44.30665675931,
    40.763210065374));
#9314 = CARTESIAN_POINT('',(-0.448173534135,-54.65175277195,
    37.236034321569));
#9315 = CARTESIAN_POINT('',(1.003206397317,-66.35934344391,
    35.241355966603));
#9316 = CARTESIAN_POINT('',(29.6,10.075325631953,88.799455750977));
#9317 = CARTESIAN_POINT('',(30.324011224964,13.94868248505,
    85.232284434498));
#9318 = CARTESIAN_POINT('',(29.358266291713,8.978960080006,
    83.008944054483));
#9319 = CARTESIAN_POINT('',(28.998690367251,8.072430507726,
    80.315836562795));
#9320 = CARTESIAN_POINT('',(26.773570819585,1.093877671646,
    71.900708406049));
#9321 = CARTESIAN_POINT('',(23.71838889935,-5.721926423659,
    64.825215686908));
#9322 = CARTESIAN_POINT('',(21.290552647211,-10.95797143168,
    60.45018054952));
#9323 = CARTESIAN_POINT('',(14.935254129158,-23.54656895675,
    50.72923451114));
#9324 = CARTESIAN_POINT('',(8.04873345382,-37.24297501752,
    43.739612648264));
#9325 = CARTESIAN_POINT('',(2.979092830966,-44.3066567593,
    40.763210065374));
#9326 = CARTESIAN_POINT('',(-0.29878235609,-54.65175277195,
    37.236034321569));
#9327 = CARTESIAN_POINT('',(0.668804264878,-66.35934344391,
    35.241355966603));
#9328 = CARTESIAN_POINT('',(14.8,10.075325631953,88.799455750977));
#9329 = CARTESIAN_POINT('',(15.162005612482,13.94868248505,
    85.232284434498));
#9330 = CARTESIAN_POINT('',(14.679133145857,8.978960080006,
    83.008944054483));
#9331 = CARTESIAN_POINT('',(14.499345183626,8.072430507726,
    80.315836562795));
#9332 = CARTESIAN_POINT('',(13.386785409793,1.093877671646,
    71.900708406049));
#9333 = CARTESIAN_POINT('',(11.859194449675,-5.721926423659,
    64.825215686908));
#9334 = CARTESIAN_POINT('',(10.645276323606,-10.95797143168,
    60.45018054952));
#9335 = CARTESIAN_POINT('',(7.467627064579,-23.54656895675,
    50.72923451114));
#9336 = CARTESIAN_POINT('',(4.02436672691,-37.24297501752,
    43.739612648264));
#9337 = CARTESIAN_POINT('',(1.489546415483,-44.3066567593,
    40.763210065374));
#9338 = CARTESIAN_POINT('',(-0.149391178045,-54.65175277195,
    37.236034321569));
#9339 = CARTESIAN_POINT('',(0.334402132439,-66.35934344391,
    35.241355966603));
#9340 = CARTESIAN_POINT('',(4.440892098501E-16,10.075325631953,
    88.799455750977));
#9341 = CARTESIAN_POINT('',(-8.020263751335E-15,13.94868248505,
    85.232284434498));
#9342 = CARTESIAN_POINT('',(1.144048381184E-14,8.978960080006,
    83.008944054483));
#9343 = CARTESIAN_POINT('',(-4.36096235136E-15,8.072430507726,
    80.315836562795));
#9344 = CARTESIAN_POINT('',(8.525853244219E-15,1.093877671646,
    71.900708406049));
#9345 = CARTESIAN_POINT('',(-1.089335069007E-14,-5.721926423659,
    64.825215686908));
#9346 = CARTESIAN_POINT('',(5.961092943113E-15,-10.95797143168,
    60.45018054952));
#9347 = CARTESIAN_POINT('',(-6.755060257695E-15,-23.54656895675,
    50.72923451114));
#9348 = CARTESIAN_POINT('',(4.801073290772E-15,-37.24297501752,
    43.739612648264));
#9349 = CARTESIAN_POINT('',(-8.22517265092E-16,-44.3066567593,
    40.763210065374));
#9350 = CARTESIAN_POINT('',(3.886434047129E-15,-54.65175277195,
    37.236034321569));
#9351 = CARTESIAN_POINT('',(4.51028103754E-16,-66.35934344391,
    35.241355966603));
#9352 = CARTESIAN_POINT('',(-14.8,10.075325631953,88.799455750977));
#9353 = CARTESIAN_POINT('',(-15.16200561248,13.94868248505,
    85.232284434498));
#9354 = CARTESIAN_POINT('',(-14.67913314585,8.978960080006,
    83.008944054483));
#9355 = CARTESIAN_POINT('',(-14.49934518362,8.072430507726,
    80.315836562795));
#9356 = CARTESIAN_POINT('',(-13.38678540979,1.093877671646,
    71.900708406049));
#9357 = CARTESIAN_POINT('',(-11.85919444967,-5.721926423659,
    64.825215686908));
#9358 = CARTESIAN_POINT('',(-10.6452763236,-10.95797143168,
    60.45018054952));
#9359 = CARTESIAN_POINT('',(-7.467627064579,-23.54656895675,
    50.72923451114));
#9360 = CARTESIAN_POINT('',(-4.02436672691,-37.24297501752,
    43.739612648264));
#9361 = CARTESIAN_POINT('',(-1.489546415483,-44.3066567593,
    40.763210065374));
#9362 = CARTESIAN_POINT('',(0.149391178045,-54.65175277195,
    37.236034321569));
#9363 = CARTESIAN_POINT('',(-0.334402132439,-66.35934344391,
    35.241355966603));
#9364 = CARTESIAN_POINT('',(-29.6,10.075325631953,88.799455750977));
#9365 = CARTESIAN_POINT('',(-30.32401122496,13.94868248505,
    85.232284434498));
#9366 = CARTESIAN_POINT('',(-29.35826629171,8.978960080006,
    83.008944054483));
#9367 = CARTESIAN_POINT('',(-28.99869036725,8.072430507726,
    80.315836562795));
#9368 = CARTESIAN_POINT('',(-26.77357081958,1.093877671646,
    71.900708406049));
#9369 = CARTESIAN_POINT('',(-23.71838889935,-5.721926423659,
    64.825215686908));
#9370 = CARTESIAN_POINT('',(-21.29055264721,-10.95797143168,
    60.45018054952));
#9371 = CARTESIAN_POINT('',(-14.93525412915,-23.54656895675,
    50.72923451114));
#9372 = CARTESIAN_POINT('',(-8.04873345382,-37.24297501752,
    43.739612648264));
#9373 = CARTESIAN_POINT('',(-2.979092830967,-44.3066567593,
    40.763210065374));
#9374 = CARTESIAN_POINT('',(0.29878235609,-54.65175277195,
    37.236034321569));
#9375 = CARTESIAN_POINT('',(-0.668804264878,-66.35934344391,
    35.241355966603));
#9376 = CARTESIAN_POINT('',(-44.4,10.075325631953,88.799455750977));
#9377 = CARTESIAN_POINT('',(-45.48601683744,13.94868248505,
    85.232284434498));
#9378 = CARTESIAN_POINT('',(-44.03739943757,8.978960080006,
    83.008944054483));
#9379 = CARTESIAN_POINT('',(-43.49803555087,8.072430507725,
    80.315836562795));
#9380 = CARTESIAN_POINT('',(-40.16035622937,1.093877671647,
    71.900708406049));
#9381 = CARTESIAN_POINT('',(-35.57758334902,-5.72192642366,
    64.825215686908));
#9382 = CARTESIAN_POINT('',(-31.93582897081,-10.95797143168,
    60.45018054952));
#9383 = CARTESIAN_POINT('',(-22.40288119373,-23.54656895675,
    50.729234511139));
#9384 = CARTESIAN_POINT('',(-12.07310018073,-37.24297501752,
    43.739612648264));
#9385 = CARTESIAN_POINT('',(-4.468639246449,-44.30665675931,
    40.763210065374));
#9386 = CARTESIAN_POINT('',(0.448173534135,-54.65175277195,
    37.236034321569));
#9387 = CARTESIAN_POINT('',(-1.003206397317,-66.35934344391,
    35.241355966603));
#9388 = CARTESIAN_POINT('',(-59.2,10.075325631953,88.799455750977));
#9389 = CARTESIAN_POINT('',(-60.64802244992,13.94868248505,
    85.232284434498));
#9390 = CARTESIAN_POINT('',(-58.71653258342,8.978960080006,
    83.008944054483));
#9391 = CARTESIAN_POINT('',(-57.9973807345,8.072430507726,
    80.315836562795));
#9392 = CARTESIAN_POINT('',(-53.54714163917,1.093877671646,
    71.900708406049));
#9393 = CARTESIAN_POINT('',(-47.43677779869,-5.721926423659,
    64.825215686908));
#9394 = CARTESIAN_POINT('',(-42.58110529442,-10.95797143168,
    60.45018054952));
#9395 = CARTESIAN_POINT('',(-29.87050825831,-23.54656895675,
    50.72923451114));
#9396 = CARTESIAN_POINT('',(-16.09746690764,-37.24297501752,
    43.739612648264));
#9397 = CARTESIAN_POINT('',(-5.958185661931,-44.30665675931,
    40.763210065374));
#9398 = CARTESIAN_POINT('',(0.597564712179,-54.65175277195,
    37.236034321569));
#9399 = CARTESIAN_POINT('',(-1.337608529757,-66.35934344391,
    35.241355966603));
#9400 = ADVANCED_FACE('',(#9401),#9492,.F.);
#9401 = FACE_BOUND('',#9402,.F.);
#9402 = EDGE_LOOP('',(#9403,#9420,#9421,#9422,#9423,#9440,#9450,#9462,
    #9472,#9484));
#9403 = ORIENTED_EDGE('',*,*,#9404,.F.);
#9404 = EDGE_CURVE('',#8202,#9405,#9407,.T.);
#9405 = VERTEX_POINT('',#9406);
#9406 = CARTESIAN_POINT('',(46.79277528265,-3.55,62.558585438139));
#9407 = ( BOUNDED_CURVE() B_SPLINE_CURVE(5,(#9408,#9409,#9410,#9411,
    #9412,#9413,#9414,#9415,#9416,#9417,#9418,#9419),.UNSPECIFIED.,.F.,
.F.) B_SPLINE_CURVE_WITH_KNOTS((6,3,3,6),(0.,0.159756403183,
0.498579743718,1.),.UNSPECIFIED.) CURVE() GEOMETRIC_REPRESENTATION_ITEM(
) RATIONAL_B_SPLINE_CURVE((1.,1.,1.,1.,1.,1.,1.,1.,1.,1.,1.,1.)) 
REPRESENTATION_ITEM('') );
#9408 = CARTESIAN_POINT('',(59.2,12.567628714436,88.995479588925));
#9409 = CARTESIAN_POINT('',(61.100436600153,17.959094895752,
    84.754705122942));
#9410 = CARTESIAN_POINT('',(59.34291812442,12.838157144891,
    81.958234491897));
#9411 = CARTESIAN_POINT('',(58.392992509166,11.359406405592,
    78.8417939174));
#9412 = CARTESIAN_POINT('',(53.868953541675,4.182289687243,
    69.932861121616));
#9413 = CARTESIAN_POINT('',(47.415412165184,-3.087420092055,
    62.537318597989));
#9414 = CARTESIAN_POINT('',(42.597304275237,-8.233231431697,
    58.147976224954));
#9415 = CARTESIAN_POINT('',(29.849096277488,-20.90192810963,
    48.45171691675));
#9416 = CARTESIAN_POINT('',(16.180325555371,-34.48941901751,
    41.443227482446));
#9417 = CARTESIAN_POINT('',(5.644780812831,-41.53152582114,
    38.527362998446));
#9418 = CARTESIAN_POINT('',(7.008789981089E-03,-52.06950241667,
    34.891155896677));
#9419 = CARTESIAN_POINT('',(1.587608529757,-63.67101652348,
    32.945076722068));
#9420 = ORIENTED_EDGE('',*,*,#8243,.F.);
#9421 = ORIENTED_EDGE('',*,*,#7868,.F.);
#9422 = ORIENTED_EDGE('',*,*,#7894,.F.);
#9423 = ORIENTED_EDGE('',*,*,#9424,.T.);
#9424 = EDGE_CURVE('',#7895,#9425,#9427,.T.);
#9425 = VERTEX_POINT('',#9426);
#9426 = CARTESIAN_POINT('',(-46.79277528265,-3.55,62.558585438139));
#9427 = ( BOUNDED_CURVE() B_SPLINE_CURVE(5,(#9428,#9429,#9430,#9431,
    #9432,#9433,#9434,#9435,#9436,#9437,#9438,#9439),.UNSPECIFIED.,.F.,
.F.) B_SPLINE_CURVE_WITH_KNOTS((6,3,3,6),(0.,0.159756403183,
0.498579743718,1.),.UNSPECIFIED.) CURVE() GEOMETRIC_REPRESENTATION_ITEM(
) RATIONAL_B_SPLINE_CURVE((1.,1.,1.,1.,1.,1.,1.,1.,1.,1.,1.,1.)) 
REPRESENTATION_ITEM('') );
#9428 = CARTESIAN_POINT('',(-59.2,12.567628714436,88.995479588925));
#9429 = CARTESIAN_POINT('',(-61.10043660015,17.959094895752,
    84.754705122942));
#9430 = CARTESIAN_POINT('',(-59.34291812441,12.838157144891,
    81.958234491897));
#9431 = CARTESIAN_POINT('',(-58.39299250916,11.359406405592,
    78.8417939174));
#9432 = CARTESIAN_POINT('',(-53.86895354167,4.182289687243,
    69.932861121616));
#9433 = CARTESIAN_POINT('',(-47.41541216518,-3.087420092055,
    62.537318597989));
#9434 = CARTESIAN_POINT('',(-42.59730427523,-8.233231431697,
    58.147976224954));
#9435 = CARTESIAN_POINT('',(-29.84909627748,-20.90192810963,
    48.45171691675));
#9436 = CARTESIAN_POINT('',(-16.18032555537,-34.48941901751,
    41.443227482447));
#9437 = CARTESIAN_POINT('',(-5.644780812831,-41.53152582114,
    38.527362998446));
#9438 = CARTESIAN_POINT('',(-7.008789981052E-03,-52.06950241667,
    34.891155896677));
#9439 = CARTESIAN_POINT('',(-1.587608529757,-63.67101652348,
    32.945076722068));
#9440 = ORIENTED_EDGE('',*,*,#9441,.T.);
#9441 = EDGE_CURVE('',#9425,#9442,#9444,.T.);
#9442 = VERTEX_POINT('',#9443);
#9443 = CARTESIAN_POINT('',(-12.5,-3.55,62.558585438139));
#9444 = B_SPLINE_CURVE_WITH_KNOTS('',4,(#9445,#9446,#9447,#9448,#9449),
  .UNSPECIFIED.,.F.,.F.,(5,5),(0.,1.),.PIECEWISE_BEZIER_KNOTS.);
#9445 = CARTESIAN_POINT('',(-46.79277528265,-3.55,62.558585438139));
#9446 = CARTESIAN_POINT('',(-23.39638764132,-3.55,62.558585438139));
#9447 = CARTESIAN_POINT('',(-2.84217094304E-14,-3.55,62.558585438139));
#9448 = CARTESIAN_POINT('',(23.396387641325,-3.55,62.558585438139));
#9449 = CARTESIAN_POINT('',(46.79277528265,-3.55,62.558585438139));
#9450 = ORIENTED_EDGE('',*,*,#9451,.F.);
#9451 = EDGE_CURVE('',#9452,#9442,#9454,.T.);
#9452 = VERTEX_POINT('',#9453);
#9453 = CARTESIAN_POINT('',(-12.5,4.45,70.665550697643));
#9454 = B_SPLINE_CURVE_WITH_KNOTS('',6,(#9455,#9456,#9457,#9458,#9459,
    #9460,#9461),.UNSPECIFIED.,.F.,.F.,(7,7),(0.,1.),
  .PIECEWISE_BEZIER_KNOTS.);
#9455 = CARTESIAN_POINT('',(-12.5,4.45,70.665550697643));
#9456 = CARTESIAN_POINT('',(-12.5,3.17948512289,69.254228526176));
#9457 = CARTESIAN_POINT('',(-12.5,1.884564015868,67.864831769962));
#9458 = CARTESIAN_POINT('',(-12.5,0.564179930442,66.499381136012));
#9459 = CARTESIAN_POINT('',(-12.5,-0.782006700267,65.159312033322));
#9460 = CARTESIAN_POINT('',(-12.5,-2.15364850547,63.845507566267));
#9461 = CARTESIAN_POINT('',(-12.5,-3.55,62.558585438139));
#9462 = ORIENTED_EDGE('',*,*,#9463,.T.);
#9463 = EDGE_CURVE('',#9452,#9464,#9466,.T.);
#9464 = VERTEX_POINT('',#9465);
#9465 = CARTESIAN_POINT('',(12.5,4.45,70.665550697643));
#9466 = B_SPLINE_CURVE_WITH_KNOTS('',4,(#9467,#9468,#9469,#9470,#9471),
  .UNSPECIFIED.,.F.,.F.,(5,5),(0.,1.),.PIECEWISE_BEZIER_KNOTS.);
#9467 = CARTESIAN_POINT('',(-12.5,4.45,70.665550697643));
#9468 = CARTESIAN_POINT('',(-6.25,4.45,70.665550697643));
#9469 = CARTESIAN_POINT('',(3.552713678801E-14,4.45,70.665550697643));
#9470 = CARTESIAN_POINT('',(6.25,4.45,70.665550697643));
#9471 = CARTESIAN_POINT('',(12.5,4.45,70.665550697643));
#9472 = ORIENTED_EDGE('',*,*,#9473,.T.);
#9473 = EDGE_CURVE('',#9464,#9474,#9476,.T.);
#9474 = VERTEX_POINT('',#9475);
#9475 = CARTESIAN_POINT('',(12.5,-3.55,62.558585438139));
#9476 = B_SPLINE_CURVE_WITH_KNOTS('',6,(#9477,#9478,#9479,#9480,#9481,
    #9482,#9483),.UNSPECIFIED.,.F.,.F.,(7,7),(0.,1.),
  .PIECEWISE_BEZIER_KNOTS.);
#9477 = CARTESIAN_POINT('',(12.5,4.45,70.665550697643));
#9478 = CARTESIAN_POINT('',(12.5,3.17948512289,69.254228526176));
#9479 = CARTESIAN_POINT('',(12.5,1.884564015868,67.864831769962));
#9480 = CARTESIAN_POINT('',(12.5,0.564179930442,66.499381136012));
#9481 = CARTESIAN_POINT('',(12.5,-0.782006700266,65.159312033322));
#9482 = CARTESIAN_POINT('',(12.5,-2.15364850547,63.845507566267));
#9483 = CARTESIAN_POINT('',(12.5,-3.55,62.558585438139));
#9484 = ORIENTED_EDGE('',*,*,#9485,.T.);
#9485 = EDGE_CURVE('',#9474,#9405,#9486,.T.);
#9486 = B_SPLINE_CURVE_WITH_KNOTS('',4,(#9487,#9488,#9489,#9490,#9491),
  .UNSPECIFIED.,.F.,.F.,(5,5),(0.,1.),.PIECEWISE_BEZIER_KNOTS.);
#9487 = CARTESIAN_POINT('',(-46.79277528265,-3.55,62.558585438139));
#9488 = CARTESIAN_POINT('',(-23.39638764132,-3.55,62.558585438139));
#9489 = CARTESIAN_POINT('',(-2.84217094304E-14,-3.55,62.558585438139));
#9490 = CARTESIAN_POINT('',(23.396387641325,-3.55,62.558585438139));
#9491 = CARTESIAN_POINT('',(46.79277528265,-3.55,62.558585438139));
#9492 = ( BOUNDED_SURFACE() B_SPLINE_SURFACE(8,5,(
    (#9493,#9494,#9495,#9496,#9497,#9498,#9499,#9500,#9501,#9502,#9503
      ,#9504)
    ,(#9505,#9506,#9507,#9508,#9509,#9510,#9511,#9512,#9513,#9514,#9515
      ,#9516)
    ,(#9517,#9518,#9519,#9520,#9521,#9522,#9523,#9524,#9525,#9526,#9527
      ,#9528)
    ,(#9529,#9530,#9531,#9532,#9533,#9534,#9535,#9536,#9537,#9538,#9539
      ,#9540)
    ,(#9541,#9542,#9543,#9544,#9545,#9546,#9547,#9548,#9549,#9550,#9551
      ,#9552)
    ,(#9553,#9554,#9555,#9556,#9557,#9558,#9559,#9560,#9561,#9562,#9563
      ,#9564)
    ,(#9565,#9566,#9567,#9568,#9569,#9570,#9571,#9572,#9573,#9574,#9575
      ,#9576)
    ,(#9577,#9578,#9579,#9580,#9581,#9582,#9583,#9584,#9585,#9586,#9587
      ,#9588)
    ,(#9589,#9590,#9591,#9592,#9593,#9594,#9595,#9596,#9597,#9598,#9599
,#9600
    )),.UNSPECIFIED.,.F.,.F.,.F.) B_SPLINE_SURFACE_WITH_KNOTS((9,9),(6,3
    ,3,6),(1.,2.),(0.,0.159756403183,0.498579743718,1.),.UNSPECIFIED.) 
GEOMETRIC_REPRESENTATION_ITEM() RATIONAL_B_SPLINE_SURFACE((
    (1.,1.,1.,1.,1.,1.,1.,1.,1.,1.,1.,1.)
    ,(1.,1.,1.,1.,1.,1.,1.,1.,1.,1.,1.,1.)
    ,(1.,1.,1.,1.,1.,1.,1.,1.,1.,1.,1.,1.)
    ,(1.,1.,1.,1.,1.,1.,1.,1.,1.,1.,1.,1.)
    ,(1.,1.,1.,1.,1.,1.,1.,1.,1.,1.,1.,1.)
    ,(1.,1.,1.,1.,1.,1.,1.,1.,1.,1.,1.,1.)
    ,(1.,1.,1.,1.,1.,1.,1.,1.,1.,1.,1.,1.)
    ,(1.,1.,1.,1.,1.,1.,1.,1.,1.,1.,1.,1.)
,(1.,1.,1.,1.,1.,1.,1.,1.,1.,1.,1.,1.
))) REPRESENTATION_ITEM('') SURFACE() );
#9493 = CARTESIAN_POINT('',(59.2,12.567628714436,88.995479588925));
#9494 = CARTESIAN_POINT('',(61.100436600153,17.959094895752,
    84.754705122942));
#9495 = CARTESIAN_POINT('',(59.34291812442,12.838157144891,
    81.958234491897));
#9496 = CARTESIAN_POINT('',(58.392992509166,11.359406405592,
    78.8417939174));
#9497 = CARTESIAN_POINT('',(53.868953541675,4.182289687243,
    69.932861121616));
#9498 = CARTESIAN_POINT('',(47.415412165184,-3.087420092055,
    62.537318597989));
#9499 = CARTESIAN_POINT('',(42.597304275237,-8.233231431697,
    58.147976224954));
#9500 = CARTESIAN_POINT('',(29.849096277488,-20.90192810963,
    48.45171691675));
#9501 = CARTESIAN_POINT('',(16.180325555371,-34.48941901751,
    41.443227482446));
#9502 = CARTESIAN_POINT('',(5.644780812831,-41.53152582114,
    38.527362998446));
#9503 = CARTESIAN_POINT('',(7.008789981089E-03,-52.06950241667,
    34.891155896677));
#9504 = CARTESIAN_POINT('',(1.587608529757,-63.67101652348,
    32.945076722068));
#9505 = CARTESIAN_POINT('',(44.4,12.567628714436,88.995479588925));
#9506 = CARTESIAN_POINT('',(45.825327450113,17.959094895752,
    84.754705122942));
#9507 = CARTESIAN_POINT('',(44.507188593316,12.838157144891,
    81.958234491897));
#9508 = CARTESIAN_POINT('',(43.794744381874,11.359406405592,
    78.8417939174));
#9509 = CARTESIAN_POINT('',(40.401715156257,4.182289687243,
    69.932861121616));
#9510 = CARTESIAN_POINT('',(35.561559123888,-3.087420092055,
    62.537318597989));
#9511 = CARTESIAN_POINT('',(31.947978206427,-8.233231431697,
    58.147976224954));
#9512 = CARTESIAN_POINT('',(22.386822208117,-20.90192810963,
    48.45171691675));
#9513 = CARTESIAN_POINT('',(12.135244166527,-34.48941901751,
    41.443227482446));
#9514 = CARTESIAN_POINT('',(4.233585609624,-41.53152582114,
    38.527362998446));
#9515 = CARTESIAN_POINT('',(5.256592485283E-03,-52.06950241667,
    34.891155896677));
#9516 = CARTESIAN_POINT('',(1.190706397317,-63.67101652348,
    32.945076722068));
#9517 = CARTESIAN_POINT('',(29.6,12.567628714436,88.995479588925));
#9518 = CARTESIAN_POINT('',(30.550218300075,17.959094895752,
    84.754705122942));
#9519 = CARTESIAN_POINT('',(29.671459062211,12.838157144891,
    81.958234491897));
#9520 = CARTESIAN_POINT('',(29.196496254583,11.359406405592,
    78.8417939174));
#9521 = CARTESIAN_POINT('',(26.934476770838,4.182289687243,
    69.932861121616));
#9522 = CARTESIAN_POINT('',(23.707706082592,-3.087420092055,
    62.537318597989));
#9523 = CARTESIAN_POINT('',(21.298652137618,-8.233231431697,
    58.147976224954));
#9524 = CARTESIAN_POINT('',(14.924548138744,-20.90192810963,
    48.45171691675));
#9525 = CARTESIAN_POINT('',(8.090162777685,-34.48941901751,
    41.443227482446));
#9526 = CARTESIAN_POINT('',(2.822390406416,-41.53152582114,
    38.527362998446));
#9527 = CARTESIAN_POINT('',(3.504394990395E-03,-52.06950241667,
    34.891155896677));
#9528 = CARTESIAN_POINT('',(0.793804264878,-63.67101652348,
    32.945076722068));
#9529 = CARTESIAN_POINT('',(14.8,12.567628714436,88.995479588925));
#9530 = CARTESIAN_POINT('',(15.275109150038,17.959094895752,
    84.754705122942));
#9531 = CARTESIAN_POINT('',(14.835729531105,12.83815714489,
    81.958234491897));
#9532 = CARTESIAN_POINT('',(14.598248127291,11.359406405592,
    78.8417939174));
#9533 = CARTESIAN_POINT('',(13.467238385419,4.182289687243,
    69.932861121616));
#9534 = CARTESIAN_POINT('',(11.853853041296,-3.087420092055,
    62.537318597989));
#9535 = CARTESIAN_POINT('',(10.649326068809,-8.233231431697,
    58.147976224954));
#9536 = CARTESIAN_POINT('',(7.462274069372,-20.90192810963,
    48.45171691675));
#9537 = CARTESIAN_POINT('',(4.045081388842,-34.48941901751,
    41.443227482446));
#9538 = CARTESIAN_POINT('',(1.411195203208,-41.53152582114,
    38.527362998446));
#9539 = CARTESIAN_POINT('',(1.752197495151E-03,-52.06950241667,
    34.891155896677));
#9540 = CARTESIAN_POINT('',(0.396902132439,-63.67101652348,
    32.945076722068));
#9541 = CARTESIAN_POINT('',(4.440892098501E-16,12.567628714436,
    88.995479588925));
#9542 = CARTESIAN_POINT('',(-1.972692949182E-14,17.959094895752,
    84.754705122942));
#9543 = CARTESIAN_POINT('',(1.86263854369E-14,12.83815714489,
    81.958234491897));
#9544 = CARTESIAN_POINT('',(-5.432821912579E-15,11.359406405592,
    78.8417939174));
#9545 = CARTESIAN_POINT('',(9.165330668913E-15,4.182289687243,
    69.932861121616));
#9546 = CARTESIAN_POINT('',(-1.056729012877E-14,-3.087420092055,
    62.537318597989));
#9547 = CARTESIAN_POINT('',(5.197021688901E-15,-8.233231431697,
    58.147976224954));
#9548 = CARTESIAN_POINT('',(-3.009494100993E-15,-20.90192810963,
    48.45171691675));
#9549 = CARTESIAN_POINT('',(-8.609558965141E-15,-34.48941901751,
    41.443227482446));
#9550 = CARTESIAN_POINT('',(2.735459662913E-14,-41.53152582114,
    38.527362998446));
#9551 = CARTESIAN_POINT('',(-9.025377098028E-15,-52.06950241667,
    34.891155896677));
#9552 = CARTESIAN_POINT('',(0.,-63.67101652348,32.945076722068));
#9553 = CARTESIAN_POINT('',(-14.8,12.567628714436,88.995479588925));
#9554 = CARTESIAN_POINT('',(-15.27510915003,17.959094895752,
    84.754705122942));
#9555 = CARTESIAN_POINT('',(-14.8357295311,12.838157144891,
    81.958234491897));
#9556 = CARTESIAN_POINT('',(-14.59824812729,11.359406405592,
    78.8417939174));
#9557 = CARTESIAN_POINT('',(-13.46723838541,4.182289687243,
    69.932861121616));
#9558 = CARTESIAN_POINT('',(-11.85385304129,-3.087420092055,
    62.537318597989));
#9559 = CARTESIAN_POINT('',(-10.6493260688,-8.233231431697,
    58.147976224954));
#9560 = CARTESIAN_POINT('',(-7.462274069372,-20.90192810963,
    48.45171691675));
#9561 = CARTESIAN_POINT('',(-4.045081388843,-34.48941901751,
    41.443227482446));
#9562 = CARTESIAN_POINT('',(-1.411195203208,-41.53152582114,
    38.527362998446));
#9563 = CARTESIAN_POINT('',(-1.752197495291E-03,-52.06950241667,
    34.891155896677));
#9564 = CARTESIAN_POINT('',(-0.396902132439,-63.67101652348,
    32.945076722068));
#9565 = CARTESIAN_POINT('',(-29.6,12.567628714436,88.995479588925));
#9566 = CARTESIAN_POINT('',(-30.55021830007,17.959094895752,
    84.754705122942));
#9567 = CARTESIAN_POINT('',(-29.67145906221,12.83815714489,
    81.958234491897));
#9568 = CARTESIAN_POINT('',(-29.19649625458,11.359406405592,
    78.8417939174));
#9569 = CARTESIAN_POINT('',(-26.93447677083,4.182289687243,
    69.932861121616));
#9570 = CARTESIAN_POINT('',(-23.70770608259,-3.087420092055,
    62.537318597989));
#9571 = CARTESIAN_POINT('',(-21.29865213761,-8.233231431697,
    58.147976224954));
#9572 = CARTESIAN_POINT('',(-14.92454813874,-20.90192810963,
    48.45171691675));
#9573 = CARTESIAN_POINT('',(-8.090162777685,-34.48941901751,
    41.443227482446));
#9574 = CARTESIAN_POINT('',(-2.822390406415,-41.53152582114,
    38.527362998446));
#9575 = CARTESIAN_POINT('',(-3.504394990545E-03,-52.06950241667,
    34.891155896677));
#9576 = CARTESIAN_POINT('',(-0.793804264878,-63.67101652348,
    32.945076722068));
#9577 = CARTESIAN_POINT('',(-44.4,12.567628714436,88.995479588925));
#9578 = CARTESIAN_POINT('',(-45.82532745011,17.959094895752,
    84.754705122942));
#9579 = CARTESIAN_POINT('',(-44.50718859331,12.83815714489,
    81.958234491897));
#9580 = CARTESIAN_POINT('',(-43.79474438187,11.359406405592,
    78.8417939174));
#9581 = CARTESIAN_POINT('',(-40.40171515625,4.182289687243,
    69.932861121616));
#9582 = CARTESIAN_POINT('',(-35.56155912388,-3.087420092055,
    62.537318597989));
#9583 = CARTESIAN_POINT('',(-31.94797820642,-8.233231431697,
    58.147976224954));
#9584 = CARTESIAN_POINT('',(-22.38682220811,-20.90192810963,
    48.45171691675));
#9585 = CARTESIAN_POINT('',(-12.13524416652,-34.48941901751,
    41.443227482446));
#9586 = CARTESIAN_POINT('',(-4.233585609623,-41.53152582114,
    38.527362998446));
#9587 = CARTESIAN_POINT('',(-5.256592486033E-03,-52.06950241667,
    34.891155896677));
#9588 = CARTESIAN_POINT('',(-1.190706397317,-63.67101652348,
    32.945076722068));
#9589 = CARTESIAN_POINT('',(-59.2,12.567628714436,88.995479588925));
#9590 = CARTESIAN_POINT('',(-61.10043660015,17.959094895752,
    84.754705122942));
#9591 = CARTESIAN_POINT('',(-59.34291812441,12.838157144891,
    81.958234491897));
#9592 = CARTESIAN_POINT('',(-58.39299250916,11.359406405592,
    78.8417939174));
#9593 = CARTESIAN_POINT('',(-53.86895354167,4.182289687243,
    69.932861121616));
#9594 = CARTESIAN_POINT('',(-47.41541216518,-3.087420092055,
    62.537318597989));
#9595 = CARTESIAN_POINT('',(-42.59730427523,-8.233231431697,
    58.147976224954));
#9596 = CARTESIAN_POINT('',(-29.84909627748,-20.90192810963,
    48.45171691675));
#9597 = CARTESIAN_POINT('',(-16.18032555537,-34.48941901751,
    41.443227482447));
#9598 = CARTESIAN_POINT('',(-5.644780812831,-41.53152582114,
    38.527362998446));
#9599 = CARTESIAN_POINT('',(-7.008789981052E-03,-52.06950241667,
    34.891155896677));
#9600 = CARTESIAN_POINT('',(-1.587608529757,-63.67101652348,
    32.945076722068));
#9601 = ADVANCED_FACE('',(#9602),#9723,.F.);
#9602 = FACE_BOUND('',#9603,.F.);
#9603 = EDGE_LOOP('',(#9604,#9605,#9622,#9650,#9693,#9704,#9721,#9722));
#9604 = ORIENTED_EDGE('',*,*,#7962,.F.);
#9605 = ORIENTED_EDGE('',*,*,#9606,.T.);
#9606 = EDGE_CURVE('',#7963,#9607,#9609,.T.);
#9607 = VERTEX_POINT('',#9608);
#9608 = CARTESIAN_POINT('',(-69.65,-35.92879142845,56.076341334091));
#9609 = ( BOUNDED_CURVE() B_SPLINE_CURVE(5,(#9610,#9611,#9612,#9613,
    #9614,#9615,#9616,#9617,#9618,#9619,#9620,#9621),.UNSPECIFIED.,.F.,
.F.) B_SPLINE_CURVE_WITH_KNOTS((6,3,3,6),(0.,0.159756403183,
0.498579743718,1.),.UNSPECIFIED.) CURVE() GEOMETRIC_REPRESENTATION_ITEM(
) RATIONAL_B_SPLINE_CURVE((1.,1.,1.,1.,1.,1.,1.,1.,1.,1.,1.,1.)) 
REPRESENTATION_ITEM('') );
#9610 = CARTESIAN_POINT('',(-86.7,-14.84770519288,86.839217371496));
#9611 = CARTESIAN_POINT('',(-88.6014870316,-9.45728620899,82.59836054167
    ));
#9612 = CARTESIAN_POINT('',(-86.84172171114,-14.57598403263,
    79.802066084676));
#9613 = CARTESIAN_POINT('',(-85.8937204057,-16.05665315723,
    76.685474625941));
#9614 = CARTESIAN_POINT('',(-81.36690887425,-23.2310058477,
    67.776759225609));
#9615 = CARTESIAN_POINT('',(-74.91982107348,-30.50714933367,
    60.380710680109));
#9616 = CARTESIAN_POINT('',(-70.07995977126,-35.63127423473,
    55.993073982018));
#9617 = CARTESIAN_POINT('',(-57.44348865588,-48.4113637832,
    46.288053436805));
#9618 = CARTESIAN_POINT('',(-43.32968032092,-61.55518724536,
    39.314459194863));
#9619 = CARTESIAN_POINT('',(-36.00375276483,-71.79702957194,
    36.146930119169));
#9620 = CARTESIAN_POINT('',(-25.26978472079,-77.25450014645,
    32.910313378605));
#9621 = CARTESIAN_POINT('',(-14.17626106014,-76.2209115258,
    31.958006328627));
#9622 = ORIENTED_EDGE('',*,*,#9623,.F.);
#9623 = EDGE_CURVE('',#9624,#9607,#9626,.T.);
#9624 = VERTEX_POINT('',#9625);
#9625 = CARTESIAN_POINT('',(-69.65,-14.,62.377588867671));
#9626 = B_SPLINE_CURVE_WITH_KNOTS('',8,(#9627,#9628,#9629,#9630,#9631,
    #9632,#9633,#9634,#9635,#9636,#9637,#9638,#9639,#9640,#9641,#9642,
    #9643,#9644,#9645,#9646,#9647,#9648,#9649),.UNSPECIFIED.,.F.,.F.,(9,
    7,7,9),(0.,0.121765163916,0.607657860594,1.),.UNSPECIFIED.);
#9627 = CARTESIAN_POINT('',(-69.65,-14.,62.377588867671));
#9628 = CARTESIAN_POINT('',(-69.65,-14.31644933703,62.230414947664));
#9629 = CARTESIAN_POINT('',(-69.65,-14.63363572301,62.084826553334));
#9630 = CARTESIAN_POINT('',(-69.65,-14.95154856203,61.940825026063));
#9631 = CARTESIAN_POINT('',(-69.65,-15.2701775115,61.798412197407));
#9632 = CARTESIAN_POINT('',(-69.65,-15.58951248213,61.657590389104));
#9633 = CARTESIAN_POINT('',(-69.65,-15.90954363794,61.518362413069));
#9634 = CARTESIAN_POINT('',(-69.65,-16.23026139628,61.380731571398));
#9635 = CARTESIAN_POINT('',(-69.65,-17.8341537656,60.701886781241));
#9636 = CARTESIAN_POINT('',(-69.65,-19.1273329443,60.184607979612));
#9637 = CARTESIAN_POINT('',(-69.65,-20.43071876441,59.693060706714));
#9638 = CARTESIAN_POINT('',(-69.65,-21.74382425217,59.227636430081));
#9639 = CARTESIAN_POINT('',(-69.65,-23.06617592666,58.789006895553));
#9640 = CARTESIAN_POINT('',(-69.65,-24.39732869395,58.378169443332));
#9641 = CARTESIAN_POINT('',(-69.65,-25.73691562233,57.996599569908));
#9642 = CARTESIAN_POINT('',(-69.65,-28.17313162853,57.364089928115));
#9643 = CARTESIAN_POINT('',(-69.65,-29.26643863078,57.102260213692));
#9644 = CARTESIAN_POINT('',(-69.65,-30.36496910058,56.862282403458));
#9645 = CARTESIAN_POINT('',(-69.65,-31.46873489946,56.645815504538));
#9646 = CARTESIAN_POINT('',(-69.65,-32.5774941432,56.455055707723));
#9647 = CARTESIAN_POINT('',(-69.65,-33.69081267452,56.293213451611));
#9648 = CARTESIAN_POINT('',(-69.65,-34.80806655224,56.164488234467));
#9649 = CARTESIAN_POINT('',(-69.65,-35.92879142845,56.076341334091));
#9650 = ORIENTED_EDGE('',*,*,#9651,.T.);
#9651 = EDGE_CURVE('',#9624,#9652,#9654,.T.);
#9652 = VERTEX_POINT('',#9653);
#9653 = CARTESIAN_POINT('',(-61.25671973853,-3.754395873491,
    64.816488399768));
#9654 = B_SPLINE_CURVE_WITH_KNOTS('',7,(#9655,#9656,#9657,#9658,#9659,
    #9660,#9661,#9662,#9663,#9664,#9665,#9666,#9667,#9668,#9669,#9670,
    #9671,#9672,#9673,#9674,#9675,#9676,#9677,#9678,#9679,#9680,#9681,
    #9682,#9683,#9684,#9685,#9686,#9687,#9688,#9689,#9690,#9691,#9692),
  .UNSPECIFIED.,.F.,.F.,(8,6,6,6,6,6,8),(0.,0.355222793441,
    0.517620454414,0.61409701211,0.67706919072,0.816354150329,1.),
  .UNSPECIFIED.);
#9655 = CARTESIAN_POINT('',(-69.65,-14.,62.377588867671));
#9656 = CARTESIAN_POINT('',(-69.65,-13.35548898268,62.677337363889));
#9657 = CARTESIAN_POINT('',(-69.60362409657,-12.70054358966,
    62.965740623505));
#9658 = CARTESIAN_POINT('',(-69.50817027193,-12.03820901732,
    63.241178850856));
#9659 = CARTESIAN_POINT('',(-69.36088521505,-11.37247555181,
    63.501741688517));
#9660 = CARTESIAN_POINT('',(-69.15934352415,-10.70828382661,
    63.745346121673));
#9661 = CARTESIAN_POINT('',(-68.90173627771,-10.05148870612,
    63.969767947599));
#9662 = CARTESIAN_POINT('',(-68.44366869095,-9.114911976975,
    64.265438723217));
#9663 = CARTESIAN_POINT('',(-68.28811023509,-8.824042178193,
    64.353695253629));
#9664 = CARTESIAN_POINT('',(-68.12065994264,-8.536803331498,
    64.437216242122));
#9665 = CARTESIAN_POINT('',(-67.941325977,-8.253892468366,
    64.515769522387));
#9666 = CARTESIAN_POINT('',(-67.75018516355,-7.976036141461,
    64.589122554339));
#9667 = CARTESIAN_POINT('',(-67.54739649649,-7.703983132376,
    64.657045561927));
#9668 = CARTESIAN_POINT('',(-67.20597434204,-7.280778306534,
    64.756307256022));
#9669 = CARTESIAN_POINT('',(-67.07471251235,-7.12537627523,
    64.791304652175));
#9670 = CARTESIAN_POINT('',(-66.93948298718,-6.972451310474,
    64.824259969346));
#9671 = CARTESIAN_POINT('',(-66.8003503461,-6.822163656064,
    64.855127534053));
#9672 = CARTESIAN_POINT('',(-66.65739088676,-6.674672767181,
    64.883863239629));
#9673 = CARTESIAN_POINT('',(-66.51069359417,-6.530136522999,
    64.910424896449));
#9674 = CARTESIAN_POINT('',(-66.26223609082,-6.296398806112,
    64.950664803542));
#9675 = CARTESIAN_POINT('',(-66.16256208986,-6.205411918741,
    64.965613850657));
#9676 = CARTESIAN_POINT('',(-66.06136748452,-6.115793067933,
    64.979608585683));
#9677 = CARTESIAN_POINT('',(-65.95868289621,-6.027584613086,
    64.992638420294));
#9678 = CARTESIAN_POINT('',(-65.85454119014,-5.940827982234,
    65.004693315662));
#9679 = CARTESIAN_POINT('',(-65.74897747535,-5.855563672043,
    65.015763782451));
#9680 = CARTESIAN_POINT('',(-65.40547544212,-5.586627756627,
    65.048129902283));
#9681 = CARTESIAN_POINT('',(-65.16213991052,-5.408912473571,
    65.065559766645));
#9682 = CARTESIAN_POINT('',(-64.91243811893,-5.239120718908,
    65.078033537912));
#9683 = CARTESIAN_POINT('',(-64.65682557607,-5.077647285737,
    65.085470837509));
#9684 = CARTESIAN_POINT('',(-64.39579930999,-4.924843386892,
    65.087810099754));
#9685 = CARTESIAN_POINT('',(-64.1298994878,-4.781013601836,
    65.085010827321));
#9686 = CARTESIAN_POINT('',(-63.50347021745,-4.468943020912,
    65.066567282993));
#9687 = CARTESIAN_POINT('',(-63.13972875118,-4.307494162992,
    65.047114923019));
#9688 = CARTESIAN_POINT('',(-62.76985257715,-4.162669492362,
    65.018658054737));
#9689 = CARTESIAN_POINT('',(-62.39522465214,-4.034848475283,
    64.981231360705));
#9690 = CARTESIAN_POINT('',(-62.01723447425,-3.924217923126,
    64.934935576864));
#9691 = CARTESIAN_POINT('',(-61.63727111219,-3.830788393841,
    64.879938793698));
#9692 = CARTESIAN_POINT('',(-61.25671973853,-3.754395873491,
    64.816488399768));
#9693 = ORIENTED_EDGE('',*,*,#9694,.T.);
#9694 = EDGE_CURVE('',#9652,#9695,#9697,.T.);
#9695 = VERTEX_POINT('',#9696);
#9696 = CARTESIAN_POINT('',(-59.2,-3.55,64.368771873595));
#9697 = B_SPLINE_CURVE_WITH_KNOTS('',5,(#9698,#9699,#9700,#9701,#9702,
    #9703),.UNSPECIFIED.,.F.,.F.,(6,6),(0.,1.),
  .PIECEWISE_BEZIER_KNOTS.);
#9698 = CARTESIAN_POINT('',(-61.25671973853,-3.754395873491,
    64.816488399768));
#9699 = CARTESIAN_POINT('',(-60.84287569437,-3.671320126685,
    64.747487025854));
#9700 = CARTESIAN_POINT('',(-60.42822735455,-3.609820606818,
    64.667764049958));
#9701 = CARTESIAN_POINT('',(-60.01497385459,-3.569623181424,
    64.57770772988));
#9702 = CARTESIAN_POINT('',(-59.60502603002,-3.55,64.477841149119));
#9703 = CARTESIAN_POINT('',(-59.2,-3.55,64.368771873595));
#9704 = ORIENTED_EDGE('',*,*,#9705,.T.);
#9705 = EDGE_CURVE('',#9695,#9425,#9706,.T.);
#9706 = B_SPLINE_CURVE_WITH_KNOTS('',7,(#9707,#9708,#9709,#9710,#9711,
    #9712,#9713,#9714,#9715,#9716,#9717,#9718,#9719,#9720),
  .UNSPECIFIED.,.F.,.F.,(8,6,8),(0.,0.531175326928,1.),.UNSPECIFIED.);
#9707 = CARTESIAN_POINT('',(-59.2,-3.55,64.368771873595));
#9708 = CARTESIAN_POINT('',(-58.27867013908,-3.55,64.120667374131));
#9709 = CARTESIAN_POINT('',(-57.35277508322,-3.55,63.889673270535));
#9710 = CARTESIAN_POINT('',(-56.42257905895,-3.55,63.676108053834));
#9711 = CARTESIAN_POINT('',(-55.48837299187,-3.55,63.480483401882));
#9712 = CARTESIAN_POINT('',(-54.55047238231,-3.55,63.303512744847));
#9713 = CARTESIAN_POINT('',(-53.60920239042,-3.55,63.146187401831));
#9714 = CARTESIAN_POINT('',(-51.83138589248,-3.55,62.889648541097));
#9715 = CARTESIAN_POINT('',(-50.99563214784,-3.55,62.785798474314));
#9716 = CARTESIAN_POINT('',(-50.15773031964,-3.55,62.699323839387));
#9717 = CARTESIAN_POINT('',(-49.31796816165,-3.55,62.631471365293));
#9718 = CARTESIAN_POINT('',(-48.47679571456,-3.55,62.583864870744));
#9719 = CARTESIAN_POINT('',(-47.63481934391,-3.55,62.558585438139));
#9720 = CARTESIAN_POINT('',(-46.79277528265,-3.55,62.558585438139));
#9721 = ORIENTED_EDGE('',*,*,#9424,.F.);
#9722 = ORIENTED_EDGE('',*,*,#7904,.F.);
#9723 = ( BOUNDED_SURFACE() B_SPLINE_SURFACE(8,5,(
    (#9724,#9725,#9726,#9727,#9728,#9729,#9730,#9731,#9732,#9733,#9734
      ,#9735)
    ,(#9736,#9737,#9738,#9739,#9740,#9741,#9742,#9743,#9744,#9745,#9746
      ,#9747)
    ,(#9748,#9749,#9750,#9751,#9752,#9753,#9754,#9755,#9756,#9757,#9758
      ,#9759)
    ,(#9760,#9761,#9762,#9763,#9764,#9765,#9766,#9767,#9768,#9769,#9770
      ,#9771)
    ,(#9772,#9773,#9774,#9775,#9776,#9777,#9778,#9779,#9780,#9781,#9782
      ,#9783)
    ,(#9784,#9785,#9786,#9787,#9788,#9789,#9790,#9791,#9792,#9793,#9794
      ,#9795)
    ,(#9796,#9797,#9798,#9799,#9800,#9801,#9802,#9803,#9804,#9805,#9806
      ,#9807)
    ,(#9808,#9809,#9810,#9811,#9812,#9813,#9814,#9815,#9816,#9817,#9818
      ,#9819)
    ,(#9820,#9821,#9822,#9823,#9824,#9825,#9826,#9827,#9828,#9829,#9830
,#9831
    )),.UNSPECIFIED.,.F.,.F.,.F.) B_SPLINE_SURFACE_WITH_KNOTS((9,9),(6,3
    ,3,6),(2.,3.),(0.,0.159756403183,0.498579743718,1.),.UNSPECIFIED.) 
GEOMETRIC_REPRESENTATION_ITEM() RATIONAL_B_SPLINE_SURFACE((
    (1.,1.,1.,1.,1.,1.,1.,1.,1.,1.,1.,1.)
    ,(1.,1.,1.,1.,1.,1.,1.,1.,1.,1.,1.,1.)
    ,(1.,1.,1.,1.,1.,1.,1.,1.,1.,1.,1.,1.)
    ,(1.,1.,1.,1.,1.,1.,1.,1.,1.,1.,1.,1.)
    ,(1.,1.,1.,1.,1.,1.,1.,1.,1.,1.,1.,1.)
    ,(1.,1.,1.,1.,1.,1.,1.,1.,1.,1.,1.,1.)
    ,(1.,1.,1.,1.,1.,1.,1.,1.,1.,1.,1.,1.)
    ,(1.,1.,1.,1.,1.,1.,1.,1.,1.,1.,1.,1.)
,(1.,1.,1.,1.,1.,1.,1.,1.,1.,1.,1.,1.
))) REPRESENTATION_ITEM('') SURFACE() );
#9724 = CARTESIAN_POINT('',(-59.2,12.567628714436,88.995479588925));
#9725 = CARTESIAN_POINT('',(-61.10043660015,17.959094895752,
    84.754705122942));
#9726 = CARTESIAN_POINT('',(-59.34291812441,12.838157144891,
    81.958234491897));
#9727 = CARTESIAN_POINT('',(-58.39299250916,11.359406405592,
    78.8417939174));
#9728 = CARTESIAN_POINT('',(-53.86895354167,4.182289687243,
    69.932861121616));
#9729 = CARTESIAN_POINT('',(-47.41541216518,-3.087420092055,
    62.537318597989));
#9730 = CARTESIAN_POINT('',(-42.59730427523,-8.233231431697,
    58.147976224954));
#9731 = CARTESIAN_POINT('',(-29.84909627748,-20.90192810963,
    48.45171691675));
#9732 = CARTESIAN_POINT('',(-16.18032555537,-34.48941901751,
    41.443227482447));
#9733 = CARTESIAN_POINT('',(-5.644780812831,-41.53152582114,
    38.527362998446));
#9734 = CARTESIAN_POINT('',(-7.008789981052E-03,-52.06950241667,
    34.891155896677));
#9735 = CARTESIAN_POINT('',(-1.587608529757,-63.67101652348,
    32.945076722068));
#9736 = CARTESIAN_POINT('',(-64.59961237335,12.567628714436,
    88.995479588926));
#9737 = CARTESIAN_POINT('',(-66.50025522525,17.959094895751,
    84.754705122945));
#9738 = CARTESIAN_POINT('',(-64.74229558257,12.838157144891,
    81.958234491894));
#9739 = CARTESIAN_POINT('',(-63.79274780467,11.359406405592,
    78.841793917401));
#9740 = CARTESIAN_POINT('',(-59.26816444552,4.182289687243,
    69.932861121615));
#9741 = CARTESIAN_POINT('',(-52.81589022566,-3.087420092055,
    62.537318597991));
#9742 = CARTESIAN_POINT('',(-47.9935110632,-8.233231431697,
    58.147976224952));
#9743 = CARTESIAN_POINT('',(-35.267242551,-20.90192810963,
    48.451716916753));
#9744 = CARTESIAN_POINT('',(-21.51108889794,-34.48941901751,
    41.443227482443));
#9745 = CARTESIAN_POINT('',(-11.60575101626,-41.53152582114,
    38.52736299845));
#9746 = CARTESIAN_POINT('',(-4.967343244574,-52.06950241667,
    34.891155896675));
#9747 = CARTESIAN_POINT('',(-4.059384674011,-63.67101652348,
    32.945076722068));
#9748 = CARTESIAN_POINT('',(-69.99922644636,11.359687472845,
    88.900472974418));
#9749 = CARTESIAN_POINT('',(-71.90007555003,16.751107513817,
    84.659694879414));
#9750 = CARTESIAN_POINT('',(-70.14167474033,11.630268455914,
    81.863232010747));
#9751 = CARTESIAN_POINT('',(-69.19250479987,10.151433191047,
    78.746784788163));
#9752 = CARTESIAN_POINT('',(-64.6673770489,2.974438257946,
    69.837861571002));
#9753 = CARTESIAN_POINT('',(-58.21636998605,-4.295554995542,
    62.442296751642));
#9754 = CARTESIAN_POINT('',(-53.38971954975,-9.440410813592,58.053029532
    ));
#9755 = CARTESIAN_POINT('',(-40.68539052999,-22.11401554928,
    48.356384196769));
#9756 = CARTESIAN_POINT('',(-26.8418539185,-35.68195811947,
    41.349432272187));
#9757 = CARTESIAN_POINT('',(-17.56672309604,-42.8650477947,
    38.422479247707));
#9758 = CARTESIAN_POINT('',(-9.927679260553,-53.17917328663,
    34.803878412527));
#9759 = CARTESIAN_POINT('',(-6.531161596312,-64.22397479866,
    32.901585621773));
#9760 = CARTESIAN_POINT('',(-75.08161394421,8.943816853786,
    88.710460678538));
#9761 = CARTESIAN_POINT('',(-76.98265718247,14.335144614519,
    84.46967532556));
#9762 = CARTESIAN_POINT('',(-75.2238411241,9.214502941574,
    81.673227981507));
#9763 = CARTESIAN_POINT('',(-74.27502682326,7.735498626392,
    78.556767462863));
#9764 = CARTESIAN_POINT('',(-69.74938666338,0.558747262597,
    69.647863402814));
#9765 = CARTESIAN_POINT('',(-63.2995723123,-6.711812936496,
    62.252253992257));
#9766 = CARTESIAN_POINT('',(-58.46890153885,-11.85475772073,
    57.863137078615));
#9767 = CARTESIAN_POINT('',(-45.78522306946,-24.53817852375,
    48.165719693182));
#9768 = CARTESIAN_POINT('',(-31.85943723612,-38.06702461054,
    41.161842772866));
#9769 = CARTESIAN_POINT('',(-23.17748889593,-45.5320786443,
    38.212712776419));
#9770 = CARTESIAN_POINT('',(-14.59659622605,-55.39850412761,
    34.629324301426));
#9771 = CARTESIAN_POINT('',(-8.857721968502,-65.329885918,
    32.814603848342));
#9772 = CARTESIAN_POINT('',(-79.52961578394,5.419320440732,
    88.433253095487));
#9773 = CARTESIAN_POINT('',(-81.43082892469,10.810513574492,
    84.192457153834));
#9774 = CARTESIAN_POINT('',(-79.67164944942,5.690159865035,
    81.396032458669));
#9775 = CARTESIAN_POINT('',(-78.72314639699,4.210908923568,
    78.279552542401));
#9776 = CARTESIAN_POINT('',(-74.19705778735,-2.965487098717,
    69.370676430597));
#9777 = CARTESIAN_POINT('',(-67.74828727317,-10.23687441068,
    61.975001966175));
#9778 = CARTESIAN_POINT('',(-62.91409798277,-15.37703120135,
    57.586104332968));
#9779 = CARTESIAN_POINT('',(-50.24849245362,-28.07477259494,
    47.887560608899));
#9780 = CARTESIAN_POINT('',(-36.25072377959,-41.54658110102,
    40.888169790503));
#9781 = CARTESIAN_POINT('',(-28.0879166448,-49.42299092606,37.9066859677
    ));
#9782 = CARTESIAN_POINT('',(-18.68273709214,-58.63627006042,
    34.37466855392));
#9783 = CARTESIAN_POINT('',(-10.89388013631,-66.94329176121,
    32.68770675955));
#9784 = CARTESIAN_POINT('',(-83.06499681146,0.985012962309,
    88.08448733876));
#9785 = CARTESIAN_POINT('',(-84.96634499506,6.37603671657,
    83.843678075166));
#9786 = CARTESIAN_POINT('',(-83.20687666679,1.25604530532,
    81.047281875279));
#9787 = CARTESIAN_POINT('',(-82.2586210024,-0.223515926387,
    77.930777554219));
#9788 = CARTESIAN_POINT('',(-77.73217595379,-7.399464879533,
    69.021936605117));
#9789 = CARTESIAN_POINT('',(-71.28423510693,-14.67189281475,
    61.626180293969));
#9790 = CARTESIAN_POINT('',(-66.4472492128,-19.80854192109,
    57.237558546001));
#9791 = CARTESIAN_POINT('',(-53.79600850022,-32.52430061263,
    47.537597731138));
#9792 = CARTESIAN_POINT('',(-39.74102609765,-45.92434789633,
    40.543851053757));
#9793 = CARTESIAN_POINT('',(-31.99084513407,-54.31830061204,
    37.52166161042));
#9794 = CARTESIAN_POINT('',(-21.93050213679,-62.7098306508,
    34.054276147916));
#9795 = CARTESIAN_POINT('',(-12.5122686206,-68.97318107245,
    32.52805254406));
#9796 = CARTESIAN_POINT('',(-85.48832830356,-4.081727048596,
    87.68597969745));
#9797 = CARTESIAN_POINT('',(-87.38976905231,1.30910316883,
    83.445155211825));
#9798 = CARTESIAN_POINT('',(-85.63010272964,-3.810474272318,
    80.648791571452));
#9799 = CARTESIAN_POINT('',(-84.68201663756,-5.290390048653,
    77.532259364815));
#9800 = CARTESIAN_POINT('',(-80.15532726749,-12.4658281705,
    68.623458593483));
#9801 = CARTESIAN_POINT('',(-73.70795511706,-19.73944514536,
    61.22760876233));
#9802 = CARTESIAN_POINT('',(-68.86905228736,-24.87208629229,
    56.839302247158));
#9803 = CARTESIAN_POINT('',(-56.22765795678,-37.6084319559,
    47.137722232204));
#9804 = CARTESIAN_POINT('',(-42.13345833017,-50.926483244,
    40.150424678123));
#9805 = CARTESIAN_POINT('',(-34.66611250856,-59.91179217127,
    37.081724072022));
#9806 = CARTESIAN_POINT('',(-24.15668688193,-67.36437310881,
    33.688188538872));
#9807 = CARTESIAN_POINT('',(-13.62159509769,-71.29257850732,
    32.34562802671));
#9808 = CARTESIAN_POINT('',(-86.7,-9.464716967947,87.262598467839));
#9809 = CARTESIAN_POINT('',(-88.60148703161,-4.074092367325,
    83.021757810128));
#9810 = CARTESIAN_POINT('',(-86.84172171114,-9.193229999644,
    80.225428761418));
#9811 = CARTESIAN_POINT('',(-85.8937204057,-10.67352245017,
    77.108866928747));
#9812 = CARTESIAN_POINT('',(-81.36690887425,-17.84841785625,
    68.200108842911));
#9813 = CARTESIAN_POINT('',(-74.91982107348,-25.12329808686,
    60.804159654581));
#9814 = CARTESIAN_POINT('',(-70.07995977126,-30.25168111018,
    56.416188047991));
#9815 = CARTESIAN_POINT('',(-57.44348865588,-43.00989871967,
    46.712887767651));
#9816 = CARTESIAN_POINT('',(-43.32968032092,-56.24083608108,
    39.732441870699));
#9817 = CARTESIAN_POINT('',(-36.00375276483,-65.8544118069,
    36.614327022045));
#9818 = CARTESIAN_POINT('',(-25.26978472079,-72.30943740591,
    33.29925089752));
#9819 = CARTESIAN_POINT('',(-14.17626106014,-73.75674540439,
    32.151817147165));
#9820 = CARTESIAN_POINT('',(-86.7,-14.84770519288,86.839217371496));
#9821 = CARTESIAN_POINT('',(-88.6014870316,-9.45728620899,82.59836054167
    ));
#9822 = CARTESIAN_POINT('',(-86.84172171114,-14.57598403263,
    79.802066084676));
#9823 = CARTESIAN_POINT('',(-85.8937204057,-16.05665315723,
    76.685474625941));
#9824 = CARTESIAN_POINT('',(-81.36690887425,-23.2310058477,
    67.776759225609));
#9825 = CARTESIAN_POINT('',(-74.91982107348,-30.50714933367,
    60.380710680109));
#9826 = CARTESIAN_POINT('',(-70.07995977126,-35.63127423473,
    55.993073982018));
#9827 = CARTESIAN_POINT('',(-57.44348865588,-48.4113637832,
    46.288053436805));
#9828 = CARTESIAN_POINT('',(-43.32968032092,-61.55518724536,
    39.314459194863));
#9829 = CARTESIAN_POINT('',(-36.00375276483,-71.79702957194,
    36.146930119169));
#9830 = CARTESIAN_POINT('',(-25.26978472079,-77.25450014645,
    32.910313378605));
#9831 = CARTESIAN_POINT('',(-14.17626106014,-76.2209115258,
    31.958006328627));
#9832 = ADVANCED_FACE('',(#9833),#9966,.F.);
#9833 = FACE_BOUND('',#9834,.F.);
#9834 = EDGE_LOOP('',(#9835,#9852,#9853,#9854,#9871,#9896,#9943));
#9835 = ORIENTED_EDGE('',*,*,#9836,.F.);
#9836 = EDGE_CURVE('',#7973,#9837,#9839,.T.);
#9837 = VERTEX_POINT('',#9838);
#9838 = CARTESIAN_POINT('',(-69.65,-114.6512525998,49.884687084656));
#9839 = ( BOUNDED_CURVE() B_SPLINE_CURVE(5,(#9840,#9841,#9842,#9843,
    #9844,#9845,#9846,#9847,#9848,#9849,#9850,#9851),.UNSPECIFIED.,.F.,
.F.) B_SPLINE_CURVE_WITH_KNOTS((6,3,3,6),(0.,0.159756403183,
0.498579743718,1.),.UNSPECIFIED.) CURVE() GEOMETRIC_REPRESENTATION_ITEM(
) RATIONAL_B_SPLINE_CURVE((1.,1.,1.,1.,1.,1.,1.,1.,1.,1.,1.,1.)) 
REPRESENTATION_ITEM('') );
#9840 = CARTESIAN_POINT('',(-86.7,-132.484410686,77.586892220344));
#9841 = CARTESIAN_POINT('',(-88.6014870316,-134.0740985807,
    72.797038220297));
#9842 = CARTESIAN_POINT('',(-86.84172171115,-132.0199143833,
    70.56490302338));
#9843 = CARTESIAN_POINT('',(-85.8937204057,-130.88075527,67.654365470998
    ));
#9844 = CARTESIAN_POINT('',(-81.36690887425,-125.9526286012,
    59.69753046971));
#9845 = CARTESIAN_POINT('',(-74.91982107348,-119.6237521161,
    53.371539674748));
#9846 = CARTESIAN_POINT('',(-70.07995977126,-115.0245503304,
    49.748659008201));
#9847 = CARTESIAN_POINT('',(-57.44348865588,-103.0634423885,
    41.989575344252));
#9848 = CARTESIAN_POINT('',(-43.32968032092,-90.6453150338,
    37.026471615996));
#9849 = CARTESIAN_POINT('',(-36.00375276482,-80.83198894885,
    35.436315336716));
#9850 = CARTESIAN_POINT('',(-25.26978472079,-76.25796425034,
    32.988692606389));
#9851 = CARTESIAN_POINT('',(-14.17626106014,-79.00977708187,
    31.738657352307));
#9852 = ORIENTED_EDGE('',*,*,#7982,.T.);
#9853 = ORIENTED_EDGE('',*,*,#8005,.F.);
#9854 = ORIENTED_EDGE('',*,*,#9855,.T.);
#9855 = EDGE_CURVE('',#8006,#9856,#9858,.T.);
#9856 = VERTEX_POINT('',#9857);
#9857 = CARTESIAN_POINT('',(-42.55197179075,-142.45,48.013702618929));
#9858 = ( BOUNDED_CURVE() B_SPLINE_CURVE(5,(#9859,#9860,#9861,#9862,
    #9863,#9864,#9865,#9866,#9867,#9868,#9869,#9870),.UNSPECIFIED.,.F.,
.F.) B_SPLINE_CURVE_WITH_KNOTS((6,3,3,6),(0.,0.159756403183,
0.498579743718,1.),.UNSPECIFIED.) CURVE() GEOMETRIC_REPRESENTATION_ITEM(
) RATIONAL_B_SPLINE_CURVE((1.,1.,1.,1.,1.,1.,1.,1.,1.,1.,1.,1.)) 
REPRESENTATION_ITEM('') );
#9859 = CARTESIAN_POINT('',(-59.2,-159.8997445934,75.430630002915));
#9860 = CARTESIAN_POINT('',(-61.10043660015,-161.4904796854,
    70.640693639025));
#9861 = CARTESIAN_POINT('',(-59.34291812442,-159.4340555609,
    68.40873461616));
#9862 = CARTESIAN_POINT('',(-58.39299250916,-158.2968148329,
    65.49804617954));
#9863 = CARTESIAN_POINT('',(-53.86895354167,-153.3659241362,
    57.541428573702));
#9864 = CARTESIAN_POINT('',(-47.41541216518,-147.0434813577,
    51.214931756868));
#9865 = CARTESIAN_POINT('',(-42.59730427523,-142.4225931334,
    47.593756765266));
#9866 = CARTESIAN_POINT('',(-29.84909627748,-130.5728780621,
    39.825911864308));
#9867 = CARTESIAN_POINT('',(-16.18032555537,-117.7110832616,
    34.897703328413));
#9868 = CARTESIAN_POINT('',(-5.64478081283,-111.0974926996,
    33.05588245744));
#9869 = CARTESIAN_POINT('',(-7.008789981277E-03,-101.4429619801,
    31.007850088316));
#9870 = CARTESIAN_POINT('',(-1.587608529757,-91.55967208419,
    30.751586958866));
#9871 = ORIENTED_EDGE('',*,*,#9872,.F.);
#9872 = EDGE_CURVE('',#9873,#9856,#9875,.T.);
#9873 = VERTEX_POINT('',#9874);
#9874 = CARTESIAN_POINT('',(-59.2,-142.45,50.951317833274));
#9875 = B_SPLINE_CURVE_WITH_KNOTS('',7,(#9876,#9877,#9878,#9879,#9880,
    #9881,#9882,#9883,#9884,#9885,#9886,#9887,#9888,#9889,#9890,#9891,
    #9892,#9893,#9894,#9895),.UNSPECIFIED.,.F.,.F.,(8,6,6,8),(0.,
    8.604761919305E-02,0.582347062624,1.),.UNSPECIFIED.);
#9876 = CARTESIAN_POINT('',(-59.2,-142.45,50.951317833274));
#9877 = CARTESIAN_POINT('',(-59.00154026945,-142.45,50.887008987939));
#9878 = CARTESIAN_POINT('',(-58.80284535745,-142.45,50.823426297142));
#9879 = CARTESIAN_POINT('',(-58.60391879202,-142.45,50.760569725221));
#9880 = CARTESIAN_POINT('',(-58.40476401451,-142.45,50.698439482747));
#9881 = CARTESIAN_POINT('',(-58.20538437957,-142.45,50.637036026529));
#9882 = CARTESIAN_POINT('',(-58.00578315517,-142.45,50.576360059608));
#9883 = CARTESIAN_POINT('',(-56.65345781286,-142.45,50.170651367503));
#9884 = CARTESIAN_POINT('',(-55.49376335439,-142.45,49.849145983316));
#9885 = CARTESIAN_POINT('',(-54.3273800906,-142.45,49.55204320559));
#9886 = CARTESIAN_POINT('',(-53.15482422625,-142.45,49.279821836051));
#9887 = CARTESIAN_POINT('',(-51.9766144424,-142.45,49.033366432689));
#9888 = CARTESIAN_POINT('',(-50.79325720316,-142.45,48.814032353788));
#9889 = CARTESIAN_POINT('',(-48.60531311923,-142.45,48.464277598708));
#9890 = CARTESIAN_POINT('',(-47.60238272993,-142.45,48.325317156859));
#9891 = CARTESIAN_POINT('',(-46.59635940642,-142.45,48.2085397128));
#9892 = CARTESIAN_POINT('',(-45.58755687531,-142.45,48.115782586532));
#9893 = CARTESIAN_POINT('',(-44.57658951424,-142.45,48.049678707295));
#9894 = CARTESIAN_POINT('',(-43.56436302664,-142.45,48.013702618928));
#9895 = CARTESIAN_POINT('',(-42.55197179075,-142.45,48.013702618929));
#9896 = ORIENTED_EDGE('',*,*,#9897,.T.);
#9897 = EDGE_CURVE('',#9873,#9898,#9900,.T.);
#9898 = VERTEX_POINT('',#9899);
#9899 = CARTESIAN_POINT('',(-69.65,-132.,51.624748060955));
#9900 = B_SPLINE_CURVE_WITH_KNOTS('',6,(#9901,#9902,#9903,#9904,#9905,
    #9906,#9907,#9908,#9909,#9910,#9911,#9912,#9913,#9914,#9915,#9916,
    #9917,#9918,#9919,#9920,#9921,#9922,#9923,#9924,#9925,#9926,#9927,
    #9928,#9929,#9930,#9931,#9932,#9933,#9934,#9935,#9936,#9937,#9938,
    #9939,#9940,#9941,#9942),.UNSPECIFIED.,.F.,.F.,(7,5,5,5,5,5,5,5,7),(
    0.,0.20936763631,0.335773522855,0.417678143688,0.603893997243,
    0.741508446699,0.797469575808,0.877636750095,1.),.UNSPECIFIED.);
#9901 = CARTESIAN_POINT('',(-59.2,-142.45,50.951317833274));
#9902 = CARTESIAN_POINT('',(-59.73611084466,-142.45,51.125039067787));
#9903 = CARTESIAN_POINT('',(-60.27813169239,-142.416995609,
    51.289600239668));
#9904 = CARTESIAN_POINT('',(-60.82348190233,-142.3496212145,
    51.444241440316));
#9905 = CARTESIAN_POINT('',(-61.3692036627,-142.2467687245,
    51.588251872877));
#9906 = CARTESIAN_POINT('',(-61.91198167302,-142.1077161416,
    51.720967084032));
#9907 = CARTESIAN_POINT('',(-62.77192732441,-141.826487138,
    51.914691940257));
#9908 = CARTESIAN_POINT('',(-63.09327605441,-141.7073794323,
    51.983278259409));
#9909 = CARTESIAN_POINT('',(-63.41143905697,-141.5750129243,
    52.047383373799));
#9910 = CARTESIAN_POINT('',(-63.72559817047,-141.429438806,
    52.106879471504));
#9911 = CARTESIAN_POINT('',(-64.03492128525,-141.2707951062,
    52.161647467832));
#9912 = CARTESIAN_POINT('',(-64.53531693353,-140.988211612,
    52.243927193269));
#9913 = CARTESIAN_POINT('',(-64.72968389118,-140.8717156631,
    52.274246865852));
#9914 = CARTESIAN_POINT('',(-64.92144191433,-140.7498957134,
    52.302504917726));
#9915 = CARTESIAN_POINT('',(-65.11036552976,-140.6228316345,
    52.328673194972));
#9916 = CARTESIAN_POINT('',(-65.29623226705,-140.4906199908,
    52.352725481036));
#9917 = CARTESIAN_POINT('',(-65.89395715828,-140.0413394317,
    52.424455900964));
#9918 = CARTESIAN_POINT('',(-66.29219892089,-139.7032566887,
    52.463215721254));
#9919 = CARTESIAN_POINT('',(-66.67090595581,-139.3405122367,
    52.490619603444));
#9920 = CARTESIAN_POINT('',(-67.02771408589,-138.954882733,
    52.506455601441));
#9921 = CARTESIAN_POINT('',(-67.36051810241,-138.5485074023,
    52.510558550729));
#9922 = CARTESIAN_POINT('',(-67.89445826295,-137.8102332516,
    52.497191924567));
#9923 = CARTESIAN_POINT('',(-68.10730835087,-137.4865507404,
    52.485072484119));
#9924 = CARTESIAN_POINT('',(-68.30540119044,-137.1539491791,
    52.466490048196));
#9925 = CARTESIAN_POINT('',(-68.48817604492,-136.8135149378,
    52.441447348154));
#9926 = CARTESIAN_POINT('',(-68.65521162915,-136.466388322,
    52.409978682965));
#9927 = CARTESIAN_POINT('',(-68.86762973925,-135.970361321,
    52.356773854431));
#9928 = CARTESIAN_POINT('',(-68.92638875159,-135.826052162,
    52.340341713131));
#9929 = CARTESIAN_POINT('',(-68.98247978504,-135.6809100117,
    52.322863147639));
#9930 = CARTESIAN_POINT('',(-69.03588820184,-135.5350136428,
    52.304343710103));
#9931 = CARTESIAN_POINT('',(-69.08660336559,-135.3884418154,
    52.284789871944));
#9932 = CARTESIAN_POINT('',(-69.20340297486,-135.0304468312,
    52.234725908301));
#9933 = CARTESIAN_POINT('',(-69.26664675939,-134.8183950117,
    52.2031350683));
#9934 = CARTESIAN_POINT('',(-69.324330017,-134.6053496747,
    52.169458375871));
#9935 = CARTESIAN_POINT('',(-69.37645001366,-134.3915387877,
    52.133721279288));
#9936 = CARTESIAN_POINT('',(-69.42301970517,-134.1771859592,
    52.095952917731));
#9937 = CARTESIAN_POINT('',(-69.52671751792,-133.6348390518,
    51.995488319753));
#9938 = CARTESIAN_POINT('',(-69.57650181258,-133.3064113139,
    51.930134091079));
#9939 = CARTESIAN_POINT('',(-69.61351524942,-132.9780068433,
    51.860240988758));
#9940 = CARTESIAN_POINT('',(-69.63793444826,-132.6503573547,
    51.785943229655));
#9941 = CARTESIAN_POINT('',(-69.65,-132.3241448036,51.707390735703));
#9942 = CARTESIAN_POINT('',(-69.65,-132.,51.624748060955));
#9943 = ORIENTED_EDGE('',*,*,#9944,.T.);
#9944 = EDGE_CURVE('',#9898,#9837,#9945,.T.);
#9945 = B_SPLINE_CURVE_WITH_KNOTS('',7,(#9946,#9947,#9948,#9949,#9950,
    #9951,#9952,#9953,#9954,#9955,#9956,#9957,#9958,#9959,#9960,#9961,
    #9962,#9963,#9964,#9965),.UNSPECIFIED.,.F.,.F.,(8,6,6,8),(0.,
    0.19301167657,0.625260389325,1.),.UNSPECIFIED.);
#9946 = CARTESIAN_POINT('',(-69.65,-132.,51.624748060955));
#9947 = CARTESIAN_POINT('',(-69.65,-131.5321525272,51.505467523088));
#9948 = CARTESIAN_POINT('',(-69.65,-131.0631999755,51.390525446257));
#9949 = CARTESIAN_POINT('',(-69.65,-130.5931980523,51.279902026383));
#9950 = CARTESIAN_POINT('',(-69.65,-130.1222003391,51.173583674628));
#9951 = CARTESIAN_POINT('',(-69.65,-129.6502581554,51.071563640761));
#9952 = CARTESIAN_POINT('',(-69.65,-129.1774204229,50.973842636536));
#9953 = CARTESIAN_POINT('',(-69.65,-127.6429140289,50.671231101547));
#9954 = CARTESIAN_POINT('',(-69.65,-126.5778874061,50.483648158173));
#9955 = CARTESIAN_POINT('',(-69.65,-125.5091088701,50.317764135888));
#9956 = CARTESIAN_POINT('',(-69.65,-124.4370625266,50.173894153554));
#9957 = CARTESIAN_POINT('',(-69.65,-123.3622569677,50.052629130546));
#9958 = CARTESIAN_POINT('',(-69.65,-122.2852187779,49.954887959231));
#9959 = CARTESIAN_POINT('',(-69.65,-120.2712311917,49.819119724467));
#9960 = CARTESIAN_POINT('',(-69.65,-119.3348640759,49.774888249631));
#9961 = CARTESIAN_POINT('',(-69.65,-118.3975736347,49.750430004681));
#9962 = CARTESIAN_POINT('',(-69.65,-117.4597934591,49.747048018341));
#9963 = CARTESIAN_POINT('',(-69.65,-116.5221833958,49.766522841304));
#9964 = CARTESIAN_POINT('',(-69.65,-115.5856289469,49.811196810167));
#9965 = CARTESIAN_POINT('',(-69.65,-114.6512525998,49.884687084656));
#9966 = ( BOUNDED_SURFACE() B_SPLINE_SURFACE(8,5,(
    (#9967,#9968,#9969,#9970,#9971,#9972,#9973,#9974,#9975,#9976,#9977
      ,#9978)
    ,(#9979,#9980,#9981,#9982,#9983,#9984,#9985,#9986,#9987,#9988,#9989
      ,#9990)
    ,(#9991,#9992,#9993,#9994,#9995,#9996,#9997,#9998,#9999,#10000
      ,#10001,#10002)
    ,(#10003,#10004,#10005,#10006,#10007,#10008,#10009,#10010,#10011
      ,#10012,#10013,#10014)
    ,(#10015,#10016,#10017,#10018,#10019,#10020,#10021,#10022,#10023
      ,#10024,#10025,#10026)
    ,(#10027,#10028,#10029,#10030,#10031,#10032,#10033,#10034,#10035
      ,#10036,#10037,#10038)
    ,(#10039,#10040,#10041,#10042,#10043,#10044,#10045,#10046,#10047
      ,#10048,#10049,#10050)
    ,(#10051,#10052,#10053,#10054,#10055,#10056,#10057,#10058,#10059
      ,#10060,#10061,#10062)
    ,(#10063,#10064,#10065,#10066,#10067,#10068,#10069,#10070,#10071
      ,#10072,#10073,#10074
)),.UNSPECIFIED.,.F.,.F.,.F.) B_SPLINE_SURFACE_WITH_KNOTS((9,9),(6,3,3,6
    ),(4.,5.),(0.,0.159756403183,0.498579743718,1.),.UNSPECIFIED.) 
GEOMETRIC_REPRESENTATION_ITEM() RATIONAL_B_SPLINE_SURFACE((
    (1.,1.,1.,1.,1.,1.,1.,1.,1.,1.,1.,1.)
    ,(1.,1.,1.,1.,1.,1.,1.,1.,1.,1.,1.,1.)
    ,(1.,1.,1.,1.,1.,1.,1.,1.,1.,1.,1.,1.)
    ,(1.,1.,1.,1.,1.,1.,1.,1.,1.,1.,1.,1.)
    ,(1.,1.,1.,1.,1.,1.,1.,1.,1.,1.,1.,1.)
    ,(1.,1.,1.,1.,1.,1.,1.,1.,1.,1.,1.,1.)
    ,(1.,1.,1.,1.,1.,1.,1.,1.,1.,1.,1.,1.)
    ,(1.,1.,1.,1.,1.,1.,1.,1.,1.,1.,1.,1.)
,(1.,1.,1.,1.,1.,1.,1.,1.,1.,1.,1.,1.
))) REPRESENTATION_ITEM('') SURFACE() );
#9967 = CARTESIAN_POINT('',(-86.7,-132.484410686,77.586892220344));
#9968 = CARTESIAN_POINT('',(-88.6014870316,-134.0740985807,
    72.797038220297));
#9969 = CARTESIAN_POINT('',(-86.84172171115,-132.0199143833,
    70.56490302338));
#9970 = CARTESIAN_POINT('',(-85.8937204057,-130.88075527,67.654365470998
    ));
#9971 = CARTESIAN_POINT('',(-81.36690887425,-125.9526286012,
    59.69753046971));
#9972 = CARTESIAN_POINT('',(-74.91982107348,-119.6237521161,
    53.371539674748));
#9973 = CARTESIAN_POINT('',(-70.07995977126,-115.0245503304,
    49.748659008201));
#9974 = CARTESIAN_POINT('',(-57.44348865588,-103.0634423885,
    41.989575344252));
#9975 = CARTESIAN_POINT('',(-43.32968032092,-90.6453150338,
    37.026471615996));
#9976 = CARTESIAN_POINT('',(-36.00375276482,-80.83198894885,
    35.436315336716));
#9977 = CARTESIAN_POINT('',(-25.26978472079,-76.25796425034,
    32.988692606389));
#9978 = CARTESIAN_POINT('',(-14.17626106014,-79.00977708187,
    31.738657352307));
#9979 = CARTESIAN_POINT('',(-86.7,-137.867398911,77.163511124002));
#9980 = CARTESIAN_POINT('',(-88.6014870316,-139.4572924223,
    72.373640951852));
#9981 = CARTESIAN_POINT('',(-86.84172171115,-137.4026684163,
    70.141540346629));
#9982 = CARTESIAN_POINT('',(-85.8937204057,-136.2638859771,
    67.230973168196));
#9983 = CARTESIAN_POINT('',(-81.36690887425,-131.3352165927,
    59.274180852404));
#9984 = CARTESIAN_POINT('',(-74.91982107348,-125.0076033629,
    52.948090700281));
#9985 = CARTESIAN_POINT('',(-70.07995977127,-120.4041434549,
    49.325544942226));
#9986 = CARTESIAN_POINT('',(-57.44348865588,-108.464907452,
    41.564741013412));
#9987 = CARTESIAN_POINT('',(-43.32968032093,-95.95966619809,
    36.608488940155));
#9988 = CARTESIAN_POINT('',(-36.00375276482,-86.77460671388,
    34.968918433847));
#9989 = CARTESIAN_POINT('',(-25.26978472079,-81.20302699088,
    32.59975508747));
#9990 = CARTESIAN_POINT('',(-14.17626106014,-81.47394320328,
    31.544846533769));
#9991 = CARTESIAN_POINT('',(-85.48832830356,-143.2503888303,
    76.740129894387));
#9992 = CARTESIAN_POINT('',(-87.38976905235,-144.8404879585,
    71.950243550143));
#9993 = CARTESIAN_POINT('',(-85.6301027296,-142.7854241437,
    69.718177536602));
#9994 = CARTESIAN_POINT('',(-84.68201663758,-141.6470183786,
    66.807580732122));
#9995 = CARTESIAN_POINT('',(-80.15532726747,-136.7178062784,
    58.850831101839));
#9996 = CARTESIAN_POINT('',(-73.70795511708,-130.3914563044,
    52.524641592524));
#9997 = CARTESIAN_POINT('',(-68.86905228734,-125.7837382728,
    48.902430743061));
#9998 = CARTESIAN_POINT('',(-56.22765795681,-113.8663742158,
    41.139906548854));
#9999 = CARTESIAN_POINT('',(-42.13345833014,-101.2740190351,
    36.190506132738));
#10000 = CARTESIAN_POINT('',(-34.6661125086,-92.71722634952,
    34.50152138386));
#10001 = CARTESIAN_POINT('',(-24.15668688191,-86.14809128798,
    32.210817446122));
#10002 = CARTESIAN_POINT('',(-13.62159509769,-83.93811010035,
    31.351035654224));
#10003 = CARTESIAN_POINT('',(-83.06499681146,-148.3171288412,
    76.341622253086));
#10004 = CARTESIAN_POINT('',(-84.966344995,-149.9074215062,
    71.551720686815));
#10005 = CARTESIAN_POINT('',(-83.20687666685,-147.8519437213,
    69.31968723277));
#10006 = CARTESIAN_POINT('',(-82.25862100239,-146.7138925009,
    66.40906254273));
#10007 = CARTESIAN_POINT('',(-77.73217595381,-141.7841695694,
    58.452353090189));
#10008 = CARTESIAN_POINT('',(-71.28423510691,-135.459008635,
    52.126070060901));
#10009 = CARTESIAN_POINT('',(-66.44724921283,-130.847282644,
    48.504174444211));
#10010 = CARTESIAN_POINT('',(-53.79600850017,-118.950505559,
    40.74003104993));
#10011 = CARTESIAN_POINT('',(-39.7410260977,-106.2761543828,
    35.797079757089));
#10012 = CARTESIAN_POINT('',(-31.99084513402,-98.31071790872,
    34.061583845484));
#10013 = CARTESIAN_POINT('',(-21.93050213681,-90.802633746,
    31.84472983707));
#10014 = CARTESIAN_POINT('',(-12.5122686206,-86.25750753523,
    31.168611136875));
#10015 = CARTESIAN_POINT('',(-79.52961578394,-152.7514363197,
    75.992856496347));
#10016 = CARTESIAN_POINT('',(-81.43082892476,-154.3418983641,
    71.202941608125));
#10017 = CARTESIAN_POINT('',(-79.67164944936,-152.286058281,
    68.970936649391));
#10018 = CARTESIAN_POINT('',(-78.723146397,-151.1483173508,
    66.060287554529));
#10019 = CARTESIAN_POINT('',(-74.19705778732,-146.2181473502,
    58.103613264736));
#10020 = CARTESIAN_POINT('',(-67.7482872732,-139.894027039,
    51.777248388669));
#10021 = CARTESIAN_POINT('',(-62.91409798273,-135.2787933637,
    48.155628657259));
#10022 = CARTESIAN_POINT('',(-50.24849245368,-123.4000335767,
    40.390068172149));
#10023 = CARTESIAN_POINT('',(-36.25072377954,-110.6539211781,
    35.452761020371));
#10024 = CARTESIAN_POINT('',(-28.08791664485,-103.2060275947,
    33.676559488165));
#10025 = CARTESIAN_POINT('',(-18.68273709212,-94.87619433637,
    31.524337431082));
#10026 = CARTESIAN_POINT('',(-10.89388013631,-88.28739684645,
    31.008956921385));
#10027 = CARTESIAN_POINT('',(-75.08161394421,-156.2759327327,
    75.715648913307));
#10028 = CARTESIAN_POINT('',(-76.98265718243,-157.8665294042,
    70.925723436422));
#10029 = CARTESIAN_POINT('',(-75.22384112414,-155.8104013575,
    68.69374112654));
#10030 = CARTESIAN_POINT('',(-74.27502682325,-154.6729070537,
    65.783072634086));
#10031 = CARTESIAN_POINT('',(-69.7493866634,-149.7423817115,
    57.826426292491));
#10032 = CARTESIAN_POINT('',(-63.29957231228,-143.4190885133,
    51.499996362614));
#10033 = CARTESIAN_POINT('',(-58.46890153888,-138.8010668444,
    47.878595911595));
#10034 = CARTESIAN_POINT('',(-45.78522306941,-126.9366276479,
    40.111909087889));
#10035 = CARTESIAN_POINT('',(-31.85943723616,-114.1334776686,
    35.179088037976));
#10036 = CARTESIAN_POINT('',(-23.17748889589,-107.0969398764,
    33.370532679489));
#10037 = CARTESIAN_POINT('',(-14.59659622607,-98.11396026918,
    31.269681683558));
#10038 = CARTESIAN_POINT('',(-8.857721968502,-89.90080268967,
    30.882059832592));
#10039 = CARTESIAN_POINT('',(-69.99922644636,-158.6918033518,
    75.52563661742));
#10040 = CARTESIAN_POINT('',(-71.90007555005,-160.2824923035,
    70.73570388255));
#10041 = CARTESIAN_POINT('',(-70.14167474031,-158.2261668719,
    68.503737097312));
#10042 = CARTESIAN_POINT('',(-69.19250479988,-157.0888416183,
    65.593055308772));
#10043 = CARTESIAN_POINT('',(-64.66737704889,-152.1580727069,
    57.636428124323));
#10044 = CARTESIAN_POINT('',(-58.21636998606,-145.8353464542,
    51.309953603208));
#10045 = CARTESIAN_POINT('',(-53.38971954974,-141.2154137515,
    47.688703458224));
#10046 = CARTESIAN_POINT('',(-40.68539053002,-129.3607906224,
    39.921244584281));
#10047 = CARTESIAN_POINT('',(-26.84185391847,-116.5185441597,
    34.991498538681));
#10048 = CARTESIAN_POINT('',(-17.56672309606,-109.763970726,
    33.160766208167));
#10049 = CARTESIAN_POINT('',(-9.927679260543,-100.3332911101,
    31.095127572471));
#10050 = CARTESIAN_POINT('',(-6.531161596312,-91.00671380901,
    30.795078059161));
#10051 = CARTESIAN_POINT('',(-64.59961237335,-159.8997445934,
    75.430630002916));
#10052 = CARTESIAN_POINT('',(-66.50025522524,-161.4904796854,
    70.64069363903));
#10053 = CARTESIAN_POINT('',(-64.74229558258,-159.4340555609,
    68.408734616156));
#10054 = CARTESIAN_POINT('',(-63.79274780467,-158.2968148329,
    65.498046179542));
#10055 = CARTESIAN_POINT('',(-59.26816444552,-153.3659241362,
    57.541428573699));
#10056 = CARTESIAN_POINT('',(-52.81589022566,-147.0434813577,
    51.214931756871));
#10057 = CARTESIAN_POINT('',(-47.9935110632,-142.4225931334,
    47.593756765263));
#10058 = CARTESIAN_POINT('',(-35.26724255099,-130.5728780621,
    39.825911864312));
#10059 = CARTESIAN_POINT('',(-21.51108889794,-117.7110832616,
    34.897703328408));
#10060 = CARTESIAN_POINT('',(-11.60575101626,-111.0974926996,
    33.055882457445));
#10061 = CARTESIAN_POINT('',(-4.967343244578,-101.4429619801,
    31.007850088314));
#10062 = CARTESIAN_POINT('',(-4.059384674011,-91.55967208419,
    30.751586958866));
#10063 = CARTESIAN_POINT('',(-59.2,-159.8997445934,75.430630002915));
#10064 = CARTESIAN_POINT('',(-61.10043660015,-161.4904796854,
    70.640693639025));
#10065 = CARTESIAN_POINT('',(-59.34291812442,-159.4340555609,
    68.40873461616));
#10066 = CARTESIAN_POINT('',(-58.39299250916,-158.2968148329,
    65.49804617954));
#10067 = CARTESIAN_POINT('',(-53.86895354167,-153.3659241362,
    57.541428573702));
#10068 = CARTESIAN_POINT('',(-47.41541216518,-147.0434813577,
    51.214931756868));
#10069 = CARTESIAN_POINT('',(-42.59730427523,-142.4225931334,
    47.593756765266));
#10070 = CARTESIAN_POINT('',(-29.84909627748,-130.5728780621,
    39.825911864308));
#10071 = CARTESIAN_POINT('',(-16.18032555537,-117.7110832616,
    34.897703328413));
#10072 = CARTESIAN_POINT('',(-5.64478081283,-111.0974926996,
    33.05588245744));
#10073 = CARTESIAN_POINT('',(-7.008789981277E-03,-101.4429619801,
    31.007850088316));
#10074 = CARTESIAN_POINT('',(-1.587608529757,-91.55967208419,
    30.751586958866));
#10075 = ADVANCED_FACE('',(#10076),#10133,.F.);
#10076 = FACE_BOUND('',#10077,.F.);
#10077 = EDGE_LOOP('',(#10078,#10079,#10080,#10090,#10102,#10112,#10124,
    #10132));
#10078 = ORIENTED_EDGE('',*,*,#7972,.F.);
#10079 = ORIENTED_EDGE('',*,*,#9836,.T.);
#10080 = ORIENTED_EDGE('',*,*,#10081,.T.);
#10081 = EDGE_CURVE('',#9837,#10082,#10084,.T.);
#10082 = VERTEX_POINT('',#10083);
#10083 = CARTESIAN_POINT('',(-69.65,-85.5,52.177482232958));
#10084 = B_SPLINE_CURVE_WITH_KNOTS('',4,(#10085,#10086,#10087,#10088,
    #10089),.UNSPECIFIED.,.F.,.F.,(5,5),(0.,1.),
  .PIECEWISE_BEZIER_KNOTS.);
#10085 = CARTESIAN_POINT('',(-69.65,-114.6512525998,49.884687084656));
#10086 = CARTESIAN_POINT('',(-69.65,-94.97063730699,51.432600647015));
#10087 = CARTESIAN_POINT('',(-69.65,-75.29002201414,52.980514209373));
#10088 = CARTESIAN_POINT('',(-69.65,-55.6094067213,54.528427771732));
#10089 = CARTESIAN_POINT('',(-69.65,-35.92879142845,56.076341334091));
#10090 = ORIENTED_EDGE('',*,*,#10091,.F.);
#10091 = EDGE_CURVE('',#10092,#10082,#10094,.T.);
#10092 = VERTEX_POINT('',#10093);
#10093 = CARTESIAN_POINT('',(-77.65,-85.5,59.474482251477));
#10094 = B_SPLINE_CURVE_WITH_KNOTS('',6,(#10095,#10096,#10097,#10098,
    #10099,#10100,#10101),.UNSPECIFIED.,.F.,.F.,(7,7),(0.,1.),
  .PIECEWISE_BEZIER_KNOTS.);
#10095 = CARTESIAN_POINT('',(-77.65,-85.5,59.474482251477));
#10096 = CARTESIAN_POINT('',(-76.42531796285,-85.5,58.146145120674));
#10097 = CARTESIAN_POINT('',(-75.14999588512,-85.5,56.864634632259));
#10098 = CARTESIAN_POINT('',(-73.8299971902,-85.5,55.628644659466));
#10099 = CARTESIAN_POINT('',(-72.47055827598,-85.5,54.436601818427));
#10100 = CARTESIAN_POINT('',(-71.07609174581,-85.5,53.286775005814));
#10101 = CARTESIAN_POINT('',(-69.65,-85.5,52.177482232958));
#10102 = ORIENTED_EDGE('',*,*,#10103,.T.);
#10103 = EDGE_CURVE('',#10092,#10104,#10106,.T.);
#10104 = VERTEX_POINT('',#10105);
#10105 = CARTESIAN_POINT('',(-77.65,-60.5,61.440774386308));
#10106 = B_SPLINE_CURVE_WITH_KNOTS('',4,(#10107,#10108,#10109,#10110,
    #10111),.UNSPECIFIED.,.F.,.F.,(5,5),(0.,1.),
  .PIECEWISE_BEZIER_KNOTS.);
#10107 = CARTESIAN_POINT('',(-77.65,-85.5,59.474482251477));
#10108 = CARTESIAN_POINT('',(-77.65,-79.25,59.966055285185));
#10109 = CARTESIAN_POINT('',(-77.65,-73.,60.457628318893));
#10110 = CARTESIAN_POINT('',(-77.65,-66.75,60.949201352601));
#10111 = CARTESIAN_POINT('',(-77.65,-60.5,61.440774386308));
#10112 = ORIENTED_EDGE('',*,*,#10113,.T.);
#10113 = EDGE_CURVE('',#10104,#10114,#10116,.T.);
#10114 = VERTEX_POINT('',#10115);
#10115 = CARTESIAN_POINT('',(-69.65,-60.5,54.14377436779));
#10116 = B_SPLINE_CURVE_WITH_KNOTS('',6,(#10117,#10118,#10119,#10120,
    #10121,#10122,#10123),.UNSPECIFIED.,.F.,.F.,(7,7),(0.,1.),
  .PIECEWISE_BEZIER_KNOTS.);
#10117 = CARTESIAN_POINT('',(-77.65,-60.5,61.440774386308));
#10118 = CARTESIAN_POINT('',(-76.42531651718,-60.5,60.112435687486));
#10119 = CARTESIAN_POINT('',(-75.14999324749,-60.5,58.830924146331));
#10120 = CARTESIAN_POINT('',(-73.8299938017,-60.5,57.594933696287));
#10121 = CARTESIAN_POINT('',(-72.47055482797,-60.5,56.402891044452));
#10122 = CARTESIAN_POINT('',(-71.07608926248,-60.5,55.253065208974));
#10123 = CARTESIAN_POINT('',(-69.65,-60.5,54.14377436779));
#10124 = ORIENTED_EDGE('',*,*,#10125,.T.);
#10125 = EDGE_CURVE('',#10114,#9607,#10126,.T.);
#10126 = B_SPLINE_CURVE_WITH_KNOTS('',4,(#10127,#10128,#10129,#10130,
    #10131),.UNSPECIFIED.,.F.,.F.,(5,5),(0.,1.),
  .PIECEWISE_BEZIER_KNOTS.);
#10127 = CARTESIAN_POINT('',(-69.65,-114.6512525998,49.884687084656));
#10128 = CARTESIAN_POINT('',(-69.65,-94.97063730699,51.432600647015));
#10129 = CARTESIAN_POINT('',(-69.65,-75.29002201414,52.980514209373));
#10130 = CARTESIAN_POINT('',(-69.65,-55.6094067213,54.528427771732));
#10131 = CARTESIAN_POINT('',(-69.65,-35.92879142845,56.076341334091));
#10132 = ORIENTED_EDGE('',*,*,#9606,.F.);
#10133 = ( BOUNDED_SURFACE() B_SPLINE_SURFACE(8,5,(
    (#10134,#10135,#10136,#10137,#10138,#10139,#10140,#10141,#10142
      ,#10143,#10144,#10145)
    ,(#10146,#10147,#10148,#10149,#10150,#10151,#10152,#10153,#10154
      ,#10155,#10156,#10157)
    ,(#10158,#10159,#10160,#10161,#10162,#10163,#10164,#10165,#10166
      ,#10167,#10168,#10169)
    ,(#10170,#10171,#10172,#10173,#10174,#10175,#10176,#10177,#10178
      ,#10179,#10180,#10181)
    ,(#10182,#10183,#10184,#10185,#10186,#10187,#10188,#10189,#10190
      ,#10191,#10192,#10193)
    ,(#10194,#10195,#10196,#10197,#10198,#10199,#10200,#10201,#10202
      ,#10203,#10204,#10205)
    ,(#10206,#10207,#10208,#10209,#10210,#10211,#10212,#10213,#10214
      ,#10215,#10216,#10217)
    ,(#10218,#10219,#10220,#10221,#10222,#10223,#10224,#10225,#10226
      ,#10227,#10228,#10229)
    ,(#10230,#10231,#10232,#10233,#10234,#10235,#10236,#10237,#10238
      ,#10239,#10240,#10241
)),.UNSPECIFIED.,.F.,.F.,.F.) B_SPLINE_SURFACE_WITH_KNOTS((9,9),(6,3,3,6
    ),(3.,4.),(0.,0.159756403183,0.498579743718,1.),.UNSPECIFIED.) 
GEOMETRIC_REPRESENTATION_ITEM() RATIONAL_B_SPLINE_SURFACE((
    (1.,1.,1.,1.,1.,1.,1.,1.,1.,1.,1.,1.)
    ,(1.,1.,1.,1.,1.,1.,1.,1.,1.,1.,1.,1.)
    ,(1.,1.,1.,1.,1.,1.,1.,1.,1.,1.,1.,1.)
    ,(1.,1.,1.,1.,1.,1.,1.,1.,1.,1.,1.,1.)
    ,(1.,1.,1.,1.,1.,1.,1.,1.,1.,1.,1.,1.)
    ,(1.,1.,1.,1.,1.,1.,1.,1.,1.,1.,1.,1.)
    ,(1.,1.,1.,1.,1.,1.,1.,1.,1.,1.,1.,1.)
    ,(1.,1.,1.,1.,1.,1.,1.,1.,1.,1.,1.,1.)
,(1.,1.,1.,1.,1.,1.,1.,1.,1.,1.,1.,1.
))) REPRESENTATION_ITEM('') SURFACE() );
#10134 = CARTESIAN_POINT('',(-86.7,-14.84770519288,86.839217371496));
#10135 = CARTESIAN_POINT('',(-88.6014870316,-9.45728620899,
    82.59836054167));
#10136 = CARTESIAN_POINT('',(-86.84172171114,-14.57598403263,
    79.802066084676));
#10137 = CARTESIAN_POINT('',(-85.8937204057,-16.05665315723,
    76.685474625941));
#10138 = CARTESIAN_POINT('',(-81.36690887425,-23.2310058477,
    67.776759225609));
#10139 = CARTESIAN_POINT('',(-74.91982107348,-30.50714933367,
    60.380710680109));
#10140 = CARTESIAN_POINT('',(-70.07995977126,-35.63127423473,
    55.993073982018));
#10141 = CARTESIAN_POINT('',(-57.44348865588,-48.4113637832,
    46.288053436805));
#10142 = CARTESIAN_POINT('',(-43.32968032092,-61.55518724536,
    39.314459194863));
#10143 = CARTESIAN_POINT('',(-36.00375276483,-71.79702957194,
    36.146930119169));
#10144 = CARTESIAN_POINT('',(-25.26978472079,-77.25450014645,
    32.910313378605));
#10145 = CARTESIAN_POINT('',(-14.17626106014,-76.2209115258,
    31.958006328627));
#10146 = CARTESIAN_POINT('',(-86.7,-29.55229337953,85.682676727602));
#10147 = CARTESIAN_POINT('',(-88.6014870316,-25.03438775545,
    81.373195251499));
#10148 = CARTESIAN_POINT('',(-86.84172171114,-29.25647532647,
    78.647420702014));
#10149 = CARTESIAN_POINT('',(-85.8937204057,-30.40966592134,
    75.556585981573));
#10150 = CARTESIAN_POINT('',(-81.36690887425,-36.0712086919,
    66.766855631122));
#10151 = CARTESIAN_POINT('',(-74.91982107348,-41.64672468147,
    59.504564304439));
#10152 = CARTESIAN_POINT('',(-70.07995977126,-45.55543374669,
    55.212522110291));
#10153 = CARTESIAN_POINT('',(-57.44348865588,-55.24287360887,
    45.750743675236));
#10154 = CARTESIAN_POINT('',(-43.32968032092,-65.19145321892,
    39.028460747504));
#10155 = CARTESIAN_POINT('',(-36.00375276483,-72.92639949405,
    36.058103271363));
#10156 = CARTESIAN_POINT('',(-25.26978472079,-77.12993315944,
    32.920110782078));
#10157 = CARTESIAN_POINT('',(-14.17626106014,-76.56951972031,
    31.930587706587));
#10158 = CARTESIAN_POINT('',(-86.7,-44.25688156618,84.526136083708));
#10159 = CARTESIAN_POINT('',(-88.6014870316,-40.61148930192,
    80.148029961327));
#10160 = CARTESIAN_POINT('',(-86.84172171114,-43.93696662032,
    77.492775319352));
#10161 = CARTESIAN_POINT('',(-85.8937204057,-44.76267868545,
    74.427697337206));
#10162 = CARTESIAN_POINT('',(-81.36690887425,-48.9114115361,
    65.756952036634));
#10163 = CARTESIAN_POINT('',(-74.91982107348,-52.78630002928,
    58.628417928769));
#10164 = CARTESIAN_POINT('',(-70.07995977126,-55.47959325865,
    54.431970238564));
#10165 = CARTESIAN_POINT('',(-57.44348865588,-62.07438343453,
    45.213433913667));
#10166 = CARTESIAN_POINT('',(-43.32968032092,-68.82771919247,
    38.742462300146));
#10167 = CARTESIAN_POINT('',(-36.00375276483,-74.05576941616,
    35.969276423556));
#10168 = CARTESIAN_POINT('',(-25.26978472079,-77.00536617242,
    32.929908185551));
#10169 = CARTESIAN_POINT('',(-14.17626106014,-76.91812791482,
    31.903169084547));
#10170 = CARTESIAN_POINT('',(-86.7,-58.96146975283,83.369595439814));
#10171 = CARTESIAN_POINT('',(-88.6014870316,-56.18859084838,
    78.922864671156));
#10172 = CARTESIAN_POINT('',(-86.84172171114,-58.61745791417,
    76.33812993669));
#10173 = CARTESIAN_POINT('',(-85.8937204057,-59.11569144955,
    73.298808692838));
#10174 = CARTESIAN_POINT('',(-81.36690887425,-61.7516143803,
    64.747048442146));
#10175 = CARTESIAN_POINT('',(-74.91982107348,-63.92587537708,
    57.752271553099));
#10176 = CARTESIAN_POINT('',(-70.07995977126,-65.40375277061,
    53.651418366836));
#10177 = CARTESIAN_POINT('',(-57.44348865588,-68.90589326019,
    44.676124152099));
#10178 = CARTESIAN_POINT('',(-43.32968032092,-72.46398516603,
    38.456463852787));
#10179 = CARTESIAN_POINT('',(-36.00375276483,-75.18513933827,
    35.88044957575));
#10180 = CARTESIAN_POINT('',(-25.26978472079,-76.88079918541,
    32.939705589023));
#10181 = CARTESIAN_POINT('',(-14.17626106014,-77.26673610933,
    31.875750462507));
#10182 = CARTESIAN_POINT('',(-86.7,-73.66605793948,82.21305479592));
#10183 = CARTESIAN_POINT('',(-88.6014870316,-71.76569239486,
    77.697699380984));
#10184 = CARTESIAN_POINT('',(-86.84172171114,-73.29794920801,
    75.183484554028));
#10185 = CARTESIAN_POINT('',(-85.8937204057,-73.46870421366,
    72.16992004847));
#10186 = CARTESIAN_POINT('',(-81.36690887425,-74.59181722449,
    63.737144847659));
#10187 = CARTESIAN_POINT('',(-74.91982107348,-75.06545072489,
    56.876125177429));
#10188 = CARTESIAN_POINT('',(-70.07995977126,-75.32791228256,
    52.87086649511));
#10189 = CARTESIAN_POINT('',(-57.44348865588,-75.73740308586,
    44.138814390529));
#10190 = CARTESIAN_POINT('',(-43.32968032092,-76.10025113958,
    38.17046540543));
#10191 = CARTESIAN_POINT('',(-36.00375276483,-76.3145092604,
    35.791622727942));
#10192 = CARTESIAN_POINT('',(-25.26978472079,-76.75623219839,
    32.949502992497));
#10193 = CARTESIAN_POINT('',(-14.17626106014,-77.61534430383,
    31.848331840467));
#10194 = CARTESIAN_POINT('',(-86.7,-88.37064612614,81.056514152026));
#10195 = CARTESIAN_POINT('',(-88.6014870316,-87.34279394132,
    76.472534090812));
#10196 = CARTESIAN_POINT('',(-86.84172171114,-87.97844050185,
    74.028839171366));
#10197 = CARTESIAN_POINT('',(-85.8937204057,-87.82171697776,
    71.041031404102));
#10198 = CARTESIAN_POINT('',(-81.36690887425,-87.43202006869,
    62.727241253172));
#10199 = CARTESIAN_POINT('',(-74.91982107348,-86.2050260727,
    55.999978801759));
#10200 = CARTESIAN_POINT('',(-70.07995977126,-85.25207179453,
    52.090314623382));
#10201 = CARTESIAN_POINT('',(-57.44348865588,-82.56891291152,
    43.60150462896));
#10202 = CARTESIAN_POINT('',(-43.32968032092,-79.73651711314,
    37.884466958071));
#10203 = CARTESIAN_POINT('',(-36.00375276483,-77.4438791825,
    35.702795880136));
#10204 = CARTESIAN_POINT('',(-25.26978472079,-76.63166521138,
    32.959300395969));
#10205 = CARTESIAN_POINT('',(-14.17626106014,-77.96395249834,
    31.820913218427));
#10206 = CARTESIAN_POINT('',(-86.7,-103.0752343127,79.899973508132));
#10207 = CARTESIAN_POINT('',(-88.6014870316,-102.9198954877,
    75.247368800641));
#10208 = CARTESIAN_POINT('',(-86.84172171114,-102.6589317957,
    72.874193788704));
#10209 = CARTESIAN_POINT('',(-85.8937204057,-102.1747297418,
    69.912142759734));
#10210 = CARTESIAN_POINT('',(-81.36690887425,-100.2722229128,
    61.717337658684));
#10211 = CARTESIAN_POINT('',(-74.91982107348,-97.3446014205,
    55.123832426089));
#10212 = CARTESIAN_POINT('',(-70.07995977126,-95.17623130649,
    51.309762751655));
#10213 = CARTESIAN_POINT('',(-57.44348865588,-89.40042273718,
    43.064194867391));
#10214 = CARTESIAN_POINT('',(-43.32968032092,-83.3727830867,
    37.598468510712));
#10215 = CARTESIAN_POINT('',(-36.00375276483,-78.57324910461,
    35.61396903233));
#10216 = CARTESIAN_POINT('',(-25.26978472079,-76.50709822437,
    32.969097799442));
#10217 = CARTESIAN_POINT('',(-14.17626106014,-78.31256069285,
    31.793494596387));
#10218 = CARTESIAN_POINT('',(-86.7,-117.7798224994,78.743432864238));
#10219 = CARTESIAN_POINT('',(-88.6014870316,-118.4969970342,
    74.02220351047));
#10220 = CARTESIAN_POINT('',(-86.84172171114,-117.3394230895,
    71.719548406042));
#10221 = CARTESIAN_POINT('',(-85.8937204057,-116.5277425059,
    68.783254115367));
#10222 = CARTESIAN_POINT('',(-81.36690887425,-113.112425757,
    60.707434064197));
#10223 = CARTESIAN_POINT('',(-74.91982107348,-108.4841767683,
    54.247686050419));
#10224 = CARTESIAN_POINT('',(-70.07995977126,-105.1003908184,
    50.529210879928));
#10225 = CARTESIAN_POINT('',(-57.44348865588,-96.23193256284,
    42.526885105822));
#10226 = CARTESIAN_POINT('',(-43.32968032092,-87.00904906026,
    37.312470063354));
#10227 = CARTESIAN_POINT('',(-36.00375276483,-79.70261902672,
    35.525142184523));
#10228 = CARTESIAN_POINT('',(-25.26978472079,-76.38253123736,
    32.978895202915));
#10229 = CARTESIAN_POINT('',(-14.17626106014,-78.66116888736,
    31.766075974347));
#10230 = CARTESIAN_POINT('',(-86.7,-132.484410686,77.586892220344));
#10231 = CARTESIAN_POINT('',(-88.6014870316,-134.0740985807,
    72.797038220297));
#10232 = CARTESIAN_POINT('',(-86.84172171115,-132.0199143833,
    70.56490302338));
#10233 = CARTESIAN_POINT('',(-85.8937204057,-130.88075527,
    67.654365470998));
#10234 = CARTESIAN_POINT('',(-81.36690887425,-125.9526286012,
    59.69753046971));
#10235 = CARTESIAN_POINT('',(-74.91982107348,-119.6237521161,
    53.371539674748));
#10236 = CARTESIAN_POINT('',(-70.07995977126,-115.0245503304,
    49.748659008201));
#10237 = CARTESIAN_POINT('',(-57.44348865588,-103.0634423885,
    41.989575344252));
#10238 = CARTESIAN_POINT('',(-43.32968032092,-90.6453150338,
    37.026471615996));
#10239 = CARTESIAN_POINT('',(-36.00375276482,-80.83198894885,
    35.436315336716));
#10240 = CARTESIAN_POINT('',(-25.26978472079,-76.25796425034,
    32.988692606389));
#10241 = CARTESIAN_POINT('',(-14.17626106014,-79.00977708187,
    31.738657352307));
#10242 = ADVANCED_FACE('',(#10243),#10318,.F.);
#10243 = FACE_BOUND('',#10244,.F.);
#10244 = EDGE_LOOP('',(#10245,#10246,#10247,#10248,#10249,#10266,#10276,
    #10288,#10298,#10310));
#10245 = ORIENTED_EDGE('',*,*,#9855,.F.);
#10246 = ORIENTED_EDGE('',*,*,#8042,.F.);
#10247 = ORIENTED_EDGE('',*,*,#8069,.F.);
#10248 = ORIENTED_EDGE('',*,*,#8095,.F.);
#10249 = ORIENTED_EDGE('',*,*,#10250,.T.);
#10250 = EDGE_CURVE('',#8096,#10251,#10253,.T.);
#10251 = VERTEX_POINT('',#10252);
#10252 = CARTESIAN_POINT('',(42.551971790752,-142.45,48.013702618928));
#10253 = ( BOUNDED_CURVE() B_SPLINE_CURVE(5,(#10254,#10255,#10256,#10257
    ,#10258,#10259,#10260,#10261,#10262,#10263,#10264,#10265),
.UNSPECIFIED.,.F.,.F.) B_SPLINE_CURVE_WITH_KNOTS((6,3,3,6),(0.,
0.159756403183,0.498579743718,1.),.UNSPECIFIED.) CURVE() 
GEOMETRIC_REPRESENTATION_ITEM() RATIONAL_B_SPLINE_CURVE((1.,1.,1.,1.,1.,
1.,1.,1.,1.,1.,1.,1.)) REPRESENTATION_ITEM('') );
#10254 = CARTESIAN_POINT('',(59.2,-159.8997445934,75.430630002915));
#10255 = CARTESIAN_POINT('',(61.100436600156,-161.4904796854,
    70.640693639025));
#10256 = CARTESIAN_POINT('',(59.342918124418,-159.4340555609,
    68.408734616159));
#10257 = CARTESIAN_POINT('',(58.392992509166,-158.2968148329,
    65.49804617954));
#10258 = CARTESIAN_POINT('',(53.868953541675,-153.3659241362,
    57.541428573702));
#10259 = CARTESIAN_POINT('',(47.415412165184,-147.0434813577,
    51.214931756868));
#10260 = CARTESIAN_POINT('',(42.597304275236,-142.4225931334,
    47.593756765265));
#10261 = CARTESIAN_POINT('',(29.849096277488,-130.572878062,
    39.825911864308));
#10262 = CARTESIAN_POINT('',(16.18032555537,-117.7110832616,
    34.897703328412));
#10263 = CARTESIAN_POINT('',(5.644780812831,-111.0974926996,
    33.05588245744));
#10264 = CARTESIAN_POINT('',(7.008789980865E-03,-101.4429619801,
    31.007850088316));
#10265 = CARTESIAN_POINT('',(1.587608529757,-91.55967208419,
    30.751586958866));
#10266 = ORIENTED_EDGE('',*,*,#10267,.T.);
#10267 = EDGE_CURVE('',#10251,#10268,#10270,.T.);
#10268 = VERTEX_POINT('',#10269);
#10269 = CARTESIAN_POINT('',(12.5,-142.45,48.013702618929));
#10270 = B_SPLINE_CURVE_WITH_KNOTS('',4,(#10271,#10272,#10273,#10274,
    #10275),.UNSPECIFIED.,.F.,.F.,(5,5),(0.,1.),
  .PIECEWISE_BEZIER_KNOTS.);
#10271 = CARTESIAN_POINT('',(42.551971790752,-142.45,48.013702618928));
#10272 = CARTESIAN_POINT('',(21.275985895376,-142.45,48.013702618929));
#10273 = CARTESIAN_POINT('',(-8.526512829121E-13,-142.45,48.013702618928
    ));
#10274 = CARTESIAN_POINT('',(-21.27598589537,-142.45,48.013702618928));
#10275 = CARTESIAN_POINT('',(-42.55197179075,-142.45,48.013702618928));
#10276 = ORIENTED_EDGE('',*,*,#10277,.F.);
#10277 = EDGE_CURVE('',#10278,#10268,#10280,.T.);
#10278 = VERTEX_POINT('',#10279);
#10279 = CARTESIAN_POINT('',(12.5,-150.45,55.103410588882));
#10280 = B_SPLINE_CURVE_WITH_KNOTS('',6,(#10281,#10282,#10283,#10284,
    #10285,#10286,#10287),.UNSPECIFIED.,.F.,.F.,(7,7),(0.,1.),
  .PIECEWISE_BEZIER_KNOTS.);
#10281 = CARTESIAN_POINT('',(12.5,-150.45,55.103410588882));
#10282 = CARTESIAN_POINT('',(12.5,-149.2228749546,53.808922881638));
#10283 = CARTESIAN_POINT('',(12.5,-147.9474425709,52.560300815451));
#10284 = CARTESIAN_POINT('',(12.5,-146.6283144702,51.357341565923));
#10285 = CARTESIAN_POINT('',(12.5,-145.2698570345,50.199303949935));
#10286 = CARTESIAN_POINT('',(12.5,-143.8760110545,49.085114655869));
#10287 = CARTESIAN_POINT('',(12.5,-142.45,48.013702618929));
#10288 = ORIENTED_EDGE('',*,*,#10289,.T.);
#10289 = EDGE_CURVE('',#10278,#10290,#10292,.T.);
#10290 = VERTEX_POINT('',#10291);
#10291 = CARTESIAN_POINT('',(-12.5,-150.45,55.103410588882));
#10292 = B_SPLINE_CURVE_WITH_KNOTS('',4,(#10293,#10294,#10295,#10296,
    #10297),.UNSPECIFIED.,.F.,.F.,(5,5),(0.,1.),
  .PIECEWISE_BEZIER_KNOTS.);
#10293 = CARTESIAN_POINT('',(12.5,-150.45,55.103410588882));
#10294 = CARTESIAN_POINT('',(6.25,-150.45,55.103410588882));
#10295 = CARTESIAN_POINT('',(-7.993605777301E-14,-150.45,55.103410588882
    ));
#10296 = CARTESIAN_POINT('',(-6.25,-150.45,55.103410588882));
#10297 = CARTESIAN_POINT('',(-12.5,-150.45,55.103410588882));
#10298 = ORIENTED_EDGE('',*,*,#10299,.T.);
#10299 = EDGE_CURVE('',#10290,#10300,#10302,.T.);
#10300 = VERTEX_POINT('',#10301);
#10301 = CARTESIAN_POINT('',(-12.5,-142.45,48.013702618929));
#10302 = B_SPLINE_CURVE_WITH_KNOTS('',6,(#10303,#10304,#10305,#10306,
    #10307,#10308,#10309),.UNSPECIFIED.,.F.,.F.,(7,7),(0.,1.),
  .PIECEWISE_BEZIER_KNOTS.);
#10303 = CARTESIAN_POINT('',(-12.5,-150.45,55.103410588882));
#10304 = CARTESIAN_POINT('',(-12.5,-149.2228749546,53.808922881638));
#10305 = CARTESIAN_POINT('',(-12.5,-147.9474425709,52.560300815451));
#10306 = CARTESIAN_POINT('',(-12.5,-146.6283144702,51.357341565923));
#10307 = CARTESIAN_POINT('',(-12.5,-145.2698570345,50.199303949935));
#10308 = CARTESIAN_POINT('',(-12.5,-143.8760110545,49.085114655869));
#10309 = CARTESIAN_POINT('',(-12.5,-142.45,48.013702618929));
#10310 = ORIENTED_EDGE('',*,*,#10311,.T.);
#10311 = EDGE_CURVE('',#10300,#9856,#10312,.T.);
#10312 = B_SPLINE_CURVE_WITH_KNOTS('',4,(#10313,#10314,#10315,#10316,
    #10317),.UNSPECIFIED.,.F.,.F.,(5,5),(0.,1.),
  .PIECEWISE_BEZIER_KNOTS.);
#10313 = CARTESIAN_POINT('',(42.551971790752,-142.45,48.013702618928));
#10314 = CARTESIAN_POINT('',(21.275985895376,-142.45,48.013702618929));
#10315 = CARTESIAN_POINT('',(-8.526512829121E-13,-142.45,48.013702618928
    ));
#10316 = CARTESIAN_POINT('',(-21.27598589537,-142.45,48.013702618928));
#10317 = CARTESIAN_POINT('',(-42.55197179075,-142.45,48.013702618928));
#10318 = ( BOUNDED_SURFACE() B_SPLINE_SURFACE(8,5,(
    (#10319,#10320,#10321,#10322,#10323,#10324,#10325,#10326,#10327
      ,#10328,#10329,#10330)
    ,(#10331,#10332,#10333,#10334,#10335,#10336,#10337,#10338,#10339
      ,#10340,#10341,#10342)
    ,(#10343,#10344,#10345,#10346,#10347,#10348,#10349,#10350,#10351
      ,#10352,#10353,#10354)
    ,(#10355,#10356,#10357,#10358,#10359,#10360,#10361,#10362,#10363
      ,#10364,#10365,#10366)
    ,(#10367,#10368,#10369,#10370,#10371,#10372,#10373,#10374,#10375
      ,#10376,#10377,#10378)
    ,(#10379,#10380,#10381,#10382,#10383,#10384,#10385,#10386,#10387
      ,#10388,#10389,#10390)
    ,(#10391,#10392,#10393,#10394,#10395,#10396,#10397,#10398,#10399
      ,#10400,#10401,#10402)
    ,(#10403,#10404,#10405,#10406,#10407,#10408,#10409,#10410,#10411
      ,#10412,#10413,#10414)
    ,(#10415,#10416,#10417,#10418,#10419,#10420,#10421,#10422,#10423
      ,#10424,#10425,#10426
)),.UNSPECIFIED.,.F.,.F.,.F.) B_SPLINE_SURFACE_WITH_KNOTS((9,9),(6,3,3,6
    ),(5.,6.),(0.,0.159756403183,0.498579743718,1.),.UNSPECIFIED.) 
GEOMETRIC_REPRESENTATION_ITEM() RATIONAL_B_SPLINE_SURFACE((
    (1.,1.,1.,1.,1.,1.,1.,1.,1.,1.,1.,1.)
    ,(1.,1.,1.,1.,1.,1.,1.,1.,1.,1.,1.,1.)
    ,(1.,1.,1.,1.,1.,1.,1.,1.,1.,1.,1.,1.)
    ,(1.,1.,1.,1.,1.,1.,1.,1.,1.,1.,1.,1.)
    ,(1.,1.,1.,1.,1.,1.,1.,1.,1.,1.,1.,1.)
    ,(1.,1.,1.,1.,1.,1.,1.,1.,1.,1.,1.,1.)
    ,(1.,1.,1.,1.,1.,1.,1.,1.,1.,1.,1.,1.)
    ,(1.,1.,1.,1.,1.,1.,1.,1.,1.,1.,1.,1.)
,(1.,1.,1.,1.,1.,1.,1.,1.,1.,1.,1.,1.
))) REPRESENTATION_ITEM('') SURFACE() );
#10319 = CARTESIAN_POINT('',(-59.2,-159.8997445934,75.430630002915));
#10320 = CARTESIAN_POINT('',(-61.10043660015,-161.4904796854,
    70.640693639025));
#10321 = CARTESIAN_POINT('',(-59.34291812442,-159.4340555609,
    68.40873461616));
#10322 = CARTESIAN_POINT('',(-58.39299250916,-158.2968148329,
    65.49804617954));
#10323 = CARTESIAN_POINT('',(-53.86895354167,-153.3659241362,
    57.541428573702));
#10324 = CARTESIAN_POINT('',(-47.41541216518,-147.0434813577,
    51.214931756868));
#10325 = CARTESIAN_POINT('',(-42.59730427523,-142.4225931334,
    47.593756765266));
#10326 = CARTESIAN_POINT('',(-29.84909627748,-130.5728780621,
    39.825911864308));
#10327 = CARTESIAN_POINT('',(-16.18032555537,-117.7110832616,
    34.897703328413));
#10328 = CARTESIAN_POINT('',(-5.64478081283,-111.0974926996,
    33.05588245744));
#10329 = CARTESIAN_POINT('',(-7.008789981277E-03,-101.4429619801,
    31.007850088316));
#10330 = CARTESIAN_POINT('',(-1.587608529757,-91.55967208419,
    30.751586958866));
#10331 = CARTESIAN_POINT('',(-44.4,-159.8997445934,75.430630002915));
#10332 = CARTESIAN_POINT('',(-45.82532745011,-161.4904796854,
    70.640693639025));
#10333 = CARTESIAN_POINT('',(-44.50718859331,-159.4340555609,
    68.40873461616));
#10334 = CARTESIAN_POINT('',(-43.79474438187,-158.2968148329,
    65.49804617954));
#10335 = CARTESIAN_POINT('',(-40.40171515625,-153.3659241362,
    57.541428573702));
#10336 = CARTESIAN_POINT('',(-35.56155912388,-147.0434813577,
    51.214931756868));
#10337 = CARTESIAN_POINT('',(-31.94797820642,-142.4225931334,
    47.593756765266));
#10338 = CARTESIAN_POINT('',(-22.38682220811,-130.5728780621,
    39.825911864308));
#10339 = CARTESIAN_POINT('',(-12.13524416652,-117.7110832616,
    34.897703328413));
#10340 = CARTESIAN_POINT('',(-4.233585609625,-111.0974926996,
    33.05588245744));
#10341 = CARTESIAN_POINT('',(-5.256592484871E-03,-101.4429619801,
    31.007850088316));
#10342 = CARTESIAN_POINT('',(-1.190706397317,-91.55967208419,
    30.751586958866));
#10343 = CARTESIAN_POINT('',(-29.6,-159.8997445934,75.430630002915));
#10344 = CARTESIAN_POINT('',(-30.55021830007,-161.4904796854,
    70.640693639025));
#10345 = CARTESIAN_POINT('',(-29.6714590622,-159.4340555609,
    68.40873461616));
#10346 = CARTESIAN_POINT('',(-29.19649625458,-158.2968148329,
    65.49804617954));
#10347 = CARTESIAN_POINT('',(-26.93447677083,-153.3659241362,
    57.541428573702));
#10348 = CARTESIAN_POINT('',(-23.70770608259,-147.0434813577,
    51.214931756868));
#10349 = CARTESIAN_POINT('',(-21.29865213761,-142.4225931334,
    47.593756765266));
#10350 = CARTESIAN_POINT('',(-14.92454813874,-130.5728780621,
    39.825911864308));
#10351 = CARTESIAN_POINT('',(-8.090162777685,-117.7110832616,
    34.897703328413));
#10352 = CARTESIAN_POINT('',(-2.822390406416,-111.0974926996,
    33.05588245744));
#10353 = CARTESIAN_POINT('',(-3.504394990489E-03,-101.4429619801,
    31.007850088316));
#10354 = CARTESIAN_POINT('',(-0.793804264878,-91.55967208419,
    30.751586958866));
#10355 = CARTESIAN_POINT('',(-14.8,-159.8997445934,75.430630002915));
#10356 = CARTESIAN_POINT('',(-15.27510915003,-161.4904796854,
    70.640693639025));
#10357 = CARTESIAN_POINT('',(-14.8357295311,-159.4340555609,
    68.40873461616));
#10358 = CARTESIAN_POINT('',(-14.59824812729,-158.2968148329,
    65.49804617954));
#10359 = CARTESIAN_POINT('',(-13.46723838541,-153.3659241362,
    57.541428573702));
#10360 = CARTESIAN_POINT('',(-11.85385304129,-147.0434813577,
    51.214931756868));
#10361 = CARTESIAN_POINT('',(-10.6493260688,-142.4225931334,
    47.593756765266));
#10362 = CARTESIAN_POINT('',(-7.462274069372,-130.5728780621,
    39.825911864308));
#10363 = CARTESIAN_POINT('',(-4.045081388843,-117.7110832616,
    34.897703328413));
#10364 = CARTESIAN_POINT('',(-1.411195203208,-111.0974926996,
    33.05588245744));
#10365 = CARTESIAN_POINT('',(-1.752197495244E-03,-101.4429619801,
    31.007850088316));
#10366 = CARTESIAN_POINT('',(-0.396902132439,-91.55967208419,
    30.751586958866));
#10367 = CARTESIAN_POINT('',(-7.549516567451E-15,-159.8997445934,
    75.430630002915));
#10368 = CARTESIAN_POINT('',(1.231547030767E-14,-161.4904796854,
    70.640693639025));
#10369 = CARTESIAN_POINT('',(-2.472673563766E-14,-159.4340555609,
    68.40873461616));
#10370 = CARTESIAN_POINT('',(-3.152560296514E-15,-158.2968148329,
    65.49804617954));
#10371 = CARTESIAN_POINT('',(-1.019131177452E-14,-153.3659241362,
    57.541428573702));
#10372 = CARTESIAN_POINT('',(-5.452174468748E-15,-147.0434813577,
    51.214931756868));
#10373 = CARTESIAN_POINT('',(-9.213056037714E-15,-142.4225931334,
    47.593756765266));
#10374 = CARTESIAN_POINT('',(-5.319636143237E-15,-130.5728780621,
    39.825911864308));
#10375 = CARTESIAN_POINT('',(5.646920452159E-16,-117.7110832616,
    34.897703328413));
#10376 = CARTESIAN_POINT('',(-5.652408262202E-15,-111.0974926996,
    33.05588245744));
#10377 = CARTESIAN_POINT('',(-7.496665786554E-15,-101.4429619801,
    31.007850088316));
#10378 = CARTESIAN_POINT('',(-1.7763568394E-15,-91.55967208419,
    30.751586958866));
#10379 = CARTESIAN_POINT('',(14.8,-159.8997445934,75.430630002915));
#10380 = CARTESIAN_POINT('',(15.275109150037,-161.4904796854,
    70.640693639025));
#10381 = CARTESIAN_POINT('',(14.835729531106,-159.4340555609,
    68.40873461616));
#10382 = CARTESIAN_POINT('',(14.598248127291,-158.2968148329,
    65.49804617954));
#10383 = CARTESIAN_POINT('',(13.467238385419,-153.3659241362,
    57.541428573702));
#10384 = CARTESIAN_POINT('',(11.853853041296,-147.0434813577,
    51.214931756868));
#10385 = CARTESIAN_POINT('',(10.649326068809,-142.4225931334,
    47.593756765266));
#10386 = CARTESIAN_POINT('',(7.462274069372,-130.5728780621,
    39.825911864308));
#10387 = CARTESIAN_POINT('',(4.045081388843,-117.7110832616,
    34.897703328413));
#10388 = CARTESIAN_POINT('',(1.411195203207,-111.0974926996,
    33.05588245744));
#10389 = CARTESIAN_POINT('',(1.752197495375E-03,-101.4429619801,
    31.007850088316));
#10390 = CARTESIAN_POINT('',(0.396902132439,-91.55967208419,
    30.751586958866));
#10391 = CARTESIAN_POINT('',(29.6,-159.8997445934,75.430630002915));
#10392 = CARTESIAN_POINT('',(30.550218300075,-161.4904796854,
    70.640693639025));
#10393 = CARTESIAN_POINT('',(29.671459062211,-159.4340555609,
    68.40873461616));
#10394 = CARTESIAN_POINT('',(29.196496254583,-158.2968148329,
    65.49804617954));
#10395 = CARTESIAN_POINT('',(26.934476770838,-153.3659241362,
    57.541428573702));
#10396 = CARTESIAN_POINT('',(23.707706082592,-147.0434813577,
    51.214931756868));
#10397 = CARTESIAN_POINT('',(21.298652137618,-142.4225931334,
    47.593756765266));
#10398 = CARTESIAN_POINT('',(14.924548138744,-130.5728780621,
    39.825911864308));
#10399 = CARTESIAN_POINT('',(8.090162777685,-117.7110832616,
    34.897703328413));
#10400 = CARTESIAN_POINT('',(2.822390406415,-111.0974926996,
    33.05588245744));
#10401 = CARTESIAN_POINT('',(3.504394990657E-03,-101.4429619801,
    31.007850088316));
#10402 = CARTESIAN_POINT('',(0.793804264878,-91.55967208419,
    30.751586958866));
#10403 = CARTESIAN_POINT('',(44.4,-159.8997445934,75.430630002915));
#10404 = CARTESIAN_POINT('',(45.825327450112,-161.4904796854,
    70.640693639025));
#10405 = CARTESIAN_POINT('',(44.507188593317,-159.4340555609,
    68.40873461616));
#10406 = CARTESIAN_POINT('',(43.794744381873,-158.2968148329,
    65.49804617954));
#10407 = CARTESIAN_POINT('',(40.401715156258,-153.3659241362,
    57.541428573702));
#10408 = CARTESIAN_POINT('',(35.561559123887,-147.0434813577,
    51.214931756868));
#10409 = CARTESIAN_POINT('',(31.947978206428,-142.4225931334,
    47.593756765266));
#10410 = CARTESIAN_POINT('',(22.386822208114,-130.5728780621,
    39.825911864308));
#10411 = CARTESIAN_POINT('',(12.13524416653,-117.7110832616,
    34.897703328413));
#10412 = CARTESIAN_POINT('',(4.233585609621,-111.0974926996,
    33.05588245744));
#10413 = CARTESIAN_POINT('',(5.25659248682E-03,-101.4429619801,
    31.007850088316));
#10414 = CARTESIAN_POINT('',(1.190706397317,-91.55967208419,
    30.751586958866));
#10415 = CARTESIAN_POINT('',(59.2,-159.8997445934,75.430630002915));
#10416 = CARTESIAN_POINT('',(61.100436600156,-161.4904796854,
    70.640693639025));
#10417 = CARTESIAN_POINT('',(59.342918124418,-159.4340555609,
    68.408734616159));
#10418 = CARTESIAN_POINT('',(58.392992509166,-158.2968148329,
    65.49804617954));
#10419 = CARTESIAN_POINT('',(53.868953541675,-153.3659241362,
    57.541428573702));
#10420 = CARTESIAN_POINT('',(47.415412165184,-147.0434813577,
    51.214931756868));
#10421 = CARTESIAN_POINT('',(42.597304275236,-142.4225931334,
    47.593756765265));
#10422 = CARTESIAN_POINT('',(29.849096277488,-130.572878062,
    39.825911864308));
#10423 = CARTESIAN_POINT('',(16.18032555537,-117.7110832616,
    34.897703328412));
#10424 = CARTESIAN_POINT('',(5.644780812831,-111.0974926996,
    33.05588245744));
#10425 = CARTESIAN_POINT('',(7.008789980865E-03,-101.4429619801,
    31.007850088316));
#10426 = CARTESIAN_POINT('',(1.587608529757,-91.55967208419,
    30.751586958866));
#10427 = ADVANCED_FACE('',(#10428),#10545,.F.);
#10428 = FACE_BOUND('',#10429,.F.);
#10429 = EDGE_LOOP('',(#10430,#10431,#10432,#10433,#10450,#10475,#10522)
  );
#10430 = ORIENTED_EDGE('',*,*,#10250,.F.);
#10431 = ORIENTED_EDGE('',*,*,#8105,.F.);
#10432 = ORIENTED_EDGE('',*,*,#8158,.F.);
#10433 = ORIENTED_EDGE('',*,*,#10434,.T.);
#10434 = EDGE_CURVE('',#8159,#10435,#10437,.T.);
#10435 = VERTEX_POINT('',#10436);
#10436 = CARTESIAN_POINT('',(69.65,-114.6512525998,49.884687084656));
#10437 = ( BOUNDED_CURVE() B_SPLINE_CURVE(5,(#10438,#10439,#10440,#10441
    ,#10442,#10443,#10444,#10445,#10446,#10447,#10448,#10449),
.UNSPECIFIED.,.F.,.F.) B_SPLINE_CURVE_WITH_KNOTS((6,3,3,6),(0.,
0.159756403183,0.498579743718,1.),.UNSPECIFIED.) CURVE() 
GEOMETRIC_REPRESENTATION_ITEM() RATIONAL_B_SPLINE_CURVE((1.,1.,1.,1.,1.,
1.,1.,1.,1.,1.,1.,1.)) REPRESENTATION_ITEM('') );
#10438 = CARTESIAN_POINT('',(86.7,-132.484410686,77.586892220344));
#10439 = CARTESIAN_POINT('',(88.601487031608,-134.0740985807,
    72.797038220296));
#10440 = CARTESIAN_POINT('',(86.84172171115,-132.0199143833,
    70.564903023381));
#10441 = CARTESIAN_POINT('',(85.893720405703,-130.88075527,
    67.654365470998));
#10442 = CARTESIAN_POINT('',(81.366908874255,-125.9526286012,
    59.69753046971));
#10443 = CARTESIAN_POINT('',(74.919821073485,-119.6237521161,
    53.371539674748));
#10444 = CARTESIAN_POINT('',(70.079959771267,-115.0245503304,
    49.748659008201));
#10445 = CARTESIAN_POINT('',(57.44348865589,-103.0634423885,
    41.989575344252));
#10446 = CARTESIAN_POINT('',(43.329680320923,-90.6453150338,
    37.026471615997));
#10447 = CARTESIAN_POINT('',(36.003752764832,-80.83198894885,
    35.436315336715));
#10448 = CARTESIAN_POINT('',(25.26978472079,-76.25796425034,
    32.988692606389));
#10449 = CARTESIAN_POINT('',(14.176261060145,-79.00977708187,
    31.738657352307));
#10450 = ORIENTED_EDGE('',*,*,#10451,.F.);
#10451 = EDGE_CURVE('',#10452,#10435,#10454,.T.);
#10452 = VERTEX_POINT('',#10453);
#10453 = CARTESIAN_POINT('',(69.65,-132.,51.624748060955));
#10454 = B_SPLINE_CURVE_WITH_KNOTS('',7,(#10455,#10456,#10457,#10458,
    #10459,#10460,#10461,#10462,#10463,#10464,#10465,#10466,#10467,
    #10468,#10469,#10470,#10471,#10472,#10473,#10474),.UNSPECIFIED.,.F.,
  .F.,(8,6,6,8),(0.,0.19301167657,0.625260389326,1.),.UNSPECIFIED.);
#10455 = CARTESIAN_POINT('',(69.65,-132.,51.624748060955));
#10456 = CARTESIAN_POINT('',(69.65,-131.5321525272,51.505467523088));
#10457 = CARTESIAN_POINT('',(69.65,-131.0631999755,51.390525446257));
#10458 = CARTESIAN_POINT('',(69.65,-130.5931980523,51.279902026383));
#10459 = CARTESIAN_POINT('',(69.65,-130.1222003391,51.173583674628));
#10460 = CARTESIAN_POINT('',(69.65,-129.6502581554,51.071563640761));
#10461 = CARTESIAN_POINT('',(69.65,-129.1774204229,50.973842636536));
#10462 = CARTESIAN_POINT('',(69.65,-127.6429140289,50.671231101547));
#10463 = CARTESIAN_POINT('',(69.65,-126.5778874061,50.483648158173));
#10464 = CARTESIAN_POINT('',(69.65,-125.5091088701,50.317764135887));
#10465 = CARTESIAN_POINT('',(69.65,-124.4370625266,50.173894153556));
#10466 = CARTESIAN_POINT('',(69.65,-123.3622569677,50.052629130546));
#10467 = CARTESIAN_POINT('',(69.65,-122.2852187779,49.954887959231));
#10468 = CARTESIAN_POINT('',(69.65,-120.2712311917,49.819119724467));
#10469 = CARTESIAN_POINT('',(69.65,-119.3348640759,49.774888249631));
#10470 = CARTESIAN_POINT('',(69.65,-118.3975736347,49.750430004682));
#10471 = CARTESIAN_POINT('',(69.65,-117.4597934591,49.747048018341));
#10472 = CARTESIAN_POINT('',(69.65,-116.5221833958,49.766522841304));
#10473 = CARTESIAN_POINT('',(69.65,-115.5856289469,49.811196810167));
#10474 = CARTESIAN_POINT('',(69.65,-114.6512525998,49.884687084656));
#10475 = ORIENTED_EDGE('',*,*,#10476,.T.);
#10476 = EDGE_CURVE('',#10452,#10477,#10479,.T.);
#10477 = VERTEX_POINT('',#10478);
#10478 = CARTESIAN_POINT('',(59.2,-142.45,50.951317833274));
#10479 = B_SPLINE_CURVE_WITH_KNOTS('',6,(#10480,#10481,#10482,#10483,
    #10484,#10485,#10486,#10487,#10488,#10489,#10490,#10491,#10492,
    #10493,#10494,#10495,#10496,#10497,#10498,#10499,#10500,#10501,
    #10502,#10503,#10504,#10505,#10506,#10507,#10508,#10509,#10510,
    #10511,#10512,#10513,#10514,#10515,#10516,#10517,#10518,#10519,
    #10520,#10521),.UNSPECIFIED.,.F.,.F.,(7,5,5,5,5,5,5,5,7),(0.,
    0.121855135218,0.202088264109,0.258080063982,0.395734941712,
    0.582203324435,0.666792908062,0.793427141806,1.),.UNSPECIFIED.);
#10480 = CARTESIAN_POINT('',(69.65,-132.,51.624748060955));
#10481 = CARTESIAN_POINT('',(69.65,-132.322798845,51.707047575439));
#10482 = CARTESIAN_POINT('',(69.638034442593,-132.6476482401,
    51.785290790724));
#10483 = CARTESIAN_POINT('',(69.613818808352,-132.973925274,
    51.859315215793));
#10484 = CARTESIAN_POINT('',(69.577115292057,-133.3009566889,
    51.928972731995));
#10485 = CARTESIAN_POINT('',(69.527748940117,-133.6280202289,
    51.9941306502));
#10486 = CARTESIAN_POINT('',(69.424718697437,-134.1692087985,
    52.094535540513));
#10487 = CARTESIAN_POINT('',(69.378281998371,-134.3837534389,
    52.132397534576));
#10488 = CARTESIAN_POINT('',(69.32628625633,-134.5977607148,
    52.168225658161));
#10489 = CARTESIAN_POINT('',(69.268718202236,-134.8110065601,
    52.20199063395));
#10490 = CARTESIAN_POINT('',(69.205580295739,-135.0232625076,
    52.233666885316));
#10491 = CARTESIAN_POINT('',(69.088957411734,-135.3815689148,
    52.283865141694));
#10492 = CARTESIAN_POINT('',(69.038319476828,-135.5282467866,
    52.303469958813));
#10493 = CARTESIAN_POINT('',(68.984985035886,-135.6742509087,
    52.322039449107));
#10494 = CARTESIAN_POINT('',(68.928964650398,-135.8195023956,
    52.339567109251));
#10495 = CARTESIAN_POINT('',(68.870272891303,-135.9639223419,
    52.356047357173));
#10496 = CARTESIAN_POINT('',(68.658113811376,-136.460247414,
    52.409405434878));
#10497 = CARTESIAN_POINT('',(68.491260727386,-136.8075707531,
    52.440977352979));
#10498 = CARTESIAN_POINT('',(68.308654565221,-137.1482112651,
    52.466120029292));
#10499 = CARTESIAN_POINT('',(68.11071572186,-137.4810272712,
    52.484798854672));
#10500 = CARTESIAN_POINT('',(67.898004282419,-137.8049308867,
    52.497010841552));
#10501 = CARTESIAN_POINT('',(67.364027500387,-138.5441883655,
    52.510594000049));
#10502 = CARTESIAN_POINT('',(67.030980369406,-138.9512915385,
    52.506586613363));
#10503 = CARTESIAN_POINT('',(66.673850248884,-139.3376072387,
    52.490813352954));
#10504 = CARTESIAN_POINT('',(66.294749377883,-139.7009859158,
    52.463439745586));
#10505 = CARTESIAN_POINT('',(65.896050702702,-140.039642164,
    52.424678314598));
#10506 = CARTESIAN_POINT('',(65.291855734185,-140.4939653684,
    52.352213267846));
#10507 = CARTESIAN_POINT('',(65.099808210811,-140.6303790165,
    52.327315884257));
#10508 = CARTESIAN_POINT('',(64.90450640761,-140.7612986854,
    52.300162199741));
#10509 = CARTESIAN_POINT('',(64.706195530368,-140.8866185547,
    52.270781154588));
#10510 = CARTESIAN_POINT('',(64.505124125275,-141.0062517895,
    52.239203887495));
#10511 = CARTESIAN_POINT('',(63.996773738505,-141.2906086635,
    52.154953365145));
#10512 = CARTESIAN_POINT('',(63.686376056482,-141.4481906931,
    52.09959501689));
#10513 = CARTESIAN_POINT('',(63.371194517146,-141.5926423469,
    52.039501277245));
#10514 = CARTESIAN_POINT('',(63.052065161433,-141.7238305277,
    51.974792437144));
#10515 = CARTESIAN_POINT('',(62.729809252286,-141.841709254,
    51.905597527514));
#10516 = CARTESIAN_POINT('',(61.875749857111,-142.1169324236,
    51.712089153335));
#10517 = CARTESIAN_POINT('',(61.340064823264,-142.2522227829,
    51.580550977092));
#10518 = CARTESIAN_POINT('',(60.801643707324,-142.3523010513,
    51.438043139736));
#10519 = CARTESIAN_POINT('',(60.263662013086,-142.4178707702,
    51.285205160915));
#10520 = CARTESIAN_POINT('',(59.728955100478,-142.45,51.122720322091));
#10521 = CARTESIAN_POINT('',(59.2,-142.45,50.951317833274));
#10522 = ORIENTED_EDGE('',*,*,#10523,.T.);
#10523 = EDGE_CURVE('',#10477,#10251,#10524,.T.);
#10524 = B_SPLINE_CURVE_WITH_KNOTS('',7,(#10525,#10526,#10527,#10528,
    #10529,#10530,#10531,#10532,#10533,#10534,#10535,#10536,#10537,
    #10538,#10539,#10540,#10541,#10542,#10543,#10544),.UNSPECIFIED.,.F.,
  .F.,(8,6,6,8),(0.,8.604761919314E-02,0.582347062623,1.),
  .UNSPECIFIED.);
#10525 = CARTESIAN_POINT('',(59.2,-142.45,50.951317833274));
#10526 = CARTESIAN_POINT('',(59.001540269452,-142.45,50.887008987939));
#10527 = CARTESIAN_POINT('',(58.802845357454,-142.45,50.823426297142));
#10528 = CARTESIAN_POINT('',(58.603918792029,-142.45,50.760569725221));
#10529 = CARTESIAN_POINT('',(58.404764014516,-142.45,50.698439482747));
#10530 = CARTESIAN_POINT('',(58.205384379574,-142.45,50.637036026528));
#10531 = CARTESIAN_POINT('',(58.005783155174,-142.45,50.576360059608));
#10532 = CARTESIAN_POINT('',(56.653457812862,-142.45,50.170651367503));
#10533 = CARTESIAN_POINT('',(55.49376335438,-142.45,49.849145983314));
#10534 = CARTESIAN_POINT('',(54.327380090619,-142.45,49.552043205593));
#10535 = CARTESIAN_POINT('',(53.154824226234,-142.45,49.279821836049));
#10536 = CARTESIAN_POINT('',(51.976614442419,-142.45,49.03336643269));
#10537 = CARTESIAN_POINT('',(50.793257203163,-142.45,48.814032353788));
#10538 = CARTESIAN_POINT('',(48.605313119233,-142.45,48.464277598708));
#10539 = CARTESIAN_POINT('',(47.602382729941,-142.45,48.32531715686));
#10540 = CARTESIAN_POINT('',(46.596359406411,-142.45,48.208539712799));
#10541 = CARTESIAN_POINT('',(45.587556875321,-142.45,48.115782586533));
#10542 = CARTESIAN_POINT('',(44.576589514233,-142.45,48.049678707294));
#10543 = CARTESIAN_POINT('',(43.564363026647,-142.45,48.013702618928));
#10544 = CARTESIAN_POINT('',(42.551971790752,-142.45,48.013702618928));
#10545 = ( BOUNDED_SURFACE() B_SPLINE_SURFACE(8,5,(
    (#10546,#10547,#10548,#10549,#10550,#10551,#10552,#10553,#10554
      ,#10555,#10556,#10557)
    ,(#10558,#10559,#10560,#10561,#10562,#10563,#10564,#10565,#10566
      ,#10567,#10568,#10569)
    ,(#10570,#10571,#10572,#10573,#10574,#10575,#10576,#10577,#10578
      ,#10579,#10580,#10581)
    ,(#10582,#10583,#10584,#10585,#10586,#10587,#10588,#10589,#10590
      ,#10591,#10592,#10593)
    ,(#10594,#10595,#10596,#10597,#10598,#10599,#10600,#10601,#10602
      ,#10603,#10604,#10605)
    ,(#10606,#10607,#10608,#10609,#10610,#10611,#10612,#10613,#10614
      ,#10615,#10616,#10617)
    ,(#10618,#10619,#10620,#10621,#10622,#10623,#10624,#10625,#10626
      ,#10627,#10628,#10629)
    ,(#10630,#10631,#10632,#10633,#10634,#10635,#10636,#10637,#10638
      ,#10639,#10640,#10641)
    ,(#10642,#10643,#10644,#10645,#10646,#10647,#10648,#10649,#10650
      ,#10651,#10652,#10653
)),.UNSPECIFIED.,.F.,.F.,.F.) B_SPLINE_SURFACE_WITH_KNOTS((9,9),(6,3,3,6
    ),(6.,7.),(0.,0.159756403183,0.498579743718,1.),.UNSPECIFIED.) 
GEOMETRIC_REPRESENTATION_ITEM() RATIONAL_B_SPLINE_SURFACE((
    (1.,1.,1.,1.,1.,1.,1.,1.,1.,1.,1.,1.)
    ,(1.,1.,1.,1.,1.,1.,1.,1.,1.,1.,1.,1.)
    ,(1.,1.,1.,1.,1.,1.,1.,1.,1.,1.,1.,1.)
    ,(1.,1.,1.,1.,1.,1.,1.,1.,1.,1.,1.,1.)
    ,(1.,1.,1.,1.,1.,1.,1.,1.,1.,1.,1.,1.)
    ,(1.,1.,1.,1.,1.,1.,1.,1.,1.,1.,1.,1.)
    ,(1.,1.,1.,1.,1.,1.,1.,1.,1.,1.,1.,1.)
    ,(1.,1.,1.,1.,1.,1.,1.,1.,1.,1.,1.,1.)
,(1.,1.,1.,1.,1.,1.,1.,1.,1.,1.,1.,1.
))) REPRESENTATION_ITEM('') SURFACE() );
#10546 = CARTESIAN_POINT('',(59.2,-159.8997445934,75.430630002915));
#10547 = CARTESIAN_POINT('',(61.100436600156,-161.4904796854,
    70.640693639025));
#10548 = CARTESIAN_POINT('',(59.342918124418,-159.4340555609,
    68.408734616159));
#10549 = CARTESIAN_POINT('',(58.392992509166,-158.2968148329,
    65.49804617954));
#10550 = CARTESIAN_POINT('',(53.868953541675,-153.3659241362,
    57.541428573702));
#10551 = CARTESIAN_POINT('',(47.415412165184,-147.0434813577,
    51.214931756868));
#10552 = CARTESIAN_POINT('',(42.597304275236,-142.4225931334,
    47.593756765265));
#10553 = CARTESIAN_POINT('',(29.849096277488,-130.572878062,
    39.825911864308));
#10554 = CARTESIAN_POINT('',(16.18032555537,-117.7110832616,
    34.897703328412));
#10555 = CARTESIAN_POINT('',(5.644780812831,-111.0974926996,
    33.05588245744));
#10556 = CARTESIAN_POINT('',(7.008789980865E-03,-101.4429619801,
    31.007850088316));
#10557 = CARTESIAN_POINT('',(1.587608529757,-91.55967208419,
    30.751586958866));
#10558 = CARTESIAN_POINT('',(64.599612373358,-159.8997445934,
    75.430630002915));
#10559 = CARTESIAN_POINT('',(66.500255225258,-161.4904796854,
    70.640693639033));
#10560 = CARTESIAN_POINT('',(64.742295582573,-159.4340555609,
    68.408734616154));
#10561 = CARTESIAN_POINT('',(63.792747804675,-158.2968148329,
    65.498046179541));
#10562 = CARTESIAN_POINT('',(59.268164445522,-153.3659241362,
    57.541428573701));
#10563 = CARTESIAN_POINT('',(52.815890225663,-147.0434813577,
    51.214931756869));
#10564 = CARTESIAN_POINT('',(47.993511063205,-142.4225931334,
    47.593756765265));
#10565 = CARTESIAN_POINT('',(35.267242551003,-130.5728780621,
    39.825911864309));
#10566 = CARTESIAN_POINT('',(21.511088897943,-117.7110832616,
    34.897703328412));
#10567 = CARTESIAN_POINT('',(11.605751016266,-111.0974926996,
    33.055882457442));
#10568 = CARTESIAN_POINT('',(4.967343244575,-101.4429619801,
    31.007850088315));
#10569 = CARTESIAN_POINT('',(4.059384674011,-91.55967208419,
    30.751586958866));
#10570 = CARTESIAN_POINT('',(69.999226446364,-158.6918033518,
    75.52563661742));
#10571 = CARTESIAN_POINT('',(71.900075550026,-160.2824923034,
    70.735703882537));
#10572 = CARTESIAN_POINT('',(70.14167474033,-158.2261668719,
    68.50373709732));
#10573 = CARTESIAN_POINT('',(69.192504799878,-157.0888416183,
    65.593055308773));
#10574 = CARTESIAN_POINT('',(64.667377048895,-152.1580727069,
    57.636428124321));
#10575 = CARTESIAN_POINT('',(58.216369986069,-145.8353464542,
    51.30995360321));
#10576 = CARTESIAN_POINT('',(53.389719549738,-141.2154137515,
    47.688703458221));
#10577 = CARTESIAN_POINT('',(40.685390530017,-129.3607906224,
    39.921244584285));
#10578 = CARTESIAN_POINT('',(26.841853918485,-116.5185441597,
    34.991498538677));
#10579 = CARTESIAN_POINT('',(17.566723096056,-109.763970726,
    33.160766208169));
#10580 = CARTESIAN_POINT('',(9.927679260547,-100.3332911101,
    31.095127572471));
#10581 = CARTESIAN_POINT('',(6.531161596312,-91.00671380901,
    30.795078059161));
#10582 = CARTESIAN_POINT('',(75.081613944218,-156.2759327327,
    75.715648913307));
#10583 = CARTESIAN_POINT('',(76.982657182482,-157.8665294043,
    70.925723436463));
#10584 = CARTESIAN_POINT('',(75.223841124117,-155.8104013575,
    68.693741126509));
#10585 = CARTESIAN_POINT('',(74.275026823262,-154.6729070537,
    65.78307263409));
#10586 = CARTESIAN_POINT('',(69.7493866634,-149.7423817115,
    57.826426292489));
#10587 = CARTESIAN_POINT('',(63.299572312277,-143.4190885133,
    51.499996362615));
#10588 = CARTESIAN_POINT('',(58.46890153889,-138.8010668443,
    47.878595911596));
#10589 = CARTESIAN_POINT('',(45.78522306942,-126.9366276479,
    40.11190908789));
#10590 = CARTESIAN_POINT('',(31.85943723616,-114.1334776686,
    35.179088037975));
#10591 = CARTESIAN_POINT('',(23.177488895899,-107.0969398765,
    33.370532679495));
#10592 = CARTESIAN_POINT('',(14.596596226073,-98.11396026916,
    31.269681683554));
#10593 = CARTESIAN_POINT('',(8.857721968502,-89.90080268967,
    30.882059832592));
#10594 = CARTESIAN_POINT('',(79.529615783942,-152.7514363196,
    75.992856496348));
#10595 = CARTESIAN_POINT('',(81.4308289247,-154.3418983641,
    71.20294160807));
#10596 = CARTESIAN_POINT('',(79.671649449401,-152.286058281,
    68.970936649435));
#10597 = CARTESIAN_POINT('',(78.723146397002,-151.1483173508,
    66.060287554523));
#10598 = CARTESIAN_POINT('',(74.197057787325,-146.2181473503,
    58.103613264741));
#10599 = CARTESIAN_POINT('',(67.748287273211,-139.894027039,
    51.777248388665));
#10600 = CARTESIAN_POINT('',(62.914097982734,-135.2787933637,
    48.155628657261));
#10601 = CARTESIAN_POINT('',(50.248492453678,-123.4000335767,
    40.390068172143));
#10602 = CARTESIAN_POINT('',(36.250723779553,-110.6539211781,
    35.452761020377));
#10603 = CARTESIAN_POINT('',(28.087916644843,-103.2060275946,
    33.676559488153));
#10604 = CARTESIAN_POINT('',(18.68273709213,-94.8761943364,
    31.524337431089));
#10605 = CARTESIAN_POINT('',(10.893880136317,-88.28739684646,
    31.008956921385));
#10606 = CARTESIAN_POINT('',(83.064996811468,-148.3171288412,
    76.341622253086));
#10607 = CARTESIAN_POINT('',(84.966344995053,-149.9074215063,
    71.551720686868));
#10608 = CARTESIAN_POINT('',(83.206876666816,-147.8519437213,
    69.319687232726));
#10609 = CARTESIAN_POINT('',(82.258621002395,-146.7138925009,
    66.409062542737));
#10610 = CARTESIAN_POINT('',(77.732175953816,-141.7841695694,
    58.452353090181));
#10611 = CARTESIAN_POINT('',(71.28423510691,-135.459008635,
    52.126070060908));
#10612 = CARTESIAN_POINT('',(66.447249212835,-130.847282644,
    48.504174444206));
#10613 = CARTESIAN_POINT('',(53.796008500181,-118.9505055591,
    40.740031049939));
#10614 = CARTESIAN_POINT('',(39.741026097695,-106.2761543828,
    35.797079757079));
#10615 = CARTESIAN_POINT('',(31.99084513404,-98.31071790878,
    34.061583845499));
#10616 = CARTESIAN_POINT('',(21.930502136808,-90.80263374598,
    31.844729837062));
#10617 = CARTESIAN_POINT('',(12.512268620606,-86.25750753522,
    31.168611136875));
#10618 = CARTESIAN_POINT('',(85.488328303565,-143.2503888303,
    76.740129894387));
#10619 = CARTESIAN_POINT('',(87.389769052321,-144.8404879585,
    71.950243550104));
#10620 = CARTESIAN_POINT('',(85.630102729634,-142.7854241437,
    69.718177536634));
#10621 = CARTESIAN_POINT('',(84.682016637574,-141.6470183786,
    66.807580732116));
#10622 = CARTESIAN_POINT('',(80.15532726748,-136.7178062785,
    58.850831101846));
#10623 = CARTESIAN_POINT('',(73.707955117082,-130.3914563044,
    52.524641592517));
#10624 = CARTESIAN_POINT('',(68.86905228735,-125.7837382728,
    48.902430743067));
#10625 = CARTESIAN_POINT('',(56.227657956809,-113.8663742158,
    41.139906548845));
#10626 = CARTESIAN_POINT('',(42.13345833015,-101.2740190351,
    36.190506132747));
#10627 = CARTESIAN_POINT('',(34.666112508589,-92.71722634949,
    34.501521383848));
#10628 = CARTESIAN_POINT('',(24.156686881923,-86.14809128799,
    32.210817446128));
#10629 = CARTESIAN_POINT('',(13.621595097698,-83.93811010035,
    31.351035654224));
#10630 = CARTESIAN_POINT('',(86.700000000001,-137.867398911,
    77.163511124002));
#10631 = CARTESIAN_POINT('',(88.601487031618,-139.4572924224,
    72.373640951861));
#10632 = CARTESIAN_POINT('',(86.841721711143,-137.4026684163,
    70.141540346622));
#10633 = CARTESIAN_POINT('',(85.893720405704,-136.2638859771,
    67.230973168198));
#10634 = CARTESIAN_POINT('',(81.366908874253,-131.3352165927,
    59.274180852402));
#10635 = CARTESIAN_POINT('',(74.919821073486,-125.0076033629,
    52.948090700282));
#10636 = CARTESIAN_POINT('',(70.079959771268,-120.4041434549,
    49.325544942224));
#10637 = CARTESIAN_POINT('',(57.443488655888,-108.464907452,
    41.564741013415));
#10638 = CARTESIAN_POINT('',(43.329680320924,-95.95966619807,
    36.608488940152));
#10639 = CARTESIAN_POINT('',(36.003752764832,-86.7746067139,
    34.968918433851));
#10640 = CARTESIAN_POINT('',(25.26978472079,-81.20302699087,
    32.599755087468));
#10641 = CARTESIAN_POINT('',(14.176261060145,-81.47394320328,
    31.544846533769));
#10642 = CARTESIAN_POINT('',(86.7,-132.484410686,77.586892220344));
#10643 = CARTESIAN_POINT('',(88.601487031608,-134.0740985807,
    72.797038220296));
#10644 = CARTESIAN_POINT('',(86.84172171115,-132.0199143833,
    70.564903023381));
#10645 = CARTESIAN_POINT('',(85.893720405703,-130.88075527,
    67.654365470998));
#10646 = CARTESIAN_POINT('',(81.366908874255,-125.9526286012,
    59.69753046971));
#10647 = CARTESIAN_POINT('',(74.919821073485,-119.6237521161,
    53.371539674748));
#10648 = CARTESIAN_POINT('',(70.079959771267,-115.0245503304,
    49.748659008201));
#10649 = CARTESIAN_POINT('',(57.44348865589,-103.0634423885,
    41.989575344252));
#10650 = CARTESIAN_POINT('',(43.329680320923,-90.6453150338,
    37.026471615997));
#10651 = CARTESIAN_POINT('',(36.003752764832,-80.83198894885,
    35.436315336715));
#10652 = CARTESIAN_POINT('',(25.26978472079,-76.25796425034,
    32.988692606389));
#10653 = CARTESIAN_POINT('',(14.176261060145,-79.00977708187,
    31.738657352307));
#10654 = ADVANCED_FACE('',(#10655),#10768,.F.);
#10655 = FACE_BOUND('',#10656,.F.);
#10656 = EDGE_LOOP('',(#10657,#10674,#10675,#10676,#10677,#10696,#10723,
    #10742));
#10657 = ORIENTED_EDGE('',*,*,#10658,.F.);
#10658 = EDGE_CURVE('',#8166,#10659,#10661,.T.);
#10659 = VERTEX_POINT('',#10660);
#10660 = CARTESIAN_POINT('',(69.65,-35.92879142845,56.076341334091));
#10661 = ( BOUNDED_CURVE() B_SPLINE_CURVE(5,(#10662,#10663,#10664,#10665
    ,#10666,#10667,#10668,#10669,#10670,#10671,#10672,#10673),
.UNSPECIFIED.,.F.,.F.) B_SPLINE_CURVE_WITH_KNOTS((6,3,3,6),(0.,
0.159756403183,0.498579743718,1.),.UNSPECIFIED.) CURVE() 
GEOMETRIC_REPRESENTATION_ITEM() RATIONAL_B_SPLINE_CURVE((1.,1.,1.,1.,1.,
1.,1.,1.,1.,1.,1.,1.)) REPRESENTATION_ITEM('') );
#10662 = CARTESIAN_POINT('',(86.7,-14.84770519288,86.839217371496));
#10663 = CARTESIAN_POINT('',(88.601487031606,-9.457286208991,
    82.59836054167));
#10664 = CARTESIAN_POINT('',(86.841721711151,-14.57598403263,
    79.802066084676));
#10665 = CARTESIAN_POINT('',(85.893720405702,-16.05665315723,
    76.685474625941));
#10666 = CARTESIAN_POINT('',(81.366908874257,-23.2310058477,
    67.776759225609));
#10667 = CARTESIAN_POINT('',(74.919821073484,-30.50714933367,
    60.380710680109));
#10668 = CARTESIAN_POINT('',(70.079959771269,-35.63127423473,
    55.993073982018));
#10669 = CARTESIAN_POINT('',(57.443488655887,-48.41136378321,
    46.288053436805));
#10670 = CARTESIAN_POINT('',(43.329680320926,-61.55518724536,
    39.314459194863));
#10671 = CARTESIAN_POINT('',(36.003752764829,-71.79702957194,
    36.146930119169));
#10672 = CARTESIAN_POINT('',(25.269784720792,-77.25450014645,
    32.910313378605));
#10673 = CARTESIAN_POINT('',(14.176261060145,-76.2209115258,
    31.958006328627));
#10674 = ORIENTED_EDGE('',*,*,#8175,.T.);
#10675 = ORIENTED_EDGE('',*,*,#8201,.F.);
#10676 = ORIENTED_EDGE('',*,*,#9404,.T.);
#10677 = ORIENTED_EDGE('',*,*,#10678,.F.);
#10678 = EDGE_CURVE('',#10679,#9405,#10681,.T.);
#10679 = VERTEX_POINT('',#10680);
#10680 = CARTESIAN_POINT('',(59.2,-3.55,64.368771873595));
#10681 = B_SPLINE_CURVE_WITH_KNOTS('',7,(#10682,#10683,#10684,#10685,
    #10686,#10687,#10688,#10689,#10690,#10691,#10692,#10693,#10694,
    #10695),.UNSPECIFIED.,.F.,.F.,(8,6,8),(0.,0.531175326928,1.),
  .UNSPECIFIED.);
#10682 = CARTESIAN_POINT('',(59.2,-3.55,64.368771873595));
#10683 = CARTESIAN_POINT('',(58.278670139085,-3.55,64.120667374131));
#10684 = CARTESIAN_POINT('',(57.352775083221,-3.55,63.889673270535));
#10685 = CARTESIAN_POINT('',(56.422579058949,-3.55,63.676108053834));
#10686 = CARTESIAN_POINT('',(55.488372991878,-3.55,63.480483401882));
#10687 = CARTESIAN_POINT('',(54.550472382313,-3.55,63.303512744847));
#10688 = CARTESIAN_POINT('',(53.609202390418,-3.55,63.146187401831));
#10689 = CARTESIAN_POINT('',(51.831385892474,-3.55,62.889648541097));
#10690 = CARTESIAN_POINT('',(50.99563214785,-3.55,62.785798474315));
#10691 = CARTESIAN_POINT('',(50.157730319622,-3.55,62.699323839386));
#10692 = CARTESIAN_POINT('',(49.31796816167,-3.55,62.631471365294));
#10693 = CARTESIAN_POINT('',(48.476795714556,-3.55,62.583864870743));
#10694 = CARTESIAN_POINT('',(47.634819343921,-3.55,62.558585438139));
#10695 = CARTESIAN_POINT('',(46.79277528265,-3.55,62.558585438139));
#10696 = ORIENTED_EDGE('',*,*,#10697,.T.);
#10697 = EDGE_CURVE('',#10679,#10698,#10700,.T.);
#10698 = VERTEX_POINT('',#10699);
#10699 = CARTESIAN_POINT('',(66.804570866138,-6.832503788499,
    64.851703732534));
#10700 = B_SPLINE_CURVE_WITH_KNOTS('',6,(#10701,#10702,#10703,#10704,
    #10705,#10706,#10707,#10708,#10709,#10710,#10711,#10712,#10713,
    #10714,#10715,#10716,#10717,#10718,#10719,#10720,#10721,#10722),
  .UNSPECIFIED.,.F.,.F.,(7,5,5,5,7),(0.,0.18012291682,0.294781256874,
    0.569437494679,1.),.UNSPECIFIED.);
#10701 = CARTESIAN_POINT('',(59.2,-3.55,64.368771873595));
#10702 = CARTESIAN_POINT('',(59.443192566145,-3.55,64.434261089191));
#10703 = CARTESIAN_POINT('',(59.68808519093,-3.556791539611,
    64.496564334535));
#10704 = CARTESIAN_POINT('',(59.934379078571,-3.570552458883,
    64.555569023461));
#10705 = CARTESIAN_POINT('',(60.181747177339,-3.591440707487,
    64.611169441189));
#10706 = CARTESIAN_POINT('',(60.429833993212,-3.619586631597,
    64.663268549526));
#10707 = CARTESIAN_POINT('',(60.83638956571,-3.677682129436,
    64.742659919045));
#10708 = CARTESIAN_POINT('',(60.994660038386,-3.703258290248,
    64.772086393549));
#10709 = CARTESIAN_POINT('',(61.152967889452,-3.731838672378,
    64.800036859573));
#10710 = CARTESIAN_POINT('',(61.311211211294,-3.763441911217,
    64.826491107042));
#10711 = CARTESIAN_POINT('',(61.469285120789,-3.798080348374,
    64.851431071806));
#10712 = CARTESIAN_POINT('',(62.00507285051,-3.926019144558,
    64.930917329168));
#10713 = CARTESIAN_POINT('',(62.381499053191,-4.03373459695,
    64.97821738957));
#10714 = CARTESIAN_POINT('',(62.754832441893,-4.158977373752,
    65.016514067677));
#10715 = CARTESIAN_POINT('',(63.123554940563,-4.301597287172,
    65.045678123943));
#10716 = CARTESIAN_POINT('',(63.486163436678,-4.461220491171,
    65.065659704277));
#10717 = CARTESIAN_POINT('',(64.397731904884,-4.913089698646,
    65.093494406399));
#10718 = CARTESIAN_POINT('',(64.935826234944,-5.229280371081,
    65.088029945267));
#10719 = CARTESIAN_POINT('',(65.44959531261,-5.583271959944,
    65.06023590505));
#10720 = CARTESIAN_POINT('',(65.934507844076,-5.971433336384,
    65.010863003073));
#10721 = CARTESIAN_POINT('',(66.387015280404,-6.389485620289,
    64.940903806758));
#10722 = CARTESIAN_POINT('',(66.804570866138,-6.832503788499,
    64.851703732534));
#10723 = ORIENTED_EDGE('',*,*,#10724,.T.);
#10724 = EDGE_CURVE('',#10698,#10725,#10727,.T.);
#10725 = VERTEX_POINT('',#10726);
#10726 = CARTESIAN_POINT('',(69.65,-14.,62.377588867671));
#10727 = B_SPLINE_CURVE_WITH_KNOTS('',7,(#10728,#10729,#10730,#10731,
    #10732,#10733,#10734,#10735,#10736,#10737,#10738,#10739,#10740,
    #10741),.UNSPECIFIED.,.F.,.F.,(8,6,8),(0.,0.482798447326,1.),
  .UNSPECIFIED.);
#10728 = CARTESIAN_POINT('',(66.804570866138,-6.832503788499,
    64.851703732534));
#10729 = CARTESIAN_POINT('',(67.20689855027,-7.259365456104,
    64.765756710119));
#10730 = CARTESIAN_POINT('',(67.577808343072,-7.708899816447,
    64.662414592547));
#10731 = CARTESIAN_POINT('',(67.915381846685,-8.177334467876,
    64.542707786268));
#10732 = CARTESIAN_POINT('',(68.218658311861,-8.660912090801,
    64.407772904892));
#10733 = CARTESIAN_POINT('',(68.487323614989,-9.156050313816,
    64.258753525784));
#10734 = CARTESIAN_POINT('',(68.721589590802,-9.65941560352,
    64.096795028482));
#10735 = CARTESIAN_POINT('',(69.136795730321,-10.71282207003,
    63.736837761962));
#10736 = CARTESIAN_POINT('',(69.312754180199,-11.26365339368,
    63.537086337432));
#10737 = CARTESIAN_POINT('',(69.45072893436,-11.81698360296,
    63.325053638107));
#10738 = CARTESIAN_POINT('',(69.551932969995,-12.36971624089,
    63.101974679504));
#10739 = CARTESIAN_POINT('',(69.617831399497,-12.91919479829,
    62.869012790488));
#10740 = CARTESIAN_POINT('',(69.65,-13.46321186422,62.627237721087));
#10741 = CARTESIAN_POINT('',(69.65,-14.,62.377588867671));
#10742 = ORIENTED_EDGE('',*,*,#10743,.T.);
#10743 = EDGE_CURVE('',#10725,#10659,#10744,.T.);
#10744 = B_SPLINE_CURVE_WITH_KNOTS('',8,(#10745,#10746,#10747,#10748,
    #10749,#10750,#10751,#10752,#10753,#10754,#10755,#10756,#10757,
    #10758,#10759,#10760,#10761,#10762,#10763,#10764,#10765,#10766,
    #10767),.UNSPECIFIED.,.F.,.F.,(9,7,7,9),(0.,0.121765163917,
    0.607657860595,1.),.UNSPECIFIED.);
#10745 = CARTESIAN_POINT('',(69.65,-14.,62.377588867671));
#10746 = CARTESIAN_POINT('',(69.65,-14.31644933704,62.230414947662));
#10747 = CARTESIAN_POINT('',(69.65,-14.63363572302,62.084826553331));
#10748 = CARTESIAN_POINT('',(69.65,-14.95154856205,61.940825026057));
#10749 = CARTESIAN_POINT('',(69.65,-15.27017751152,61.7984121974));
#10750 = CARTESIAN_POINT('',(69.65,-15.58951248215,61.657590389095));
#10751 = CARTESIAN_POINT('',(69.65,-15.90954363797,61.518362413059));
#10752 = CARTESIAN_POINT('',(69.65,-16.23026139631,61.380731571386));
#10753 = CARTESIAN_POINT('',(69.65,-17.83415376563,60.701886781228));
#10754 = CARTESIAN_POINT('',(69.65,-19.12733294433,60.184607979599));
#10755 = CARTESIAN_POINT('',(69.65,-20.43071876444,59.693060706704));
#10756 = CARTESIAN_POINT('',(69.65,-21.7438242522,59.227636430071));
#10757 = CARTESIAN_POINT('',(69.65,-23.06617592669,58.789006895542));
#10758 = CARTESIAN_POINT('',(69.65,-24.39732869399,58.378169443323));
#10759 = CARTESIAN_POINT('',(69.65,-25.73691562236,57.9965995699));
#10760 = CARTESIAN_POINT('',(69.65,-28.17313162856,57.364089928107));
#10761 = CARTESIAN_POINT('',(69.65,-29.26643863078,57.102260213691));
#10762 = CARTESIAN_POINT('',(69.65,-30.36496910066,56.862282403449));
#10763 = CARTESIAN_POINT('',(69.65,-31.46873489939,56.64581550454));
#10764 = CARTESIAN_POINT('',(69.65,-32.57749414327,56.455055707719));
#10765 = CARTESIAN_POINT('',(69.65,-33.6908126745,56.293213451611));
#10766 = CARTESIAN_POINT('',(69.65,-34.80806655225,56.164488234466));
#10767 = CARTESIAN_POINT('',(69.65,-35.92879142845,56.076341334091));
#10768 = ( BOUNDED_SURFACE() B_SPLINE_SURFACE(8,5,(
    (#10769,#10770,#10771,#10772,#10773,#10774,#10775,#10776,#10777
      ,#10778,#10779,#10780)
    ,(#10781,#10782,#10783,#10784,#10785,#10786,#10787,#10788,#10789
      ,#10790,#10791,#10792)
    ,(#10793,#10794,#10795,#10796,#10797,#10798,#10799,#10800,#10801
      ,#10802,#10803,#10804)
    ,(#10805,#10806,#10807,#10808,#10809,#10810,#10811,#10812,#10813
      ,#10814,#10815,#10816)
    ,(#10817,#10818,#10819,#10820,#10821,#10822,#10823,#10824,#10825
      ,#10826,#10827,#10828)
    ,(#10829,#10830,#10831,#10832,#10833,#10834,#10835,#10836,#10837
      ,#10838,#10839,#10840)
    ,(#10841,#10842,#10843,#10844,#10845,#10846,#10847,#10848,#10849
      ,#10850,#10851,#10852)
    ,(#10853,#10854,#10855,#10856,#10857,#10858,#10859,#10860,#10861
      ,#10862,#10863,#10864)
    ,(#10865,#10866,#10867,#10868,#10869,#10870,#10871,#10872,#10873
      ,#10874,#10875,#10876
)),.UNSPECIFIED.,.F.,.F.,.F.) B_SPLINE_SURFACE_WITH_KNOTS((9,9),(6,3,3,6
    ),(0.,1.),(0.,0.159756403183,0.498579743718,1.),.UNSPECIFIED.) 
GEOMETRIC_REPRESENTATION_ITEM() RATIONAL_B_SPLINE_SURFACE((
    (1.,1.,1.,1.,1.,1.,1.,1.,1.,1.,1.,1.)
    ,(1.,1.,1.,1.,1.,1.,1.,1.,1.,1.,1.,1.)
    ,(1.,1.,1.,1.,1.,1.,1.,1.,1.,1.,1.,1.)
    ,(1.,1.,1.,1.,1.,1.,1.,1.,1.,1.,1.,1.)
    ,(1.,1.,1.,1.,1.,1.,1.,1.,1.,1.,1.,1.)
    ,(1.,1.,1.,1.,1.,1.,1.,1.,1.,1.,1.,1.)
    ,(1.,1.,1.,1.,1.,1.,1.,1.,1.,1.,1.,1.)
    ,(1.,1.,1.,1.,1.,1.,1.,1.,1.,1.,1.,1.)
,(1.,1.,1.,1.,1.,1.,1.,1.,1.,1.,1.,1.
))) REPRESENTATION_ITEM('') SURFACE() );
#10769 = CARTESIAN_POINT('',(86.7,-14.84770519288,86.839217371496));
#10770 = CARTESIAN_POINT('',(88.601487031606,-9.457286208991,
    82.59836054167));
#10771 = CARTESIAN_POINT('',(86.841721711151,-14.57598403263,
    79.802066084676));
#10772 = CARTESIAN_POINT('',(85.893720405702,-16.05665315723,
    76.685474625941));
#10773 = CARTESIAN_POINT('',(81.366908874257,-23.2310058477,
    67.776759225609));
#10774 = CARTESIAN_POINT('',(74.919821073484,-30.50714933367,
    60.380710680109));
#10775 = CARTESIAN_POINT('',(70.079959771269,-35.63127423473,
    55.993073982018));
#10776 = CARTESIAN_POINT('',(57.443488655887,-48.41136378321,
    46.288053436805));
#10777 = CARTESIAN_POINT('',(43.329680320926,-61.55518724536,
    39.314459194863));
#10778 = CARTESIAN_POINT('',(36.003752764829,-71.79702957194,
    36.146930119169));
#10779 = CARTESIAN_POINT('',(25.269784720792,-77.25450014645,
    32.910313378605));
#10780 = CARTESIAN_POINT('',(14.176261060145,-76.2209115258,
    31.958006328627));
#10781 = CARTESIAN_POINT('',(86.7,-9.464716967947,87.262598467839));
#10782 = CARTESIAN_POINT('',(88.601487031614,-4.074092367322,
    83.021757810119));
#10783 = CARTESIAN_POINT('',(86.841721711144,-9.193229999646,
    80.225428761425));
#10784 = CARTESIAN_POINT('',(85.893720405703,-10.67352245017,
    77.108866928745));
#10785 = CARTESIAN_POINT('',(81.366908874254,-17.84841785625,
    68.200108842913));
#10786 = CARTESIAN_POINT('',(74.919821073486,-25.12329808686,
    60.804159654578));
#10787 = CARTESIAN_POINT('',(70.079959771269,-30.25168111018,
    56.416188047994));
#10788 = CARTESIAN_POINT('',(57.443488655885,-43.00989871967,
    46.712887767645));
#10789 = CARTESIAN_POINT('',(43.329680320927,-56.24083608109,
    39.732441870704));
#10790 = CARTESIAN_POINT('',(36.003752764828,-65.85441180689,
    36.614327022039));
#10791 = CARTESIAN_POINT('',(25.269784720792,-72.30943740592,
    33.299250897523));
#10792 = CARTESIAN_POINT('',(14.176261060145,-73.75674540439,
    32.151817147165));
#10793 = CARTESIAN_POINT('',(85.488328303568,-4.081727048596,
    87.685979697451));
#10794 = CARTESIAN_POINT('',(87.389769052323,1.309103168826,
    83.445155211831));
#10795 = CARTESIAN_POINT('',(85.630102729644,-3.810474272314,
    80.648791571447));
#10796 = CARTESIAN_POINT('',(84.68201663757,-5.290390048655,
    77.532259364816));
#10797 = CARTESIAN_POINT('',(80.155327267491,-12.4658281705,
    68.623458593482));
#10798 = CARTESIAN_POINT('',(73.707955117065,-19.73944514537,
    61.227608762333));
#10799 = CARTESIAN_POINT('',(68.869052287362,-24.87208629228,
    56.839302247152));
#10800 = CARTESIAN_POINT('',(56.227657956794,-37.60843195591,
    47.137722232215));
#10801 = CARTESIAN_POINT('',(42.133458330163,-50.926483244,
    40.150424678112));
#10802 = CARTESIAN_POINT('',(34.666112508574,-59.91179217128,
    37.081724072034));
#10803 = CARTESIAN_POINT('',(24.156686881931,-67.36437310881,
    33.688188538867));
#10804 = CARTESIAN_POINT('',(13.621595097698,-71.29257850732,
    32.34562802671));
#10805 = CARTESIAN_POINT('',(83.064996811463,0.98501296231,
    88.084487338759));
#10806 = CARTESIAN_POINT('',(84.966344995061,6.376036716574,
    83.843678075159));
#10807 = CARTESIAN_POINT('',(83.206876666788,1.256045305317,
    81.047281875287));
#10808 = CARTESIAN_POINT('',(82.258621002407,-0.223515926386,
    77.930777554216));
#10809 = CARTESIAN_POINT('',(77.732175953792,-7.399464879535,
    69.021936605121));
#10810 = CARTESIAN_POINT('',(71.284235106944,-14.67189281475,
    61.626180293962));
#10811 = CARTESIAN_POINT('',(66.447249212811,-19.8085419211,
    57.237558546013));
#10812 = CARTESIAN_POINT('',(53.79600850021,-32.52430061262,
    47.537597731117));
#10813 = CARTESIAN_POINT('',(39.74102609767,-45.92434789633,
    40.543851053777));
#10814 = CARTESIAN_POINT('',(31.990845134067,-54.31830061203,
    37.521661610397));
#10815 = CARTESIAN_POINT('',(21.930502136794,-62.7098306508,
    34.054276147926));
#10816 = CARTESIAN_POINT('',(12.512268620606,-68.97318107244,
    32.52805254406));
#10817 = CARTESIAN_POINT('',(79.529615783948,5.419320440732,
    88.433253095487));
#10818 = CARTESIAN_POINT('',(81.430828924692,10.810513574486,
    84.192457153834));
#10819 = CARTESIAN_POINT('',(79.671649449435,5.690159865039,
    81.396032458667));
#10820 = CARTESIAN_POINT('',(78.723146396986,4.210908923567,
    78.279552542402));
#10821 = CARTESIAN_POINT('',(74.197057787358,-2.965487098715,
    69.370676430595));
#10822 = CARTESIAN_POINT('',(67.748287273169,-10.23687441069,
    61.975001966178));
#10823 = CARTESIAN_POINT('',(62.914097982766,-15.37703120135,
    57.586104332958));
#10824 = CARTESIAN_POINT('',(50.248492453639,-28.07477259495,
    47.887560608917));
#10825 = CARTESIAN_POINT('',(36.250723779585,-41.54658110101,
    40.888169790486));
#10826 = CARTESIAN_POINT('',(28.08791664481,-49.42299092607,
    37.906685967718));
#10827 = CARTESIAN_POINT('',(18.682737092147,-58.63627006042,
    34.374668553912));
#10828 = CARTESIAN_POINT('',(10.893880136317,-66.94329176122,
    32.68770675955));
#10829 = CARTESIAN_POINT('',(75.081613944213,8.943816853787,
    88.710460678539));
#10830 = CARTESIAN_POINT('',(76.982657182469,14.335144614523,
    84.469675325567));
#10831 = CARTESIAN_POINT('',(75.223841124105,9.214502941573,
    81.673227981502));
#10832 = CARTESIAN_POINT('',(74.275026823272,7.735498626392,
    78.556767462864));
#10833 = CARTESIAN_POINT('',(69.749386663375,0.558747262597,
    69.647863402814));
#10834 = CARTESIAN_POINT('',(63.299572312311,-6.711812936496,
    62.252253992256));
#10835 = CARTESIAN_POINT('',(58.46890153886,-11.85475772073,
    57.863137078621));
#10836 = CARTESIAN_POINT('',(45.785223069455,-24.53817852375,
    48.165719693172));
#10837 = CARTESIAN_POINT('',(31.859437236131,-38.06702461054,
    41.161842772876));
#10838 = CARTESIAN_POINT('',(23.177488895929,-45.5320786443,
    38.212712776408));
#10839 = CARTESIAN_POINT('',(14.596596226057,-55.39850412761,
    34.629324301431));
#10840 = CARTESIAN_POINT('',(8.857721968502,-65.329885918,
    32.814603848342));
#10841 = CARTESIAN_POINT('',(69.999226446366,11.359687472845,
    88.900472974417));
#10842 = CARTESIAN_POINT('',(71.900075550038,16.751107513815,
    84.659694879407));
#10843 = CARTESIAN_POINT('',(70.141674740332,11.630268455915,
    81.863232010752));
#10844 = CARTESIAN_POINT('',(69.192504799874,10.151433191046,
    78.746784788162));
#10845 = CARTESIAN_POINT('',(64.667377048907,2.974438257946,
    69.837861571002));
#10846 = CARTESIAN_POINT('',(58.216369986052,-4.295554995543,
    62.442296751643));
#10847 = CARTESIAN_POINT('',(53.389719549753,-9.440410813591,
    58.053029531997));
#10848 = CARTESIAN_POINT('',(40.68539053,-22.11401554928,48.356384196775
    ));
#10849 = CARTESIAN_POINT('',(26.8418539185,-35.68195811947,
    41.349432272182));
#10850 = CARTESIAN_POINT('',(17.566723096041,-42.86504779471,
    38.422479247713));
#10851 = CARTESIAN_POINT('',(9.927679260554,-53.17917328663,
    34.803878412524));
#10852 = CARTESIAN_POINT('',(6.531161596312,-64.22397479866,
    32.901585621773));
#10853 = CARTESIAN_POINT('',(64.599612373357,12.567628714436,
    88.995479588926));
#10854 = CARTESIAN_POINT('',(66.500255225252,17.959094895752,
    84.754705122951));
#10855 = CARTESIAN_POINT('',(64.742295582574,12.838157144891,
    81.95823449189));
#10856 = CARTESIAN_POINT('',(63.792747804676,11.359406405592,
    78.841793917402));
#10857 = CARTESIAN_POINT('',(59.26816444552,4.182289687243,
    69.932861121614));
#10858 = CARTESIAN_POINT('',(52.815890225665,-3.087420092055,
    62.537318597992));
#10859 = CARTESIAN_POINT('',(47.993511063202,-8.233231431697,
    58.147976224952));
#10860 = CARTESIAN_POINT('',(35.267242551005,-20.90192810963,
    48.451716916753));
#10861 = CARTESIAN_POINT('',(21.511088897942,-34.48941901751,
    41.443227482443));
#10862 = CARTESIAN_POINT('',(11.605751016267,-41.53152582114,
    38.52736299845));
#10863 = CARTESIAN_POINT('',(4.967343244574,-52.06950241667,
    34.891155896675));
#10864 = CARTESIAN_POINT('',(4.059384674011,-63.67101652348,
    32.945076722068));
#10865 = CARTESIAN_POINT('',(59.2,12.567628714436,88.995479588925));
#10866 = CARTESIAN_POINT('',(61.100436600153,17.959094895752,
    84.754705122942));
#10867 = CARTESIAN_POINT('',(59.34291812442,12.838157144891,
    81.958234491897));
#10868 = CARTESIAN_POINT('',(58.392992509166,11.359406405592,
    78.8417939174));
#10869 = CARTESIAN_POINT('',(53.868953541675,4.182289687243,
    69.932861121616));
#10870 = CARTESIAN_POINT('',(47.415412165184,-3.087420092055,
    62.537318597989));
#10871 = CARTESIAN_POINT('',(42.597304275237,-8.233231431697,
    58.147976224954));
#10872 = CARTESIAN_POINT('',(29.849096277488,-20.90192810963,
    48.45171691675));
#10873 = CARTESIAN_POINT('',(16.180325555371,-34.48941901751,
    41.443227482446));
#10874 = CARTESIAN_POINT('',(5.644780812831,-41.53152582114,
    38.527362998446));
#10875 = CARTESIAN_POINT('',(7.008789981089E-03,-52.06950241667,
    34.891155896677));
#10876 = CARTESIAN_POINT('',(1.587608529757,-63.67101652348,
    32.945076722068));
#10877 = ADVANCED_FACE('',(#10878),#10935,.F.);
#10878 = FACE_BOUND('',#10879,.F.);
#10879 = EDGE_LOOP('',(#10880,#10881,#10882,#10883,#10893,#10905,#10915,
    #10927));
#10880 = ORIENTED_EDGE('',*,*,#10434,.F.);
#10881 = ORIENTED_EDGE('',*,*,#8165,.F.);
#10882 = ORIENTED_EDGE('',*,*,#10658,.T.);
#10883 = ORIENTED_EDGE('',*,*,#10884,.T.);
#10884 = EDGE_CURVE('',#10659,#10885,#10887,.T.);
#10885 = VERTEX_POINT('',#10886);
#10886 = CARTESIAN_POINT('',(69.65,-60.5,54.14377436779));
#10887 = B_SPLINE_CURVE_WITH_KNOTS('',4,(#10888,#10889,#10890,#10891,
    #10892),.UNSPECIFIED.,.F.,.F.,(5,5),(0.,1.),
  .PIECEWISE_BEZIER_KNOTS.);
#10888 = CARTESIAN_POINT('',(69.65,-35.92879142845,56.076341334091));
#10889 = CARTESIAN_POINT('',(69.65,-55.6094067213,54.528427771732));
#10890 = CARTESIAN_POINT('',(69.65,-75.29002201414,52.980514209374));
#10891 = CARTESIAN_POINT('',(69.65,-94.97063730699,51.432600647015));
#10892 = CARTESIAN_POINT('',(69.65,-114.6512525998,49.884687084656));
#10893 = ORIENTED_EDGE('',*,*,#10894,.F.);
#10894 = EDGE_CURVE('',#10895,#10885,#10897,.T.);
#10895 = VERTEX_POINT('',#10896);
#10896 = CARTESIAN_POINT('',(77.65,-60.5,61.440774386308));
#10897 = B_SPLINE_CURVE_WITH_KNOTS('',6,(#10898,#10899,#10900,#10901,
    #10902,#10903,#10904),.UNSPECIFIED.,.F.,.F.,(7,7),(0.,1.),
  .PIECEWISE_BEZIER_KNOTS.);
#10898 = CARTESIAN_POINT('',(77.65,-60.5,61.440774386308));
#10899 = CARTESIAN_POINT('',(76.425316517189,-60.5,60.112435687486));
#10900 = CARTESIAN_POINT('',(75.149993247495,-60.5,58.830924146332));
#10901 = CARTESIAN_POINT('',(73.829993801708,-60.5,57.594933696287));
#10902 = CARTESIAN_POINT('',(72.470554827971,-60.5,56.402891044452));
#10903 = CARTESIAN_POINT('',(71.076089262482,-60.5,55.253065208974));
#10904 = CARTESIAN_POINT('',(69.65,-60.5,54.14377436779));
#10905 = ORIENTED_EDGE('',*,*,#10906,.T.);
#10906 = EDGE_CURVE('',#10895,#10907,#10909,.T.);
#10907 = VERTEX_POINT('',#10908);
#10908 = CARTESIAN_POINT('',(77.65,-85.5,59.474482251477));
#10909 = B_SPLINE_CURVE_WITH_KNOTS('',4,(#10910,#10911,#10912,#10913,
    #10914),.UNSPECIFIED.,.F.,.F.,(5,5),(0.,1.),
  .PIECEWISE_BEZIER_KNOTS.);
#10910 = CARTESIAN_POINT('',(77.65,-60.5,61.440774386308));
#10911 = CARTESIAN_POINT('',(77.65,-66.75,60.9492013526));
#10912 = CARTESIAN_POINT('',(77.65,-73.,60.457628318893));
#10913 = CARTESIAN_POINT('',(77.65,-79.25,59.966055285185));
#10914 = CARTESIAN_POINT('',(77.65,-85.5,59.474482251477));
#10915 = ORIENTED_EDGE('',*,*,#10916,.T.);
#10916 = EDGE_CURVE('',#10907,#10917,#10919,.T.);
#10917 = VERTEX_POINT('',#10918);
#10918 = CARTESIAN_POINT('',(69.65,-85.5,52.177482232958));
#10919 = B_SPLINE_CURVE_WITH_KNOTS('',6,(#10920,#10921,#10922,#10923,
    #10924,#10925,#10926),.UNSPECIFIED.,.F.,.F.,(7,7),(0.,1.),
  .PIECEWISE_BEZIER_KNOTS.);
#10920 = CARTESIAN_POINT('',(77.65,-85.5,59.474482251477));
#10921 = CARTESIAN_POINT('',(76.42531796285,-85.5,58.146145120674));
#10922 = CARTESIAN_POINT('',(75.149995885127,-85.5,56.864634632259));
#10923 = CARTESIAN_POINT('',(73.829997190204,-85.5,55.628644659465));
#10924 = CARTESIAN_POINT('',(72.470558275983,-85.5,54.436601818427));
#10925 = CARTESIAN_POINT('',(71.076091745813,-85.5,53.286775005814));
#10926 = CARTESIAN_POINT('',(69.65,-85.5,52.177482232958));
#10927 = ORIENTED_EDGE('',*,*,#10928,.T.);
#10928 = EDGE_CURVE('',#10917,#10435,#10929,.T.);
#10929 = B_SPLINE_CURVE_WITH_KNOTS('',4,(#10930,#10931,#10932,#10933,
    #10934),.UNSPECIFIED.,.F.,.F.,(5,5),(0.,1.),
  .PIECEWISE_BEZIER_KNOTS.);
#10930 = CARTESIAN_POINT('',(69.65,-35.92879142845,56.076341334091));
#10931 = CARTESIAN_POINT('',(69.65,-55.6094067213,54.528427771732));
#10932 = CARTESIAN_POINT('',(69.65,-75.29002201414,52.980514209374));
#10933 = CARTESIAN_POINT('',(69.65,-94.97063730699,51.432600647015));
#10934 = CARTESIAN_POINT('',(69.65,-114.6512525998,49.884687084656));
#10935 = ( BOUNDED_SURFACE() B_SPLINE_SURFACE(8,5,(
    (#10936,#10937,#10938,#10939,#10940,#10941,#10942,#10943,#10944
      ,#10945,#10946,#10947)
    ,(#10948,#10949,#10950,#10951,#10952,#10953,#10954,#10955,#10956
      ,#10957,#10958,#10959)
    ,(#10960,#10961,#10962,#10963,#10964,#10965,#10966,#10967,#10968
      ,#10969,#10970,#10971)
    ,(#10972,#10973,#10974,#10975,#10976,#10977,#10978,#10979,#10980
      ,#10981,#10982,#10983)
    ,(#10984,#10985,#10986,#10987,#10988,#10989,#10990,#10991,#10992
      ,#10993,#10994,#10995)
    ,(#10996,#10997,#10998,#10999,#11000,#11001,#11002,#11003,#11004
      ,#11005,#11006,#11007)
    ,(#11008,#11009,#11010,#11011,#11012,#11013,#11014,#11015,#11016
      ,#11017,#11018,#11019)
    ,(#11020,#11021,#11022,#11023,#11024,#11025,#11026,#11027,#11028
      ,#11029,#11030,#11031)
    ,(#11032,#11033,#11034,#11035,#11036,#11037,#11038,#11039,#11040
      ,#11041,#11042,#11043
)),.UNSPECIFIED.,.F.,.F.,.F.) B_SPLINE_SURFACE_WITH_KNOTS((9,9),(6,3,3,6
    ),(7.,8.),(0.,0.159756403183,0.498579743718,1.),.UNSPECIFIED.) 
GEOMETRIC_REPRESENTATION_ITEM() RATIONAL_B_SPLINE_SURFACE((
    (1.,1.,1.,1.,1.,1.,1.,1.,1.,1.,1.,1.)
    ,(1.,1.,1.,1.,1.,1.,1.,1.,1.,1.,1.,1.)
    ,(1.,1.,1.,1.,1.,1.,1.,1.,1.,1.,1.,1.)
    ,(1.,1.,1.,1.,1.,1.,1.,1.,1.,1.,1.,1.)
    ,(1.,1.,1.,1.,1.,1.,1.,1.,1.,1.,1.,1.)
    ,(1.,1.,1.,1.,1.,1.,1.,1.,1.,1.,1.,1.)
    ,(1.,1.,1.,1.,1.,1.,1.,1.,1.,1.,1.,1.)
    ,(1.,1.,1.,1.,1.,1.,1.,1.,1.,1.,1.,1.)
,(1.,1.,1.,1.,1.,1.,1.,1.,1.,1.,1.,1.
))) REPRESENTATION_ITEM('') SURFACE() );
#10936 = CARTESIAN_POINT('',(86.7,-132.484410686,77.586892220344));
#10937 = CARTESIAN_POINT('',(88.601487031608,-134.0740985807,
    72.797038220296));
#10938 = CARTESIAN_POINT('',(86.84172171115,-132.0199143833,
    70.564903023381));
#10939 = CARTESIAN_POINT('',(85.893720405703,-130.88075527,
    67.654365470998));
#10940 = CARTESIAN_POINT('',(81.366908874255,-125.9526286012,
    59.69753046971));
#10941 = CARTESIAN_POINT('',(74.919821073485,-119.6237521161,
    53.371539674748));
#10942 = CARTESIAN_POINT('',(70.079959771267,-115.0245503304,
    49.748659008201));
#10943 = CARTESIAN_POINT('',(57.44348865589,-103.0634423885,
    41.989575344252));
#10944 = CARTESIAN_POINT('',(43.329680320923,-90.6453150338,
    37.026471615997));
#10945 = CARTESIAN_POINT('',(36.003752764832,-80.83198894885,
    35.436315336715));
#10946 = CARTESIAN_POINT('',(25.26978472079,-76.25796425034,
    32.988692606389));
#10947 = CARTESIAN_POINT('',(14.176261060145,-79.00977708187,
    31.738657352307));
#10948 = CARTESIAN_POINT('',(86.7,-117.7798224994,78.743432864238));
#10949 = CARTESIAN_POINT('',(88.60148703161,-118.4969970342,
    74.02220351047));
#10950 = CARTESIAN_POINT('',(86.841721711149,-117.3394230895,
    71.719548406041));
#10951 = CARTESIAN_POINT('',(85.893720405703,-116.5277425059,
    68.783254115367));
#10952 = CARTESIAN_POINT('',(81.366908874255,-113.112425757,
    60.707434064197));
#10953 = CARTESIAN_POINT('',(74.919821073486,-108.4841767683,
    54.247686050419));
#10954 = CARTESIAN_POINT('',(70.079959771267,-105.1003908184,
    50.529210879928));
#10955 = CARTESIAN_POINT('',(57.44348865589,-96.23193256284,
    42.526885105822));
#10956 = CARTESIAN_POINT('',(43.329680320923,-87.00904906026,
    37.312470063354));
#10957 = CARTESIAN_POINT('',(36.003752764832,-79.70261902672,
    35.525142184523));
#10958 = CARTESIAN_POINT('',(25.26978472079,-76.38253123736,
    32.978895202915));
#10959 = CARTESIAN_POINT('',(14.176261060145,-78.66116888736,
    31.766075974347));
#10960 = CARTESIAN_POINT('',(86.7,-103.0752343127,79.899973508132));
#10961 = CARTESIAN_POINT('',(88.60148703161,-102.9198954877,
    75.247368800641));
#10962 = CARTESIAN_POINT('',(86.841721711149,-102.6589317957,
    72.874193788704));
#10963 = CARTESIAN_POINT('',(85.893720405703,-102.1747297418,
    69.912142759734));
#10964 = CARTESIAN_POINT('',(81.366908874255,-100.2722229128,
    61.717337658684));
#10965 = CARTESIAN_POINT('',(74.919821073486,-97.3446014205,
    55.123832426089));
#10966 = CARTESIAN_POINT('',(70.079959771267,-95.17623130649,
    51.309762751655));
#10967 = CARTESIAN_POINT('',(57.44348865589,-89.40042273719,
    43.064194867391));
#10968 = CARTESIAN_POINT('',(43.329680320923,-83.37278308669,
    37.598468510713));
#10969 = CARTESIAN_POINT('',(36.003752764832,-78.57324910462,
    35.613969032329));
#10970 = CARTESIAN_POINT('',(25.26978472079,-76.50709822437,
    32.969097799443));
#10971 = CARTESIAN_POINT('',(14.176261060145,-78.31256069285,
    31.793494596387));
#10972 = CARTESIAN_POINT('',(86.7,-88.37064612614,81.056514152026));
#10973 = CARTESIAN_POINT('',(88.60148703161,-87.34279394132,
    76.472534090813));
#10974 = CARTESIAN_POINT('',(86.841721711149,-87.97844050186,
    74.028839171366));
#10975 = CARTESIAN_POINT('',(85.893720405703,-87.82171697776,
    71.041031404102));
#10976 = CARTESIAN_POINT('',(81.366908874255,-87.4320200687,
    62.727241253171));
#10977 = CARTESIAN_POINT('',(74.919821073486,-86.20502607269,
    55.999978801759));
#10978 = CARTESIAN_POINT('',(70.079959771267,-85.25207179453,
    52.090314623382));
#10979 = CARTESIAN_POINT('',(57.44348865589,-82.56891291151,
    43.601504628961));
#10980 = CARTESIAN_POINT('',(43.329680320923,-79.73651711315,
    37.88446695807));
#10981 = CARTESIAN_POINT('',(36.003752764832,-77.44387918249,
    35.702795880137));
#10982 = CARTESIAN_POINT('',(25.26978472079,-76.63166521139,
    32.959300395969));
#10983 = CARTESIAN_POINT('',(14.176261060145,-77.96395249834,
    31.820913218427));
#10984 = CARTESIAN_POINT('',(86.7,-73.66605793948,82.21305479592));
#10985 = CARTESIAN_POINT('',(88.60148703161,-71.76569239485,
    77.697699380984));
#10986 = CARTESIAN_POINT('',(86.841721711149,-73.29794920801,
    75.183484554028));
#10987 = CARTESIAN_POINT('',(85.893720405703,-73.46870421366,
    72.16992004847));
#10988 = CARTESIAN_POINT('',(81.366908874255,-74.5918172245,
    63.737144847659));
#10989 = CARTESIAN_POINT('',(74.919821073486,-75.06545072489,
    56.876125177429));
#10990 = CARTESIAN_POINT('',(70.079959771267,-75.32791228257,
    52.87086649511));
#10991 = CARTESIAN_POINT('',(57.44348865589,-75.73740308586,
    44.138814390529));
#10992 = CARTESIAN_POINT('',(43.329680320923,-76.10025113958,
    38.170465405429));
#10993 = CARTESIAN_POINT('',(36.003752764832,-76.31450926039,
    35.791622727943));
#10994 = CARTESIAN_POINT('',(25.26978472079,-76.7562321984,
    32.949502992497));
#10995 = CARTESIAN_POINT('',(14.176261060145,-77.61534430383,
    31.848331840467));
#10996 = CARTESIAN_POINT('',(86.7,-58.96146975283,83.369595439814));
#10997 = CARTESIAN_POINT('',(88.601487031609,-56.18859084839,
    78.922864671156));
#10998 = CARTESIAN_POINT('',(86.841721711149,-58.61745791416,
    76.33812993669));
#10999 = CARTESIAN_POINT('',(85.893720405703,-59.11569144955,
    73.298808692838));
#11000 = CARTESIAN_POINT('',(81.366908874255,-61.7516143803,
    64.747048442147));
#11001 = CARTESIAN_POINT('',(74.919821073485,-63.92587537708,
    57.752271553099));
#11002 = CARTESIAN_POINT('',(70.079959771267,-65.40375277061,
    53.651418366837));
#11003 = CARTESIAN_POINT('',(57.443488655889,-68.90589326019,
    44.676124152098));
#11004 = CARTESIAN_POINT('',(43.329680320923,-72.46398516603,
    38.456463852787));
#11005 = CARTESIAN_POINT('',(36.003752764832,-75.18513933827,
    35.88044957575));
#11006 = CARTESIAN_POINT('',(25.26978472079,-76.88079918541,
    32.939705589023));
#11007 = CARTESIAN_POINT('',(14.176261060145,-77.26673610933,
    31.875750462507));
#11008 = CARTESIAN_POINT('',(86.7,-44.25688156618,84.526136083708));
#11009 = CARTESIAN_POINT('',(88.60148703161,-40.61148930192,
    80.148029961327));
#11010 = CARTESIAN_POINT('',(86.841721711148,-43.93696662032,
    77.492775319352));
#11011 = CARTESIAN_POINT('',(85.893720405703,-44.76267868545,
    74.427697337206));
#11012 = CARTESIAN_POINT('',(81.366908874254,-48.9114115361,
    65.756952036634));
#11013 = CARTESIAN_POINT('',(74.919821073486,-52.78630002928,
    58.628417928769));
#11014 = CARTESIAN_POINT('',(70.079959771266,-55.47959325865,
    54.431970238564));
#11015 = CARTESIAN_POINT('',(57.443488655892,-62.07438343453,
    45.213433913667));
#11016 = CARTESIAN_POINT('',(43.329680320921,-68.82771919247,
    38.742462300146));
#11017 = CARTESIAN_POINT('',(36.003752764835,-74.05576941617,
    35.969276423556));
#11018 = CARTESIAN_POINT('',(25.269784720789,-77.00536617242,
    32.929908185551));
#11019 = CARTESIAN_POINT('',(14.176261060145,-76.91812791482,
    31.903169084547));
#11020 = CARTESIAN_POINT('',(86.7,-29.55229337953,85.682676727602));
#11021 = CARTESIAN_POINT('',(88.601487031609,-25.03438775545,
    81.373195251499));
#11022 = CARTESIAN_POINT('',(86.841721711149,-29.25647532647,
    78.647420702014));
#11023 = CARTESIAN_POINT('',(85.893720405703,-30.40966592134,
    75.556585981573));
#11024 = CARTESIAN_POINT('',(81.366908874255,-36.0712086919,
    66.766855631122));
#11025 = CARTESIAN_POINT('',(74.919821073485,-41.64672468147,
    59.504564304439));
#11026 = CARTESIAN_POINT('',(70.079959771267,-45.55543374669,
    55.212522110291));
#11027 = CARTESIAN_POINT('',(57.443488655888,-55.24287360887,
    45.750743675236));
#11028 = CARTESIAN_POINT('',(43.329680320924,-65.19145321892,
    39.028460747504));
#11029 = CARTESIAN_POINT('',(36.003752764831,-72.92639949405,
    36.058103271363));
#11030 = CARTESIAN_POINT('',(25.269784720791,-77.12993315944,
    32.920110782078));
#11031 = CARTESIAN_POINT('',(14.176261060145,-76.56951972031,
    31.930587706587));
#11032 = CARTESIAN_POINT('',(86.7,-14.84770519288,86.839217371496));
#11033 = CARTESIAN_POINT('',(88.601487031609,-9.45728620899,
    82.59836054167));
#11034 = CARTESIAN_POINT('',(86.841721711149,-14.57598403263,
    79.802066084676));
#11035 = CARTESIAN_POINT('',(85.893720405703,-16.05665315723,
    76.685474625941));
#11036 = CARTESIAN_POINT('',(81.366908874255,-23.2310058477,
    67.776759225609));
#11037 = CARTESIAN_POINT('',(74.919821073485,-30.50714933367,
    60.380710680109));
#11038 = CARTESIAN_POINT('',(70.079959771267,-35.63127423473,
    55.993073982018));
#11039 = CARTESIAN_POINT('',(57.443488655888,-48.4113637832,
    46.288053436805));
#11040 = CARTESIAN_POINT('',(43.329680320924,-61.55518724536,
    39.314459194863));
#11041 = CARTESIAN_POINT('',(36.003752764831,-71.79702957194,
    36.146930119169));
#11042 = CARTESIAN_POINT('',(25.269784720791,-77.25450014645,
    32.910313378605));
#11043 = CARTESIAN_POINT('',(14.176261060145,-76.2209115258,
    31.958006328627));
#11044 = ADVANCED_FACE('',(#11045),#11055,.F.);
#11045 = FACE_BOUND('',#11046,.T.);
#11046 = EDGE_LOOP('',(#11047,#11048,#11049,#11050,#11051,#11052,#11053,
    #11054));
#11047 = ORIENTED_EDGE('',*,*,#8295,.T.);
#11048 = ORIENTED_EDGE('',*,*,#9280,.T.);
#11049 = ORIENTED_EDGE('',*,*,#9153,.T.);
#11050 = ORIENTED_EDGE('',*,*,#9010,.T.);
#11051 = ORIENTED_EDGE('',*,*,#8867,.T.);
#11052 = ORIENTED_EDGE('',*,*,#8724,.T.);
#11053 = ORIENTED_EDGE('',*,*,#8581,.T.);
#11054 = ORIENTED_EDGE('',*,*,#8438,.T.);
#11055 = PLANE('',#11056);
#11056 = AXIS2_PLACEMENT_3D('',#11057,#11058,#11059);
#11057 = CARTESIAN_POINT('',(11.676261060145,-76.666165672,
    34.430707027316));
#11058 = DIRECTION('',(1.023128823606E-16,7.840953517925E-02,
    -0.996921232993));
#11059 = DIRECTION('',(-0.983078450833,-0.182621057651,
    -1.436345397257E-02));
#11060 = ADVANCED_FACE('',(#11061),#11111,.F.);
#11061 = FACE_BOUND('',#11062,.F.);
#11062 = EDGE_LOOP('',(#11063,#11073,#11079,#11080,#11081,#11089,#11097,
    #11103,#11104,#11105));
#11063 = ORIENTED_EDGE('',*,*,#11064,.F.);
#11064 = EDGE_CURVE('',#11065,#11067,#11069,.T.);
#11065 = VERTEX_POINT('',#11066);
#11066 = CARTESIAN_POINT('',(59.2,-3.55,36.25));
#11067 = VERTEX_POINT('',#11068);
#11068 = CARTESIAN_POINT('',(-59.2,-3.55,36.25));
#11069 = LINE('',#11070,#11071);
#11070 = CARTESIAN_POINT('',(59.2,-3.55,36.25));
#11071 = VECTOR('',#11072,1.);
#11072 = DIRECTION('',(-1.,0.,0.));
#11073 = ORIENTED_EDGE('',*,*,#11074,.T.);
#11074 = EDGE_CURVE('',#11065,#10679,#11075,.T.);
#11075 = LINE('',#11076,#11077);
#11076 = CARTESIAN_POINT('',(59.2,-3.55,36.25));
#11077 = VECTOR('',#11078,1.);
#11078 = DIRECTION('',(0.,0.,1.));
#11079 = ORIENTED_EDGE('',*,*,#10678,.T.);
#11080 = ORIENTED_EDGE('',*,*,#9485,.F.);
#11081 = ORIENTED_EDGE('',*,*,#11082,.F.);
#11082 = EDGE_CURVE('',#11083,#9474,#11085,.T.);
#11083 = VERTEX_POINT('',#11084);
#11084 = CARTESIAN_POINT('',(12.5,-3.55,39.25));
#11085 = LINE('',#11086,#11087);
#11086 = CARTESIAN_POINT('',(12.5,-3.55,39.25));
#11087 = VECTOR('',#11088,1.);
#11088 = DIRECTION('',(0.,0.,1.));
#11089 = ORIENTED_EDGE('',*,*,#11090,.F.);
#11090 = EDGE_CURVE('',#11091,#11083,#11093,.T.);
#11091 = VERTEX_POINT('',#11092);
#11092 = CARTESIAN_POINT('',(-12.5,-3.55,39.25));
#11093 = LINE('',#11094,#11095);
#11094 = CARTESIAN_POINT('',(-12.5,-3.55,39.25));
#11095 = VECTOR('',#11096,1.);
#11096 = DIRECTION('',(1.,0.,0.));
#11097 = ORIENTED_EDGE('',*,*,#11098,.T.);
#11098 = EDGE_CURVE('',#11091,#9442,#11099,.T.);
#11099 = LINE('',#11100,#11101);
#11100 = CARTESIAN_POINT('',(-12.5,-3.55,39.25));
#11101 = VECTOR('',#11102,1.);
#11102 = DIRECTION('',(0.,0.,1.));
#11103 = ORIENTED_EDGE('',*,*,#9441,.F.);
#11104 = ORIENTED_EDGE('',*,*,#9705,.F.);
#11105 = ORIENTED_EDGE('',*,*,#11106,.F.);
#11106 = EDGE_CURVE('',#11067,#9695,#11107,.T.);
#11107 = LINE('',#11108,#11109);
#11108 = CARTESIAN_POINT('',(-59.2,-3.55,36.25));
#11109 = VECTOR('',#11110,1.);
#11110 = DIRECTION('',(0.,0.,1.));
#11111 = PLANE('',#11112);
#11112 = AXIS2_PLACEMENT_3D('',#11113,#11114,#11115);
#11113 = CARTESIAN_POINT('',(59.2,-3.55,36.25));
#11114 = DIRECTION('',(0.,-1.,0.));
#11115 = DIRECTION('',(-1.,0.,0.));
#11116 = ADVANCED_FACE('',(#11117),#11135,.T.);
#11117 = FACE_BOUND('',#11118,.T.);
#11118 = EDGE_LOOP('',(#11119,#11120,#11128,#11134));
#11119 = ORIENTED_EDGE('',*,*,#11082,.F.);
#11120 = ORIENTED_EDGE('',*,*,#11121,.T.);
#11121 = EDGE_CURVE('',#11083,#11122,#11124,.T.);
#11122 = VERTEX_POINT('',#11123);
#11123 = CARTESIAN_POINT('',(12.5,4.45,39.25));
#11124 = LINE('',#11125,#11126);
#11125 = CARTESIAN_POINT('',(12.5,-3.55,39.25));
#11126 = VECTOR('',#11127,1.);
#11127 = DIRECTION('',(0.,1.,0.));
#11128 = ORIENTED_EDGE('',*,*,#11129,.T.);
#11129 = EDGE_CURVE('',#11122,#9464,#11130,.T.);
#11130 = LINE('',#11131,#11132);
#11131 = CARTESIAN_POINT('',(12.5,4.45,39.25));
#11132 = VECTOR('',#11133,1.);
#11133 = DIRECTION('',(0.,0.,1.));
#11134 = ORIENTED_EDGE('',*,*,#9473,.T.);
#11135 = PLANE('',#11136);
#11136 = AXIS2_PLACEMENT_3D('',#11137,#11138,#11139);
#11137 = CARTESIAN_POINT('',(12.5,-3.55,39.25));
#11138 = DIRECTION('',(1.,0.,0.));
#11139 = DIRECTION('',(0.,0.,1.));
#11140 = ADVANCED_FACE('',(#11141),#11159,.T.);
#11141 = FACE_BOUND('',#11142,.T.);
#11142 = EDGE_LOOP('',(#11143,#11144,#11152,#11158));
#11143 = ORIENTED_EDGE('',*,*,#11129,.F.);
#11144 = ORIENTED_EDGE('',*,*,#11145,.F.);
#11145 = EDGE_CURVE('',#11146,#11122,#11148,.T.);
#11146 = VERTEX_POINT('',#11147);
#11147 = CARTESIAN_POINT('',(-12.5,4.45,39.25));
#11148 = LINE('',#11149,#11150);
#11149 = CARTESIAN_POINT('',(-12.5,4.45,39.25));
#11150 = VECTOR('',#11151,1.);
#11151 = DIRECTION('',(1.,0.,0.));
#11152 = ORIENTED_EDGE('',*,*,#11153,.T.);
#11153 = EDGE_CURVE('',#11146,#9452,#11154,.T.);
#11154 = LINE('',#11155,#11156);
#11155 = CARTESIAN_POINT('',(-12.5,4.45,39.25));
#11156 = VECTOR('',#11157,1.);
#11157 = DIRECTION('',(0.,0.,1.));
#11158 = ORIENTED_EDGE('',*,*,#9463,.T.);
#11159 = PLANE('',#11160);
#11160 = AXIS2_PLACEMENT_3D('',#11161,#11162,#11163);
#11161 = CARTESIAN_POINT('',(-12.5,4.45,39.25));
#11162 = DIRECTION('',(0.,1.,0.));
#11163 = DIRECTION('',(0.,0.,1.));
#11164 = ADVANCED_FACE('',(#11165),#11176,.F.);
#11165 = FACE_BOUND('',#11166,.F.);
#11166 = EDGE_LOOP('',(#11167,#11168,#11174,#11175));
#11167 = ORIENTED_EDGE('',*,*,#11098,.F.);
#11168 = ORIENTED_EDGE('',*,*,#11169,.T.);
#11169 = EDGE_CURVE('',#11091,#11146,#11170,.T.);
#11170 = LINE('',#11171,#11172);
#11171 = CARTESIAN_POINT('',(-12.5,-3.55,39.25));
#11172 = VECTOR('',#11173,1.);
#11173 = DIRECTION('',(0.,1.,0.));
#11174 = ORIENTED_EDGE('',*,*,#11153,.T.);
#11175 = ORIENTED_EDGE('',*,*,#9451,.T.);
#11176 = PLANE('',#11177);
#11177 = AXIS2_PLACEMENT_3D('',#11178,#11179,#11180);
#11178 = CARTESIAN_POINT('',(-12.5,-3.55,39.25));
#11179 = DIRECTION('',(1.,0.,0.));
#11180 = DIRECTION('',(0.,0.,1.));
#11181 = ADVANCED_FACE('',(#11182),#11202,.T.);
#11182 = FACE_BOUND('',#11183,.F.);
#11183 = EDGE_LOOP('',(#11184,#11193,#11194,#11195,#11196));
#11184 = ORIENTED_EDGE('',*,*,#11185,.F.);
#11185 = EDGE_CURVE('',#11067,#11186,#11188,.T.);
#11186 = VERTEX_POINT('',#11187);
#11187 = CARTESIAN_POINT('',(-69.65,-14.,36.25));
#11188 = CIRCLE('',#11189,10.45);
#11189 = AXIS2_PLACEMENT_3D('',#11190,#11191,#11192);
#11190 = CARTESIAN_POINT('',(-59.2,-14.,36.25));
#11191 = DIRECTION('',(0.,0.,1.));
#11192 = DIRECTION('',(-1.359890403369E-15,1.,0.));
#11193 = ORIENTED_EDGE('',*,*,#11106,.T.);
#11194 = ORIENTED_EDGE('',*,*,#9694,.F.);
#11195 = ORIENTED_EDGE('',*,*,#9651,.F.);
#11196 = ORIENTED_EDGE('',*,*,#11197,.F.);
#11197 = EDGE_CURVE('',#11186,#9624,#11198,.T.);
#11198 = LINE('',#11199,#11200);
#11199 = CARTESIAN_POINT('',(-69.65,-14.,36.25));
#11200 = VECTOR('',#11201,1.);
#11201 = DIRECTION('',(0.,0.,1.));
#11202 = CYLINDRICAL_SURFACE('',#11203,10.45);
#11203 = AXIS2_PLACEMENT_3D('',#11204,#11205,#11206);
#11204 = CARTESIAN_POINT('',(-59.2,-14.,36.25));
#11205 = DIRECTION('',(-0.,-0.,-1.));
#11206 = DIRECTION('',(-1.359890403369E-15,1.,0.));
#11207 = ADVANCED_FACE('',(#11208),#11251,.F.);
#11208 = FACE_BOUND('',#11209,.F.);
#11209 = EDGE_LOOP('',(#11210,#11218,#11219,#11220,#11221,#11229,#11237,
    #11243,#11244,#11245));
#11210 = ORIENTED_EDGE('',*,*,#11211,.F.);
#11211 = EDGE_CURVE('',#11186,#11212,#11214,.T.);
#11212 = VERTEX_POINT('',#11213);
#11213 = CARTESIAN_POINT('',(-69.65,-132.,36.25));
#11214 = LINE('',#11215,#11216);
#11215 = CARTESIAN_POINT('',(-69.65,-14.,36.25));
#11216 = VECTOR('',#11217,1.);
#11217 = DIRECTION('',(0.,-1.,0.));
#11218 = ORIENTED_EDGE('',*,*,#11197,.T.);
#11219 = ORIENTED_EDGE('',*,*,#9623,.T.);
#11220 = ORIENTED_EDGE('',*,*,#10125,.F.);
#11221 = ORIENTED_EDGE('',*,*,#11222,.F.);
#11222 = EDGE_CURVE('',#11223,#10114,#11225,.T.);
#11223 = VERTEX_POINT('',#11224);
#11224 = CARTESIAN_POINT('',(-69.65,-60.5,39.25));
#11225 = LINE('',#11226,#11227);
#11226 = CARTESIAN_POINT('',(-69.65,-60.5,39.25));
#11227 = VECTOR('',#11228,1.);
#11228 = DIRECTION('',(0.,0.,1.));
#11229 = ORIENTED_EDGE('',*,*,#11230,.F.);
#11230 = EDGE_CURVE('',#11231,#11223,#11233,.T.);
#11231 = VERTEX_POINT('',#11232);
#11232 = CARTESIAN_POINT('',(-69.65,-85.5,39.25));
#11233 = LINE('',#11234,#11235);
#11234 = CARTESIAN_POINT('',(-69.65,-85.5,39.25));
#11235 = VECTOR('',#11236,1.);
#11236 = DIRECTION('',(0.,1.,0.));
#11237 = ORIENTED_EDGE('',*,*,#11238,.T.);
#11238 = EDGE_CURVE('',#11231,#10082,#11239,.T.);
#11239 = LINE('',#11240,#11241);
#11240 = CARTESIAN_POINT('',(-69.65,-85.5,39.25));
#11241 = VECTOR('',#11242,1.);
#11242 = DIRECTION('',(0.,0.,1.));
#11243 = ORIENTED_EDGE('',*,*,#10081,.F.);
#11244 = ORIENTED_EDGE('',*,*,#9944,.F.);
#11245 = ORIENTED_EDGE('',*,*,#11246,.F.);
#11246 = EDGE_CURVE('',#11212,#9898,#11247,.T.);
#11247 = LINE('',#11248,#11249);
#11248 = CARTESIAN_POINT('',(-69.65,-132.,36.25));
#11249 = VECTOR('',#11250,1.);
#11250 = DIRECTION('',(0.,0.,1.));
#11251 = PLANE('',#11252);
#11252 = AXIS2_PLACEMENT_3D('',#11253,#11254,#11255);
#11253 = CARTESIAN_POINT('',(-69.65,-14.,36.25));
#11254 = DIRECTION('',(1.,0.,0.));
#11255 = DIRECTION('',(0.,-1.,0.));
#11256 = ADVANCED_FACE('',(#11257),#11276,.T.);
#11257 = FACE_BOUND('',#11258,.F.);
#11258 = EDGE_LOOP('',(#11259,#11268,#11269,#11270));
#11259 = ORIENTED_EDGE('',*,*,#11260,.F.);
#11260 = EDGE_CURVE('',#11212,#11261,#11263,.T.);
#11261 = VERTEX_POINT('',#11262);
#11262 = CARTESIAN_POINT('',(-59.2,-142.45,36.25));
#11263 = CIRCLE('',#11264,10.45);
#11264 = AXIS2_PLACEMENT_3D('',#11265,#11266,#11267);
#11265 = CARTESIAN_POINT('',(-59.2,-132.,36.25));
#11266 = DIRECTION('',(0.,0.,1.));
#11267 = DIRECTION('',(-1.,0.,0.));
#11268 = ORIENTED_EDGE('',*,*,#11246,.T.);
#11269 = ORIENTED_EDGE('',*,*,#9897,.F.);
#11270 = ORIENTED_EDGE('',*,*,#11271,.F.);
#11271 = EDGE_CURVE('',#11261,#9873,#11272,.T.);
#11272 = LINE('',#11273,#11274);
#11273 = CARTESIAN_POINT('',(-59.2,-142.45,36.25));
#11274 = VECTOR('',#11275,1.);
#11275 = DIRECTION('',(0.,0.,1.));
#11276 = CYLINDRICAL_SURFACE('',#11277,10.45);
#11277 = AXIS2_PLACEMENT_3D('',#11278,#11279,#11280);
#11278 = CARTESIAN_POINT('',(-59.2,-132.,36.25));
#11279 = DIRECTION('',(-0.,-0.,-1.));
#11280 = DIRECTION('',(-1.,0.,0.));
#11281 = ADVANCED_FACE('',(#11282),#11325,.F.);
#11282 = FACE_BOUND('',#11283,.F.);
#11283 = EDGE_LOOP('',(#11284,#11292,#11293,#11294,#11295,#11303,#11311,
    #11317,#11318,#11319));
#11284 = ORIENTED_EDGE('',*,*,#11285,.F.);
#11285 = EDGE_CURVE('',#11261,#11286,#11288,.T.);
#11286 = VERTEX_POINT('',#11287);
#11287 = CARTESIAN_POINT('',(59.2,-142.45,36.25));
#11288 = LINE('',#11289,#11290);
#11289 = CARTESIAN_POINT('',(-59.2,-142.45,36.25));
#11290 = VECTOR('',#11291,1.);
#11291 = DIRECTION('',(1.,0.,0.));
#11292 = ORIENTED_EDGE('',*,*,#11271,.T.);
#11293 = ORIENTED_EDGE('',*,*,#9872,.T.);
#11294 = ORIENTED_EDGE('',*,*,#10311,.F.);
#11295 = ORIENTED_EDGE('',*,*,#11296,.F.);
#11296 = EDGE_CURVE('',#11297,#10300,#11299,.T.);
#11297 = VERTEX_POINT('',#11298);
#11298 = CARTESIAN_POINT('',(-12.5,-142.45,39.25));
#11299 = LINE('',#11300,#11301);
#11300 = CARTESIAN_POINT('',(-12.5,-142.45,39.25));
#11301 = VECTOR('',#11302,1.);
#11302 = DIRECTION('',(0.,0.,1.));
#11303 = ORIENTED_EDGE('',*,*,#11304,.T.);
#11304 = EDGE_CURVE('',#11297,#11305,#11307,.T.);
#11305 = VERTEX_POINT('',#11306);
#11306 = CARTESIAN_POINT('',(12.5,-142.45,39.25));
#11307 = LINE('',#11308,#11309);
#11308 = CARTESIAN_POINT('',(-12.5,-142.45,39.25));
#11309 = VECTOR('',#11310,1.);
#11310 = DIRECTION('',(1.,0.,0.));
#11311 = ORIENTED_EDGE('',*,*,#11312,.T.);
#11312 = EDGE_CURVE('',#11305,#10268,#11313,.T.);
#11313 = LINE('',#11314,#11315);
#11314 = CARTESIAN_POINT('',(12.5,-142.45,39.25));
#11315 = VECTOR('',#11316,1.);
#11316 = DIRECTION('',(0.,0.,1.));
#11317 = ORIENTED_EDGE('',*,*,#10267,.F.);
#11318 = ORIENTED_EDGE('',*,*,#10523,.F.);
#11319 = ORIENTED_EDGE('',*,*,#11320,.F.);
#11320 = EDGE_CURVE('',#11286,#10477,#11321,.T.);
#11321 = LINE('',#11322,#11323);
#11322 = CARTESIAN_POINT('',(59.2,-142.45,36.25));
#11323 = VECTOR('',#11324,1.);
#11324 = DIRECTION('',(0.,0.,1.));
#11325 = PLANE('',#11326);
#11326 = AXIS2_PLACEMENT_3D('',#11327,#11328,#11329);
#11327 = CARTESIAN_POINT('',(-59.2,-142.45,36.25));
#11328 = DIRECTION('',(0.,1.,0.));
#11329 = DIRECTION('',(1.,0.,0.));
#11330 = ADVANCED_FACE('',(#11331),#11349,.T.);
#11331 = FACE_BOUND('',#11332,.T.);
#11332 = EDGE_LOOP('',(#11333,#11341,#11347,#11348));
#11333 = ORIENTED_EDGE('',*,*,#11334,.F.);
#11334 = EDGE_CURVE('',#11335,#11223,#11337,.T.);
#11335 = VERTEX_POINT('',#11336);
#11336 = CARTESIAN_POINT('',(-77.65,-60.5,39.25));
#11337 = LINE('',#11338,#11339);
#11338 = CARTESIAN_POINT('',(-77.65,-60.5,39.25));
#11339 = VECTOR('',#11340,1.);
#11340 = DIRECTION('',(1.,0.,0.));
#11341 = ORIENTED_EDGE('',*,*,#11342,.T.);
#11342 = EDGE_CURVE('',#11335,#10104,#11343,.T.);
#11343 = LINE('',#11344,#11345);
#11344 = CARTESIAN_POINT('',(-77.65,-60.5,39.25));
#11345 = VECTOR('',#11346,1.);
#11346 = DIRECTION('',(0.,0.,1.));
#11347 = ORIENTED_EDGE('',*,*,#10113,.T.);
#11348 = ORIENTED_EDGE('',*,*,#11222,.F.);
#11349 = PLANE('',#11350);
#11350 = AXIS2_PLACEMENT_3D('',#11351,#11352,#11353);
#11351 = CARTESIAN_POINT('',(-77.65,-60.5,39.25));
#11352 = DIRECTION('',(0.,1.,0.));
#11353 = DIRECTION('',(0.,0.,1.));
#11354 = ADVANCED_FACE('',(#11355),#11373,.F.);
#11355 = FACE_BOUND('',#11356,.F.);
#11356 = EDGE_LOOP('',(#11357,#11365,#11371,#11372));
#11357 = ORIENTED_EDGE('',*,*,#11358,.F.);
#11358 = EDGE_CURVE('',#11359,#10092,#11361,.T.);
#11359 = VERTEX_POINT('',#11360);
#11360 = CARTESIAN_POINT('',(-77.65,-85.5,39.25));
#11361 = LINE('',#11362,#11363);
#11362 = CARTESIAN_POINT('',(-77.65,-85.5,39.25));
#11363 = VECTOR('',#11364,1.);
#11364 = DIRECTION('',(0.,0.,1.));
#11365 = ORIENTED_EDGE('',*,*,#11366,.T.);
#11366 = EDGE_CURVE('',#11359,#11335,#11367,.T.);
#11367 = LINE('',#11368,#11369);
#11368 = CARTESIAN_POINT('',(-77.65,-85.5,39.25));
#11369 = VECTOR('',#11370,1.);
#11370 = DIRECTION('',(0.,1.,0.));
#11371 = ORIENTED_EDGE('',*,*,#11342,.T.);
#11372 = ORIENTED_EDGE('',*,*,#10103,.F.);
#11373 = PLANE('',#11374);
#11374 = AXIS2_PLACEMENT_3D('',#11375,#11376,#11377);
#11375 = CARTESIAN_POINT('',(-77.65,-85.5,39.25));
#11376 = DIRECTION('',(1.,0.,0.));
#11377 = DIRECTION('',(0.,0.,1.));
#11378 = ADVANCED_FACE('',(#11379),#11390,.F.);
#11379 = FACE_BOUND('',#11380,.F.);
#11380 = EDGE_LOOP('',(#11381,#11387,#11388,#11389));
#11381 = ORIENTED_EDGE('',*,*,#11382,.F.);
#11382 = EDGE_CURVE('',#11359,#11231,#11383,.T.);
#11383 = LINE('',#11384,#11385);
#11384 = CARTESIAN_POINT('',(-77.65,-85.5,39.25));
#11385 = VECTOR('',#11386,1.);
#11386 = DIRECTION('',(1.,0.,0.));
#11387 = ORIENTED_EDGE('',*,*,#11358,.T.);
#11388 = ORIENTED_EDGE('',*,*,#10091,.T.);
#11389 = ORIENTED_EDGE('',*,*,#11238,.F.);
#11390 = PLANE('',#11391);
#11391 = AXIS2_PLACEMENT_3D('',#11392,#11393,#11394);
#11392 = CARTESIAN_POINT('',(-77.65,-85.5,39.25));
#11393 = DIRECTION('',(0.,1.,0.));
#11394 = DIRECTION('',(0.,0.,1.));
#11395 = ADVANCED_FACE('',(#11396),#11414,.F.);
#11396 = FACE_BOUND('',#11397,.F.);
#11397 = EDGE_LOOP('',(#11398,#11406,#11412,#11413));
#11398 = ORIENTED_EDGE('',*,*,#11399,.F.);
#11399 = EDGE_CURVE('',#11400,#10290,#11402,.T.);
#11400 = VERTEX_POINT('',#11401);
#11401 = CARTESIAN_POINT('',(-12.5,-150.45,39.25));
#11402 = LINE('',#11403,#11404);
#11403 = CARTESIAN_POINT('',(-12.5,-150.45,39.25));
#11404 = VECTOR('',#11405,1.);
#11405 = DIRECTION('',(0.,0.,1.));
#11406 = ORIENTED_EDGE('',*,*,#11407,.T.);
#11407 = EDGE_CURVE('',#11400,#11297,#11408,.T.);
#11408 = LINE('',#11409,#11410);
#11409 = CARTESIAN_POINT('',(-12.5,-150.45,39.25));
#11410 = VECTOR('',#11411,1.);
#11411 = DIRECTION('',(0.,1.,0.));
#11412 = ORIENTED_EDGE('',*,*,#11296,.T.);
#11413 = ORIENTED_EDGE('',*,*,#10299,.F.);
#11414 = PLANE('',#11415);
#11415 = AXIS2_PLACEMENT_3D('',#11416,#11417,#11418);
#11416 = CARTESIAN_POINT('',(-12.5,-150.45,39.25));
#11417 = DIRECTION('',(1.,0.,0.));
#11418 = DIRECTION('',(0.,0.,1.));
#11419 = ADVANCED_FACE('',(#11420),#11438,.F.);
#11420 = FACE_BOUND('',#11421,.F.);
#11421 = EDGE_LOOP('',(#11422,#11430,#11436,#11437));
#11422 = ORIENTED_EDGE('',*,*,#11423,.F.);
#11423 = EDGE_CURVE('',#11424,#10278,#11426,.T.);
#11424 = VERTEX_POINT('',#11425);
#11425 = CARTESIAN_POINT('',(12.5,-150.45,39.25));
#11426 = LINE('',#11427,#11428);
#11427 = CARTESIAN_POINT('',(12.5,-150.45,39.25));
#11428 = VECTOR('',#11429,1.);
#11429 = DIRECTION('',(0.,0.,1.));
#11430 = ORIENTED_EDGE('',*,*,#11431,.F.);
#11431 = EDGE_CURVE('',#11400,#11424,#11432,.T.);
#11432 = LINE('',#11433,#11434);
#11433 = CARTESIAN_POINT('',(-12.5,-150.45,39.25));
#11434 = VECTOR('',#11435,1.);
#11435 = DIRECTION('',(1.,0.,0.));
#11436 = ORIENTED_EDGE('',*,*,#11399,.T.);
#11437 = ORIENTED_EDGE('',*,*,#10289,.F.);
#11438 = PLANE('',#11439);
#11439 = AXIS2_PLACEMENT_3D('',#11440,#11441,#11442);
#11440 = CARTESIAN_POINT('',(-12.5,-150.45,39.25));
#11441 = DIRECTION('',(0.,1.,0.));
#11442 = DIRECTION('',(0.,0.,1.));
#11443 = ADVANCED_FACE('',(#11444),#11455,.T.);
#11444 = FACE_BOUND('',#11445,.T.);
#11445 = EDGE_LOOP('',(#11446,#11447,#11453,#11454));
#11446 = ORIENTED_EDGE('',*,*,#11423,.F.);
#11447 = ORIENTED_EDGE('',*,*,#11448,.T.);
#11448 = EDGE_CURVE('',#11424,#11305,#11449,.T.);
#11449 = LINE('',#11450,#11451);
#11450 = CARTESIAN_POINT('',(12.5,-150.45,39.25));
#11451 = VECTOR('',#11452,1.);
#11452 = DIRECTION('',(0.,1.,0.));
#11453 = ORIENTED_EDGE('',*,*,#11312,.T.);
#11454 = ORIENTED_EDGE('',*,*,#10277,.F.);
#11455 = PLANE('',#11456);
#11456 = AXIS2_PLACEMENT_3D('',#11457,#11458,#11459);
#11457 = CARTESIAN_POINT('',(12.5,-150.45,39.25));
#11458 = DIRECTION('',(1.,0.,0.));
#11459 = DIRECTION('',(0.,0.,1.));
#11460 = ADVANCED_FACE('',(#11461),#11480,.T.);
#11461 = FACE_BOUND('',#11462,.F.);
#11462 = EDGE_LOOP('',(#11463,#11472,#11473,#11474));
#11463 = ORIENTED_EDGE('',*,*,#11464,.F.);
#11464 = EDGE_CURVE('',#11286,#11465,#11467,.T.);
#11465 = VERTEX_POINT('',#11466);
#11466 = CARTESIAN_POINT('',(69.65,-132.,36.25));
#11467 = CIRCLE('',#11468,10.45);
#11468 = AXIS2_PLACEMENT_3D('',#11469,#11470,#11471);
#11469 = CARTESIAN_POINT('',(59.2,-132.,36.25));
#11470 = DIRECTION('',(0.,0.,1.));
#11471 = DIRECTION('',(-2.039835605053E-15,-1.,0.));
#11472 = ORIENTED_EDGE('',*,*,#11320,.T.);
#11473 = ORIENTED_EDGE('',*,*,#10476,.F.);
#11474 = ORIENTED_EDGE('',*,*,#11475,.F.);
#11475 = EDGE_CURVE('',#11465,#10452,#11476,.T.);
#11476 = LINE('',#11477,#11478);
#11477 = CARTESIAN_POINT('',(69.65,-132.,36.25));
#11478 = VECTOR('',#11479,1.);
#11479 = DIRECTION('',(0.,0.,1.));
#11480 = CYLINDRICAL_SURFACE('',#11481,10.45);
#11481 = AXIS2_PLACEMENT_3D('',#11482,#11483,#11484);
#11482 = CARTESIAN_POINT('',(59.2,-132.,36.25));
#11483 = DIRECTION('',(-0.,-0.,-1.));
#11484 = DIRECTION('',(-2.039835605053E-15,-1.,0.));
#11485 = ADVANCED_FACE('',(#11486),#11529,.F.);
#11486 = FACE_BOUND('',#11487,.F.);
#11487 = EDGE_LOOP('',(#11488,#11496,#11497,#11498,#11499,#11507,#11515,
    #11521,#11522,#11523));
#11488 = ORIENTED_EDGE('',*,*,#11489,.F.);
#11489 = EDGE_CURVE('',#11465,#11490,#11492,.T.);
#11490 = VERTEX_POINT('',#11491);
#11491 = CARTESIAN_POINT('',(69.65,-14.,36.25));
#11492 = LINE('',#11493,#11494);
#11493 = CARTESIAN_POINT('',(69.65,-132.,36.25));
#11494 = VECTOR('',#11495,1.);
#11495 = DIRECTION('',(0.,1.,0.));
#11496 = ORIENTED_EDGE('',*,*,#11475,.T.);
#11497 = ORIENTED_EDGE('',*,*,#10451,.T.);
#11498 = ORIENTED_EDGE('',*,*,#10928,.F.);
#11499 = ORIENTED_EDGE('',*,*,#11500,.F.);
#11500 = EDGE_CURVE('',#11501,#10917,#11503,.T.);
#11501 = VERTEX_POINT('',#11502);
#11502 = CARTESIAN_POINT('',(69.65,-85.5,39.25));
#11503 = LINE('',#11504,#11505);
#11504 = CARTESIAN_POINT('',(69.65,-85.5,39.25));
#11505 = VECTOR('',#11506,1.);
#11506 = DIRECTION('',(0.,0.,1.));
#11507 = ORIENTED_EDGE('',*,*,#11508,.T.);
#11508 = EDGE_CURVE('',#11501,#11509,#11511,.T.);
#11509 = VERTEX_POINT('',#11510);
#11510 = CARTESIAN_POINT('',(69.65,-60.5,39.25));
#11511 = LINE('',#11512,#11513);
#11512 = CARTESIAN_POINT('',(69.65,-85.5,39.25));
#11513 = VECTOR('',#11514,1.);
#11514 = DIRECTION('',(0.,1.,0.));
#11515 = ORIENTED_EDGE('',*,*,#11516,.T.);
#11516 = EDGE_CURVE('',#11509,#10885,#11517,.T.);
#11517 = LINE('',#11518,#11519);
#11518 = CARTESIAN_POINT('',(69.65,-60.5,39.25));
#11519 = VECTOR('',#11520,1.);
#11520 = DIRECTION('',(0.,0.,1.));
#11521 = ORIENTED_EDGE('',*,*,#10884,.F.);
#11522 = ORIENTED_EDGE('',*,*,#10743,.F.);
#11523 = ORIENTED_EDGE('',*,*,#11524,.F.);
#11524 = EDGE_CURVE('',#11490,#10725,#11525,.T.);
#11525 = LINE('',#11526,#11527);
#11526 = CARTESIAN_POINT('',(69.65,-14.,36.25));
#11527 = VECTOR('',#11528,1.);
#11528 = DIRECTION('',(0.,0.,1.));
#11529 = PLANE('',#11530);
#11530 = AXIS2_PLACEMENT_3D('',#11531,#11532,#11533);
#11531 = CARTESIAN_POINT('',(69.65,-132.,36.25));
#11532 = DIRECTION('',(-1.,0.,0.));
#11533 = DIRECTION('',(0.,1.,0.));
#11534 = ADVANCED_FACE('',(#11535),#11548,.T.);
#11535 = FACE_BOUND('',#11536,.F.);
#11536 = EDGE_LOOP('',(#11537,#11544,#11545,#11546,#11547));
#11537 = ORIENTED_EDGE('',*,*,#11538,.F.);
#11538 = EDGE_CURVE('',#11490,#11065,#11539,.T.);
#11539 = CIRCLE('',#11540,10.45);
#11540 = AXIS2_PLACEMENT_3D('',#11541,#11542,#11543);
#11541 = CARTESIAN_POINT('',(59.2,-14.,36.25));
#11542 = DIRECTION('',(0.,-0.,1.));
#11543 = DIRECTION('',(1.,1.699863004211E-15,0.));
#11544 = ORIENTED_EDGE('',*,*,#11524,.T.);
#11545 = ORIENTED_EDGE('',*,*,#10724,.F.);
#11546 = ORIENTED_EDGE('',*,*,#10697,.F.);
#11547 = ORIENTED_EDGE('',*,*,#11074,.F.);
#11548 = CYLINDRICAL_SURFACE('',#11549,10.45);
#11549 = AXIS2_PLACEMENT_3D('',#11550,#11551,#11552);
#11550 = CARTESIAN_POINT('',(59.2,-14.,36.25));
#11551 = DIRECTION('',(-0.,-0.,-1.));
#11552 = DIRECTION('',(1.,1.699863004211E-15,0.));
#11553 = ADVANCED_FACE('',(#11554),#11572,.F.);
#11554 = FACE_BOUND('',#11555,.F.);
#11555 = EDGE_LOOP('',(#11556,#11564,#11565,#11566));
#11556 = ORIENTED_EDGE('',*,*,#11557,.F.);
#11557 = EDGE_CURVE('',#11501,#11558,#11560,.T.);
#11558 = VERTEX_POINT('',#11559);
#11559 = CARTESIAN_POINT('',(77.65,-85.5,39.25));
#11560 = LINE('',#11561,#11562);
#11561 = CARTESIAN_POINT('',(69.65,-85.5,39.25));
#11562 = VECTOR('',#11563,1.);
#11563 = DIRECTION('',(1.,0.,0.));
#11564 = ORIENTED_EDGE('',*,*,#11500,.T.);
#11565 = ORIENTED_EDGE('',*,*,#10916,.F.);
#11566 = ORIENTED_EDGE('',*,*,#11567,.F.);
#11567 = EDGE_CURVE('',#11558,#10907,#11568,.T.);
#11568 = LINE('',#11569,#11570);
#11569 = CARTESIAN_POINT('',(77.65,-85.5,39.25));
#11570 = VECTOR('',#11571,1.);
#11571 = DIRECTION('',(0.,0.,1.));
#11572 = PLANE('',#11573);
#11573 = AXIS2_PLACEMENT_3D('',#11574,#11575,#11576);
#11574 = CARTESIAN_POINT('',(69.65,-85.5,39.25));
#11575 = DIRECTION('',(0.,1.,0.));
#11576 = DIRECTION('',(0.,0.,1.));
#11577 = ADVANCED_FACE('',(#11578),#11596,.T.);
#11578 = FACE_BOUND('',#11579,.T.);
#11579 = EDGE_LOOP('',(#11580,#11581,#11589,#11595));
#11580 = ORIENTED_EDGE('',*,*,#11567,.F.);
#11581 = ORIENTED_EDGE('',*,*,#11582,.T.);
#11582 = EDGE_CURVE('',#11558,#11583,#11585,.T.);
#11583 = VERTEX_POINT('',#11584);
#11584 = CARTESIAN_POINT('',(77.65,-60.5,39.25));
#11585 = LINE('',#11586,#11587);
#11586 = CARTESIAN_POINT('',(77.65,-85.5,39.25));
#11587 = VECTOR('',#11588,1.);
#11588 = DIRECTION('',(0.,1.,0.));
#11589 = ORIENTED_EDGE('',*,*,#11590,.T.);
#11590 = EDGE_CURVE('',#11583,#10895,#11591,.T.);
#11591 = LINE('',#11592,#11593);
#11592 = CARTESIAN_POINT('',(77.65,-60.5,39.25));
#11593 = VECTOR('',#11594,1.);
#11594 = DIRECTION('',(0.,0.,1.));
#11595 = ORIENTED_EDGE('',*,*,#10906,.T.);
#11596 = PLANE('',#11597);
#11597 = AXIS2_PLACEMENT_3D('',#11598,#11599,#11600);
#11598 = CARTESIAN_POINT('',(77.65,-85.5,39.25));
#11599 = DIRECTION('',(1.,0.,0.));
#11600 = DIRECTION('',(0.,0.,1.));
#11601 = ADVANCED_FACE('',(#11602),#11613,.T.);
#11602 = FACE_BOUND('',#11603,.T.);
#11603 = EDGE_LOOP('',(#11604,#11610,#11611,#11612));
#11604 = ORIENTED_EDGE('',*,*,#11605,.F.);
#11605 = EDGE_CURVE('',#11509,#11583,#11606,.T.);
#11606 = LINE('',#11607,#11608);
#11607 = CARTESIAN_POINT('',(69.65,-60.5,39.25));
#11608 = VECTOR('',#11609,1.);
#11609 = DIRECTION('',(1.,0.,0.));
#11610 = ORIENTED_EDGE('',*,*,#11516,.T.);
#11611 = ORIENTED_EDGE('',*,*,#10894,.F.);
#11612 = ORIENTED_EDGE('',*,*,#11590,.F.);
#11613 = PLANE('',#11614);
#11614 = AXIS2_PLACEMENT_3D('',#11615,#11616,#11617);
#11615 = CARTESIAN_POINT('',(69.65,-60.5,39.25));
#11616 = DIRECTION('',(0.,1.,0.));
#11617 = DIRECTION('',(0.,0.,1.));
#11618 = ADVANCED_FACE('',(#11619,#11629),#11699,.F.);
#11619 = FACE_BOUND('',#11620,.F.);
#11620 = EDGE_LOOP('',(#11621,#11622,#11623,#11624,#11625,#11626,#11627,
    #11628));
#11621 = ORIENTED_EDGE('',*,*,#11538,.T.);
#11622 = ORIENTED_EDGE('',*,*,#11064,.T.);
#11623 = ORIENTED_EDGE('',*,*,#11185,.T.);
#11624 = ORIENTED_EDGE('',*,*,#11211,.T.);
#11625 = ORIENTED_EDGE('',*,*,#11260,.T.);
#11626 = ORIENTED_EDGE('',*,*,#11285,.T.);
#11627 = ORIENTED_EDGE('',*,*,#11464,.T.);
#11628 = ORIENTED_EDGE('',*,*,#11489,.T.);
#11629 = FACE_BOUND('',#11630,.F.);
#11630 = EDGE_LOOP('',(#11631,#11642,#11650,#11659,#11667,#11676,#11684,
    #11693));
#11631 = ORIENTED_EDGE('',*,*,#11632,.F.);
#11632 = EDGE_CURVE('',#11633,#11635,#11637,.T.);
#11633 = VERTEX_POINT('',#11634);
#11634 = CARTESIAN_POINT('',(68.2,-14.,36.25));
#11635 = VERTEX_POINT('',#11636);
#11636 = CARTESIAN_POINT('',(59.2,-5.,36.25));
#11637 = CIRCLE('',#11638,9.);
#11638 = AXIS2_PLACEMENT_3D('',#11639,#11640,#11641);
#11639 = CARTESIAN_POINT('',(59.2,-14.,36.25));
#11640 = DIRECTION('',(0.,-0.,1.));
#11641 = DIRECTION('',(1.,1.184237892933E-15,0.));
#11642 = ORIENTED_EDGE('',*,*,#11643,.F.);
#11643 = EDGE_CURVE('',#11644,#11633,#11646,.T.);
#11644 = VERTEX_POINT('',#11645);
#11645 = CARTESIAN_POINT('',(68.2,-132.,36.25));
#11646 = LINE('',#11647,#11648);
#11647 = CARTESIAN_POINT('',(68.2,-132.,36.25));
#11648 = VECTOR('',#11649,1.);
#11649 = DIRECTION('',(0.,1.,0.));
#11650 = ORIENTED_EDGE('',*,*,#11651,.F.);
#11651 = EDGE_CURVE('',#11652,#11644,#11654,.T.);
#11652 = VERTEX_POINT('',#11653);
#11653 = CARTESIAN_POINT('',(59.2,-141.,36.25));
#11654 = CIRCLE('',#11655,9.);
#11655 = AXIS2_PLACEMENT_3D('',#11656,#11657,#11658);
#11656 = CARTESIAN_POINT('',(59.2,-132.,36.25));
#11657 = DIRECTION('',(-0.,0.,1.));
#11658 = DIRECTION('',(2.368475785867E-15,-1.,0.));
#11659 = ORIENTED_EDGE('',*,*,#11660,.F.);
#11660 = EDGE_CURVE('',#11661,#11652,#11663,.T.);
#11661 = VERTEX_POINT('',#11662);
#11662 = CARTESIAN_POINT('',(-59.2,-141.,36.25));
#11663 = LINE('',#11664,#11665);
#11664 = CARTESIAN_POINT('',(-59.2,-141.,36.25));
#11665 = VECTOR('',#11666,1.);
#11666 = DIRECTION('',(1.,0.,0.));
#11667 = ORIENTED_EDGE('',*,*,#11668,.F.);
#11668 = EDGE_CURVE('',#11669,#11661,#11671,.T.);
#11669 = VERTEX_POINT('',#11670);
#11670 = CARTESIAN_POINT('',(-68.2,-132.,36.25));
#11671 = CIRCLE('',#11672,9.);
#11672 = AXIS2_PLACEMENT_3D('',#11673,#11674,#11675);
#11673 = CARTESIAN_POINT('',(-59.2,-132.,36.25));
#11674 = DIRECTION('',(0.,0.,1.));
#11675 = DIRECTION('',(-1.,0.,0.));
#11676 = ORIENTED_EDGE('',*,*,#11677,.F.);
#11677 = EDGE_CURVE('',#11678,#11669,#11680,.T.);
#11678 = VERTEX_POINT('',#11679);
#11679 = CARTESIAN_POINT('',(-68.2,-14.,36.25));
#11680 = LINE('',#11681,#11682);
#11681 = CARTESIAN_POINT('',(-68.2,-14.,36.25));
#11682 = VECTOR('',#11683,1.);
#11683 = DIRECTION('',(0.,-1.,0.));
#11684 = ORIENTED_EDGE('',*,*,#11685,.F.);
#11685 = EDGE_CURVE('',#11686,#11678,#11688,.T.);
#11686 = VERTEX_POINT('',#11687);
#11687 = CARTESIAN_POINT('',(-59.2,-5.,36.25));
#11688 = CIRCLE('',#11689,9.);
#11689 = AXIS2_PLACEMENT_3D('',#11690,#11691,#11692);
#11690 = CARTESIAN_POINT('',(-59.2,-14.,36.25));
#11691 = DIRECTION('',(0.,0.,1.));
#11692 = DIRECTION('',(-1.578983857245E-15,1.,0.));
#11693 = ORIENTED_EDGE('',*,*,#11694,.F.);
#11694 = EDGE_CURVE('',#11635,#11686,#11695,.T.);
#11695 = LINE('',#11696,#11697);
#11696 = CARTESIAN_POINT('',(59.2,-5.,36.25));
#11697 = VECTOR('',#11698,1.);
#11698 = DIRECTION('',(-1.,-1.500301384629E-17,0.));
#11699 = PLANE('',#11700);
#11700 = AXIS2_PLACEMENT_3D('',#11701,#11702,#11703);
#11701 = CARTESIAN_POINT('',(-3.382833234624E-15,-73.,36.25));
#11702 = DIRECTION('',(0.,0.,1.));
#11703 = DIRECTION('',(1.,0.,0.));
#11704 = ADVANCED_FACE('',(#11705),#11711,.F.);
#11705 = FACE_BOUND('',#11706,.F.);
#11706 = EDGE_LOOP('',(#11707,#11708,#11709,#11710));
#11707 = ORIENTED_EDGE('',*,*,#11169,.F.);
#11708 = ORIENTED_EDGE('',*,*,#11090,.T.);
#11709 = ORIENTED_EDGE('',*,*,#11121,.T.);
#11710 = ORIENTED_EDGE('',*,*,#11145,.F.);
#11711 = PLANE('',#11712);
#11712 = AXIS2_PLACEMENT_3D('',#11713,#11714,#11715);
#11713 = CARTESIAN_POINT('',(-12.5,-3.55,39.25));
#11714 = DIRECTION('',(0.,0.,1.));
#11715 = DIRECTION('',(1.,0.,0.));
#11716 = ADVANCED_FACE('',(#11717),#11723,.F.);
#11717 = FACE_BOUND('',#11718,.F.);
#11718 = EDGE_LOOP('',(#11719,#11720,#11721,#11722));
#11719 = ORIENTED_EDGE('',*,*,#11366,.F.);
#11720 = ORIENTED_EDGE('',*,*,#11382,.T.);
#11721 = ORIENTED_EDGE('',*,*,#11230,.T.);
#11722 = ORIENTED_EDGE('',*,*,#11334,.F.);
#11723 = PLANE('',#11724);
#11724 = AXIS2_PLACEMENT_3D('',#11725,#11726,#11727);
#11725 = CARTESIAN_POINT('',(-77.65,-85.5,39.25));
#11726 = DIRECTION('',(0.,0.,1.));
#11727 = DIRECTION('',(1.,0.,0.));
#11728 = ADVANCED_FACE('',(#11729),#11735,.F.);
#11729 = FACE_BOUND('',#11730,.F.);
#11730 = EDGE_LOOP('',(#11731,#11732,#11733,#11734));
#11731 = ORIENTED_EDGE('',*,*,#11407,.F.);
#11732 = ORIENTED_EDGE('',*,*,#11431,.T.);
#11733 = ORIENTED_EDGE('',*,*,#11448,.T.);
#11734 = ORIENTED_EDGE('',*,*,#11304,.F.);
#11735 = PLANE('',#11736);
#11736 = AXIS2_PLACEMENT_3D('',#11737,#11738,#11739);
#11737 = CARTESIAN_POINT('',(-12.5,-150.45,39.25));
#11738 = DIRECTION('',(0.,0.,1.));
#11739 = DIRECTION('',(1.,0.,0.));
#11740 = ADVANCED_FACE('',(#11741),#11747,.F.);
#11741 = FACE_BOUND('',#11742,.F.);
#11742 = EDGE_LOOP('',(#11743,#11744,#11745,#11746));
#11743 = ORIENTED_EDGE('',*,*,#11508,.F.);
#11744 = ORIENTED_EDGE('',*,*,#11557,.T.);
#11745 = ORIENTED_EDGE('',*,*,#11582,.T.);
#11746 = ORIENTED_EDGE('',*,*,#11605,.F.);
#11747 = PLANE('',#11748);
#11748 = AXIS2_PLACEMENT_3D('',#11749,#11750,#11751);
#11749 = CARTESIAN_POINT('',(69.65,-85.5,39.25));
#11750 = DIRECTION('',(0.,0.,1.));
#11751 = DIRECTION('',(1.,0.,0.));
#11752 = ADVANCED_FACE('',(#11753),#11825,.F.);
#11753 = FACE_BOUND('',#11754,.T.);
#11754 = EDGE_LOOP('',(#11755,#11756,#11764,#11819));
#11755 = ORIENTED_EDGE('',*,*,#11632,.F.);
#11756 = ORIENTED_EDGE('',*,*,#11757,.T.);
#11757 = EDGE_CURVE('',#11633,#11758,#11760,.T.);
#11758 = VERTEX_POINT('',#11759);
#11759 = CARTESIAN_POINT('',(68.2,-14.,61.640600800045));
#11760 = LINE('',#11761,#11762);
#11761 = CARTESIAN_POINT('',(68.2,-14.,36.25));
#11762 = VECTOR('',#11763,1.);
#11763 = DIRECTION('',(0.,0.,1.));
#11764 = ORIENTED_EDGE('',*,*,#11765,.F.);
#11765 = EDGE_CURVE('',#11766,#11758,#11768,.T.);
#11766 = VERTEX_POINT('',#11767);
#11767 = CARTESIAN_POINT('',(59.2,-5.,63.337645228638));
#11768 = B_SPLINE_CURVE_WITH_KNOTS('',7,(#11769,#11770,#11771,#11772,
    #11773,#11774,#11775,#11776,#11777,#11778,#11779,#11780,#11781,
    #11782,#11783,#11784,#11785,#11786,#11787,#11788,#11789,#11790,
    #11791,#11792,#11793,#11794,#11795,#11796,#11797,#11798,#11799,
    #11800,#11801,#11802,#11803,#11804,#11805,#11806,#11807,#11808,
    #11809,#11810,#11811,#11812,#11813,#11814,#11815,#11816,#11817,
    #11818),.UNSPECIFIED.,.F.,.F.,(8,6,6,6,6,6,6,6,8),(0.,
    9.642663004143E-02,0.159660653543,0.299967690741,0.417371246117,
    0.469648967925,0.549746312194,0.685838771063,1.),.UNSPECIFIED.);
#11769 = CARTESIAN_POINT('',(59.2,-5.,63.337645228638));
#11770 = CARTESIAN_POINT('',(59.391848369903,-5.,63.391500765111));
#11771 = CARTESIAN_POINT('',(59.584919716412,-5.004771163491,
    63.443150935633));
#11772 = CARTESIAN_POINT('',(59.77904244979,-5.014422827008,
    63.492519499829));
#11773 = CARTESIAN_POINT('',(59.974030420635,-5.029056035608,
    63.53953231824));
#11774 = CARTESIAN_POINT('',(60.16968276074,-5.048760666425,
    63.584118233983));
#11775 = CARTESIAN_POINT('',(60.365783723955,-5.073612552217,
    63.626209954405));
#11776 = CARTESIAN_POINT('',(60.690843185134,-5.123381877727,
    63.691670921742));
#11777 = CARTESIAN_POINT('',(60.819678126222,-5.145331919271,
    63.716497574888));
#11778 = CARTESIAN_POINT('',(60.948542236702,-5.169537697472,
    63.740207157881));
#11779 = CARTESIAN_POINT('',(61.07736857379,-5.196012670119,
    63.762783125773));
#11780 = CARTESIAN_POINT('',(61.206088365525,-5.224766784871,
    63.784210122977));
#11781 = CARTESIAN_POINT('',(61.334631010768,-5.255806479252,
    63.804473983259));
#11782 = CARTESIAN_POINT('',(61.747587608884,-5.363085078483,
    63.865914643691));
#11783 = CARTESIAN_POINT('',(62.031042425209,-5.448306871056,
    63.902480371192));
#11784 = CARTESIAN_POINT('',(62.312469926451,-5.544823486995,
    63.933112687128));
#11785 = CARTESIAN_POINT('',(62.591055407913,-5.652566130031,
    63.957707956369));
#11786 = CARTESIAN_POINT('',(62.865989587749,-5.771372321375,
    63.97620132909));
#11787 = CARTESIAN_POINT('',(63.136471915371,-5.900978402741,
    63.988567247028));
#11788 = CARTESIAN_POINT('',(63.62366147198,-6.15817573077,
    64.000059890047));
#11789 = CARTESIAN_POINT('',(63.841956454299,-6.282651483369,
    64.001018521355));
#11790 = CARTESIAN_POINT('',(64.056144727753,-6.414216000819,
    63.997710545388));
#11791 = CARTESIAN_POINT('',(64.265806927347,-6.552614368264,
    63.990166976711));
#11792 = CARTESIAN_POINT('',(64.470558807152,-6.697556451599,
    63.97843765367));
#11793 = CARTESIAN_POINT('',(64.670049842677,-6.84871933607,
    63.962589438398));
#11794 = CARTESIAN_POINT('',(64.950307404869,-7.075672630902,
    63.933849969257));
#11795 = CARTESIAN_POINT('',(65.035548010116,-7.146759909448,
    63.924194995421));
#11796 = CARTESIAN_POINT('',(65.119656367636,-7.218980949169,
    63.913746720124));
#11797 = CARTESIAN_POINT('',(65.202606891808,-7.292304493309,
    63.90251284118));
#11798 = CARTESIAN_POINT('',(65.284375692747,-7.366698679705,
    63.890501529416));
#11799 = CARTESIAN_POINT('',(65.364940576306,-7.442131040791,
    63.877721428674));
#11800 = CARTESIAN_POINT('',(65.565842591551,-7.63568221019,
    63.84343668431));
#11801 = CARTESIAN_POINT('',(65.684530225969,-7.755155927849,
    63.82090825735));
#11802 = CARTESIAN_POINT('',(65.800269778656,-7.876870836568,
    63.796629039393));
#11803 = CARTESIAN_POINT('',(65.912997320697,-8.000706842808,
    63.770633680763));
#11804 = CARTESIAN_POINT('',(66.022658405881,-8.126543158085,
    63.742958492833));
#11805 = CARTESIAN_POINT('',(66.129207313658,-8.254258877558,
    63.713641123217));
#11806 = CARTESIAN_POINT('',(66.40829028443,-8.6037224717,
    63.630182905329));
#11807 = CARTESIAN_POINT('',(66.574881647817,-8.828790791286,
    63.573015971236));
#11808 = CARTESIAN_POINT('',(66.732197205891,-9.058348625717,
    63.511409154412));
#11809 = CARTESIAN_POINT('',(66.880126570259,-9.29182067807,
    63.445557657791));
#11810 = CARTESIAN_POINT('',(67.018621412008,-9.528651608977,
    63.375658961559));
#11811 = CARTESIAN_POINT('',(67.147684733225,-9.768311399443,
    63.301909623201));
#11812 = CARTESIAN_POINT('',(67.543623589949,-10.56891844292,
    63.045811429515));
#11813 = CARTESIAN_POINT('',(67.769774448147,-11.1397750284,
    62.847682711182));
#11814 = CARTESIAN_POINT('',(67.946557320193,-11.71699688418,
    62.63241683427));
#11815 = CARTESIAN_POINT('',(68.075677039494,-12.29547036484,
    62.402190119691));
#11816 = CARTESIAN_POINT('',(68.159340764225,-12.87092356406,
    62.159005506534));
#11817 = CARTESIAN_POINT('',(68.2,-13.439949883,61.904653402476));
#11818 = CARTESIAN_POINT('',(68.2,-14.,61.640600800045));
#11819 = ORIENTED_EDGE('',*,*,#11820,.F.);
#11820 = EDGE_CURVE('',#11635,#11766,#11821,.T.);
#11821 = LINE('',#11822,#11823);
#11822 = CARTESIAN_POINT('',(59.2,-5.,36.25));
#11823 = VECTOR('',#11824,1.);
#11824 = DIRECTION('',(0.,0.,1.));
#11825 = CYLINDRICAL_SURFACE('',#11826,9.);
#11826 = AXIS2_PLACEMENT_3D('',#11827,#11828,#11829);
#11827 = CARTESIAN_POINT('',(59.2,-14.,36.25));
#11828 = DIRECTION('',(-0.,-0.,-1.));
#11829 = DIRECTION('',(1.,1.184237892933E-15,0.));
#11830 = ADVANCED_FACE('',(#11831),#11889,.T.);
#11831 = FACE_BOUND('',#11832,.T.);
#11832 = EDGE_LOOP('',(#11833,#11834,#11835,#11854,#11864,#11883));
#11833 = ORIENTED_EDGE('',*,*,#11694,.F.);
#11834 = ORIENTED_EDGE('',*,*,#11820,.T.);
#11835 = ORIENTED_EDGE('',*,*,#11836,.T.);
#11836 = EDGE_CURVE('',#11766,#11837,#11839,.T.);
#11837 = VERTEX_POINT('',#11838);
#11838 = CARTESIAN_POINT('',(45.462249932828,-5.,61.244181551483));
#11839 = B_SPLINE_CURVE_WITH_KNOTS('',7,(#11840,#11841,#11842,#11843,
    #11844,#11845,#11846,#11847,#11848,#11849,#11850,#11851,#11852,
    #11853),.UNSPECIFIED.,.F.,.F.,(8,6,8),(0.,0.534703902021,1.),
  .UNSPECIFIED.);
#11840 = CARTESIAN_POINT('',(59.2,-5.,63.337645228638));
#11841 = CARTESIAN_POINT('',(58.174898546569,-5.,63.049879485614));
#11842 = CARTESIAN_POINT('',(57.144232273289,-5.,62.782138158511));
#11843 = CARTESIAN_POINT('',(56.10835277239,-5.,62.53469087235));
#11844 = CARTESIAN_POINT('',(55.067636230701,-5.,62.308043589763));
#11845 = CARTESIAN_POINT('',(54.022475115703,-5.,62.102983747566));
#11846 = CARTESIAN_POINT('',(52.973266824568,-5.,61.920634815481));
#11847 = CARTESIAN_POINT('',(51.004132705486,-5.,61.62527482916));
#11848 = CARTESIAN_POINT('',(50.085266065385,-5.,61.506359849726));
#11849 = CARTESIAN_POINT('',(49.163865040494,-5.,61.407056740199));
#11850 = CARTESIAN_POINT('',(48.240244827952,-5.,61.328839261675));
#11851 = CARTESIAN_POINT('',(47.314928138691,-5.,61.273687652804));
#11852 = CARTESIAN_POINT('',(46.388637329801,-5.,61.244181551483));
#11853 = CARTESIAN_POINT('',(45.462249932828,-5.,61.244181551483));
#11854 = ORIENTED_EDGE('',*,*,#11855,.F.);
#11855 = EDGE_CURVE('',#11856,#11837,#11858,.T.);
#11856 = VERTEX_POINT('',#11857);
#11857 = CARTESIAN_POINT('',(-45.46224993282,-5.,61.244181551483));
#11858 = B_SPLINE_CURVE_WITH_KNOTS('',4,(#11859,#11860,#11861,#11862,
    #11863),.UNSPECIFIED.,.F.,.F.,(5,5),(0.,1.),
  .PIECEWISE_BEZIER_KNOTS.);
#11859 = CARTESIAN_POINT('',(-45.46224993282,-5.,61.244181551483));
#11860 = CARTESIAN_POINT('',(-22.73112496641,-5.,61.244181551483));
#11861 = CARTESIAN_POINT('',(2.273736754432E-13,-5.,61.244181551483));
#11862 = CARTESIAN_POINT('',(22.731124966414,-5.,61.244181551483));
#11863 = CARTESIAN_POINT('',(45.462249932828,-5.,61.244181551483));
#11864 = ORIENTED_EDGE('',*,*,#11865,.F.);
#11865 = EDGE_CURVE('',#11866,#11856,#11868,.T.);
#11866 = VERTEX_POINT('',#11867);
#11867 = CARTESIAN_POINT('',(-59.2,-5.,63.337645228638));
#11868 = B_SPLINE_CURVE_WITH_KNOTS('',7,(#11869,#11870,#11871,#11872,
    #11873,#11874,#11875,#11876,#11877,#11878,#11879,#11880,#11881,
    #11882),.UNSPECIFIED.,.F.,.F.,(8,6,8),(0.,0.534703902021,1.),
  .UNSPECIFIED.);
#11869 = CARTESIAN_POINT('',(-59.2,-5.,63.337645228638));
#11870 = CARTESIAN_POINT('',(-58.17489854657,-5.,63.049879485615));
#11871 = CARTESIAN_POINT('',(-57.14423227327,-5.,62.782138158508));
#11872 = CARTESIAN_POINT('',(-56.10835277241,-5.,62.534690872355));
#11873 = CARTESIAN_POINT('',(-55.06763623068,-5.,62.30804358976));
#11874 = CARTESIAN_POINT('',(-54.02247511571,-5.,62.102983747568));
#11875 = CARTESIAN_POINT('',(-52.97326682456,-5.,61.920634815481));
#11876 = CARTESIAN_POINT('',(-51.00413270549,-5.,61.625274829161));
#11877 = CARTESIAN_POINT('',(-50.08526606537,-5.,61.506359849725));
#11878 = CARTESIAN_POINT('',(-49.16386504051,-5.,61.407056740201));
#11879 = CARTESIAN_POINT('',(-48.24024482793,-5.,61.328839261674));
#11880 = CARTESIAN_POINT('',(-47.3149281387,-5.,61.273687652805));
#11881 = CARTESIAN_POINT('',(-46.38863732979,-5.,61.244181551483));
#11882 = CARTESIAN_POINT('',(-45.46224993282,-5.,61.244181551483));
#11883 = ORIENTED_EDGE('',*,*,#11884,.F.);
#11884 = EDGE_CURVE('',#11686,#11866,#11885,.T.);
#11885 = LINE('',#11886,#11887);
#11886 = CARTESIAN_POINT('',(-59.2,-5.,36.25));
#11887 = VECTOR('',#11888,1.);
#11888 = DIRECTION('',(0.,0.,1.));
#11889 = PLANE('',#11890);
#11890 = AXIS2_PLACEMENT_3D('',#11891,#11892,#11893);
#11891 = CARTESIAN_POINT('',(59.2,-5.,36.25));
#11892 = DIRECTION('',(1.500301384629E-17,-1.,0.));
#11893 = DIRECTION('',(-1.,-1.500301384629E-17,0.));
#11894 = ADVANCED_FACE('',(#11895),#11954,.F.);
#11895 = FACE_BOUND('',#11896,.T.);
#11896 = EDGE_LOOP('',(#11897,#11898,#11899,#11948));
#11897 = ORIENTED_EDGE('',*,*,#11685,.F.);
#11898 = ORIENTED_EDGE('',*,*,#11884,.T.);
#11899 = ORIENTED_EDGE('',*,*,#11900,.F.);
#11900 = EDGE_CURVE('',#11901,#11866,#11903,.T.);
#11901 = VERTEX_POINT('',#11902);
#11902 = CARTESIAN_POINT('',(-68.2,-14.,61.640600800045));
#11903 = B_SPLINE_CURVE_WITH_KNOTS('',7,(#11904,#11905,#11906,#11907,
    #11908,#11909,#11910,#11911,#11912,#11913,#11914,#11915,#11916,
    #11917,#11918,#11919,#11920,#11921,#11922,#11923,#11924,#11925,
    #11926,#11927,#11928,#11929,#11930,#11931,#11932,#11933,#11934,
    #11935,#11936,#11937,#11938,#11939,#11940,#11941,#11942,#11943,
    #11944,#11945,#11946,#11947),.UNSPECIFIED.,.F.,.F.,(8,6,6,6,6,6,6,8)
  ,(0.,0.311908928563,0.451269402104,0.531340409534,0.583610422449,
    0.70218929851,0.842687534712,1.),.UNSPECIFIED.);
#11904 = CARTESIAN_POINT('',(-68.2,-14.,61.640600800045));
#11905 = CARTESIAN_POINT('',(-68.2,-13.44396328033,61.902761164661));
#11906 = CARTESIAN_POINT('',(-68.15992142163,-12.87907899696,
    62.155359353166));
#11907 = CARTESIAN_POINT('',(-68.07746915211,-12.30784293604,
    62.396959297776));
#11908 = CARTESIAN_POINT('',(-67.95024535039,-11.73358246908,
    62.625811514621));
#11909 = CARTESIAN_POINT('',(-67.77608637597,-11.16046483267,
    62.839959340315));
#11910 = CARTESIAN_POINT('',(-67.55331238923,-10.5934749039,
    63.037277179431));
#11911 = CARTESIAN_POINT('',(-67.1595704333,-9.790303464255,
    63.295154019172));
#11912 = CARTESIAN_POINT('',(-67.0281353283,-9.544668565225,
    63.370971923902));
#11913 = CARTESIAN_POINT('',(-66.88681031124,-9.301967249839,
    63.442764155393));
#11914 = CARTESIAN_POINT('',(-66.73558975489,-9.062767528624,
    63.510319676048));
#11915 = CARTESIAN_POINT('',(-66.57452417444,-8.827665358632,
    63.573426361858));
#11916 = CARTESIAN_POINT('',(-66.4037322733,-8.597278624935,
    63.631874590845));
#11917 = CARTESIAN_POINT('',(-66.11980867128,-8.242943487707,
    63.716249362608));
#11918 = CARTESIAN_POINT('',(-66.0130588796,-8.115411242745,
    63.745432993286));
#11919 = CARTESIAN_POINT('',(-65.9032017644,-7.989764770009,
    63.772973146825));
#11920 = CARTESIAN_POINT('',(-65.79028344928,-7.866124875324,
    63.798832271971));
#11921 = CARTESIAN_POINT('',(-65.67435878509,-7.744612208814,
    63.822974167825));
#11922 = CARTESIAN_POINT('',(-65.55549210401,-7.62534668613,
    63.845364308738));
#11923 = CARTESIAN_POINT('',(-65.3542904516,-7.432135233097,
    63.879421587218));
#11924 = CARTESIAN_POINT('',(-65.27360082202,-7.356831466079,
    63.892112705877));
#11925 = CARTESIAN_POINT('',(-65.19170970534,-7.282568638271,
    63.904034442163));
#11926 = CARTESIAN_POINT('',(-65.1086394154,-7.209379165698,
    63.91517818882));
#11927 = CARTESIAN_POINT('',(-65.02441395956,-7.137294850782,
    63.925535814346));
#11928 = CARTESIAN_POINT('',(-64.93905903871,-7.066346882338,
    63.935099662994));
#11929 = CARTESIAN_POINT('',(-64.65646716413,-6.838261721364,
    63.963741904319));
#11930 = CARTESIAN_POINT('',(-64.45465400103,-6.685957769389,
    63.979499791303));
#11931 = CARTESIAN_POINT('',(-64.24749210689,-6.54001739933,
    63.991052117533));
#11932 = CARTESIAN_POINT('',(-64.03534444093,-6.400772095014,
    63.998330710401));
#11933 = CARTESIAN_POINT('',(-63.81860878052,-6.268518887584,
    64.001285198285));
#11934 = CARTESIAN_POINT('',(-63.59771912913,-6.143517838659,
    63.999884885952));
#11935 = CARTESIAN_POINT('',(-63.10706288028,-5.886736044863,
    63.987290848586));
#11936 = CARTESIAN_POINT('',(-62.83578440518,-5.757960142543,
    63.974334209837));
#11937 = CARTESIAN_POINT('',(-62.56010445686,-5.640036052089,
    63.955234700275));
#11938 = CARTESIAN_POINT('',(-62.28082849149,-5.533222219181,
    63.930020657121));
#11939 = CARTESIAN_POINT('',(-61.99876952193,-5.437675194236,
    63.898759849948));
#11940 = CARTESIAN_POINT('',(-61.71474474359,-5.353457432806,
    63.861558873034));
#11941 = CARTESIAN_POINT('',(-61.11027508645,-5.198894004169,
    63.770429721758));
#11942 = CARTESIAN_POINT('',(-60.78950508724,-5.131405980809,
    63.715027270338));
#11943 = CARTESIAN_POINT('',(-60.46839541965,-5.078033354167,
    63.652563333497));
#11944 = CARTESIAN_POINT('',(-60.14798708357,-5.038571906745,
    63.583290799366));
#11945 = CARTESIAN_POINT('',(-59.82922929873,-5.012697900466,
    63.507498976922));
#11946 = CARTESIAN_POINT('',(-59.51297884013,-5.,63.42550442363));
#11947 = CARTESIAN_POINT('',(-59.2,-5.,63.337645228638));
#11948 = ORIENTED_EDGE('',*,*,#11949,.F.);
#11949 = EDGE_CURVE('',#11678,#11901,#11950,.T.);
#11950 = LINE('',#11951,#11952);
#11951 = CARTESIAN_POINT('',(-68.2,-14.,36.25));
#11952 = VECTOR('',#11953,1.);
#11953 = DIRECTION('',(0.,0.,1.));
#11954 = CYLINDRICAL_SURFACE('',#11955,9.);
#11955 = AXIS2_PLACEMENT_3D('',#11956,#11957,#11958);
#11956 = CARTESIAN_POINT('',(-59.2,-14.,36.25));
#11957 = DIRECTION('',(-0.,-0.,-1.));
#11958 = DIRECTION('',(-1.578983857245E-15,1.,0.));
#11959 = ADVANCED_FACE('',(#11960),#12033,.T.);
#11960 = FACE_BOUND('',#11961,.T.);
#11961 = EDGE_LOOP('',(#11962,#11963,#11964,#11992,#12002,#12027));
#11962 = ORIENTED_EDGE('',*,*,#11677,.F.);
#11963 = ORIENTED_EDGE('',*,*,#11949,.T.);
#11964 = ORIENTED_EDGE('',*,*,#11965,.T.);
#11965 = EDGE_CURVE('',#11901,#11966,#11968,.T.);
#11966 = VERTEX_POINT('',#11967);
#11967 = CARTESIAN_POINT('',(-68.2,-37.43254491861,54.857332056576));
#11968 = B_SPLINE_CURVE_WITH_KNOTS('',8,(#11969,#11970,#11971,#11972,
    #11973,#11974,#11975,#11976,#11977,#11978,#11979,#11980,#11981,
    #11982,#11983,#11984,#11985,#11986,#11987,#11988,#11989,#11990,
    #11991),.UNSPECIFIED.,.F.,.F.,(9,7,7,9),(0.,0.192724219871,
    0.637080283383,1.),.UNSPECIFIED.);
#11969 = CARTESIAN_POINT('',(-68.2,-14.,61.640600800045));
#11970 = CARTESIAN_POINT('',(-68.2,-14.53424724061,61.388713745755));
#11971 = CARTESIAN_POINT('',(-68.2,-15.0705774055,61.141247185249));
#11972 = CARTESIAN_POINT('',(-68.2,-15.60893795775,60.898198969752));
#11973 = CARTESIAN_POINT('',(-68.2,-16.14927788522,60.659569314838));
#11974 = CARTESIAN_POINT('',(-68.2,-16.69154800844,60.425361511776));
#11975 = CARTESIAN_POINT('',(-68.2,-17.23570128843,60.195582638875));
#11976 = CARTESIAN_POINT('',(-68.2,-17.78169313456,59.970244272825));
#11977 = CARTESIAN_POINT('',(-68.2,-19.59249461355,59.240087074451));
#11978 = CARTESIAN_POINT('',(-68.2,-20.86496941056,58.754541948872));
#11979 = CARTESIAN_POINT('',(-68.2,-22.14648799625,58.292892545133));
#11980 = CARTESIAN_POINT('',(-68.2,-23.43662551276,57.855490585037));
#11981 = CARTESIAN_POINT('',(-68.2,-24.73497070855,57.442945595217));
#11982 = CARTESIAN_POINT('',(-68.2,-26.04113882859,57.056166042537));
#11983 = CARTESIAN_POINT('',(-68.2,-27.35481355276,56.696493531066));
#11984 = CARTESIAN_POINT('',(-68.2,-29.75479061394,56.096171339902));
#11985 = CARTESIAN_POINT('',(-68.2,-30.83825755289,55.845885908358));
#11986 = CARTESIAN_POINT('',(-68.2,-31.92648377175,55.616248354613));
#11987 = CARTESIAN_POINT('',(-68.2,-33.01947244239,55.408799813684));
#11988 = CARTESIAN_POINT('',(-68.2,-34.11700679596,55.22557645966));
#11989 = CARTESIAN_POINT('',(-68.2,-35.21870327672,55.069526385364));
#11990 = CARTESIAN_POINT('',(-68.2,-36.32401805123,54.944519562998));
#11991 = CARTESIAN_POINT('',(-68.2,-37.43254491861,54.857332056576));
#11992 = ORIENTED_EDGE('',*,*,#11993,.F.);
#11993 = EDGE_CURVE('',#11994,#11966,#11996,.T.);
#11994 = VERTEX_POINT('',#11995);
#11995 = CARTESIAN_POINT('',(-68.2,-113.2774591995,48.892001719874));
#11996 = B_SPLINE_CURVE_WITH_KNOTS('',4,(#11997,#11998,#11999,#12000,
    #12001),.UNSPECIFIED.,.F.,.F.,(5,5),(0.,1.),
  .PIECEWISE_BEZIER_KNOTS.);
#11997 = CARTESIAN_POINT('',(-68.2,-113.2774591995,48.892001719874));
#11998 = CARTESIAN_POINT('',(-68.2,-94.3162306293,50.38333430405));
#11999 = CARTESIAN_POINT('',(-68.2,-75.35500205907,51.874666888225));
#12000 = CARTESIAN_POINT('',(-68.2,-56.39377348884,53.3659994724));
#12001 = CARTESIAN_POINT('',(-68.2,-37.43254491861,54.857332056576));
#12002 = ORIENTED_EDGE('',*,*,#12003,.F.);
#12003 = EDGE_CURVE('',#12004,#11994,#12006,.T.);
#12004 = VERTEX_POINT('',#12005);
#12005 = CARTESIAN_POINT('',(-68.2,-132.,50.822534057558));
#12006 = B_SPLINE_CURVE_WITH_KNOTS('',7,(#12007,#12008,#12009,#12010,
    #12011,#12012,#12013,#12014,#12015,#12016,#12017,#12018,#12019,
    #12020,#12021,#12022,#12023,#12024,#12025,#12026),.UNSPECIFIED.,.F.,
  .F.,(8,6,6,8),(0.,0.242637224352,0.648609584067,1.),.UNSPECIFIED.);
#12007 = CARTESIAN_POINT('',(-68.2,-132.,50.822534057558));
#12008 = CARTESIAN_POINT('',(-68.2,-131.3660064354,50.656874455205));
#12009 = CARTESIAN_POINT('',(-68.2,-130.7300081192,50.498897733487));
#12010 = CARTESIAN_POINT('',(-68.2,-130.0921392958,50.348535070696));
#12011 = CARTESIAN_POINT('',(-68.2,-129.4525272448,50.20573591792));
#12012 = CARTESIAN_POINT('',(-68.2,-128.8112917883,50.070470335692));
#12013 = CARTESIAN_POINT('',(-68.2,-128.1685447981,49.94273133064));
#12014 = CARTESIAN_POINT('',(-68.2,-126.446611286,49.621432443423));
#12015 = CARTESIAN_POINT('',(-68.2,-125.3649424854,49.441459261011));
#12016 = CARTESIAN_POINT('',(-68.2,-124.2798109975,49.282691622478));
#12017 = CARTESIAN_POINT('',(-68.2,-123.1916725056,49.145430689076));
#12018 = CARTESIAN_POINT('',(-68.2,-122.1010065642,49.03024892161));
#12019 = CARTESIAN_POINT('',(-68.2,-121.0083105762,48.938041629319));
#12020 = CARTESIAN_POINT('',(-68.2,-118.9669511947,48.811616508864));
#12021 = CARTESIAN_POINT('',(-68.2,-118.0188228524,48.771277755481));
#12022 = CARTESIAN_POINT('',(-68.2,-117.0698853522,48.75019273283));
#12023 = CARTESIAN_POINT('',(-68.2,-116.1205472674,48.749632090208));
#12024 = CARTESIAN_POINT('',(-68.2,-115.1714326915,48.771337216313));
#12025 = CARTESIAN_POINT('',(-68.2,-114.2233808196,48.817603390205));
#12026 = CARTESIAN_POINT('',(-68.2,-113.2774591995,48.892001719874));
#12027 = ORIENTED_EDGE('',*,*,#12028,.F.);
#12028 = EDGE_CURVE('',#11669,#12004,#12029,.T.);
#12029 = LINE('',#12030,#12031);
#12030 = CARTESIAN_POINT('',(-68.2,-132.,36.25));
#12031 = VECTOR('',#12032,1.);
#12032 = DIRECTION('',(0.,0.,1.));
#12033 = PLANE('',#12034);
#12034 = AXIS2_PLACEMENT_3D('',#12035,#12036,#12037);
#12035 = CARTESIAN_POINT('',(-68.2,-14.,36.25));
#12036 = DIRECTION('',(1.,0.,0.));
#12037 = DIRECTION('',(0.,-1.,0.));
#12038 = ADVANCED_FACE('',(#12039),#12096,.F.);
#12039 = FACE_BOUND('',#12040,.T.);
#12040 = EDGE_LOOP('',(#12041,#12042,#12043,#12090));
#12041 = ORIENTED_EDGE('',*,*,#11668,.F.);
#12042 = ORIENTED_EDGE('',*,*,#12028,.T.);
#12043 = ORIENTED_EDGE('',*,*,#12044,.F.);
#12044 = EDGE_CURVE('',#12045,#12004,#12047,.T.);
#12045 = VERTEX_POINT('',#12046);
#12046 = CARTESIAN_POINT('',(-59.2,-141.,50.229592382058));
#12047 = B_SPLINE_CURVE_WITH_KNOTS('',6,(#12048,#12049,#12050,#12051,
    #12052,#12053,#12054,#12055,#12056,#12057,#12058,#12059,#12060,
    #12061,#12062,#12063,#12064,#12065,#12066,#12067,#12068,#12069,
    #12070,#12071,#12072,#12073,#12074,#12075,#12076,#12077,#12078,
    #12079,#12080,#12081,#12082,#12083,#12084,#12085,#12086,#12087,
    #12088,#12089),.UNSPECIFIED.,.F.,.F.,(7,5,5,5,5,5,5,5,7),(0.,
    0.214075161565,0.338248950503,0.418040113999,0.593272389413,
    0.727620628248,0.785605108854,0.867718487464,1.),.UNSPECIFIED.);
#12048 = CARTESIAN_POINT('',(-59.2,-141.,50.229592382058));
#12049 = CARTESIAN_POINT('',(-59.6711320885,-141.,50.385806372001));
#12050 = CARTESIAN_POINT('',(-60.14749747596,-140.9704048012,
    50.53406325095));
#12051 = CARTESIAN_POINT('',(-60.62682997755,-140.9099803257,
    50.673593778528));
#12052 = CARTESIAN_POINT('',(-61.10649716544,-140.8176943403,
    50.803639538441));
#12053 = CARTESIAN_POINT('',(-61.58351186237,-140.6928469426,
    50.923465764795));
#12054 = CARTESIAN_POINT('',(-62.32780842969,-140.4439222863,
    51.095543428439));
#12055 = CARTESIAN_POINT('',(-62.59904477391,-140.3415386481,
    51.155041190518));
#12056 = CARTESIAN_POINT('',(-62.86763373239,-140.22812855,
    51.210728670661));
#12057 = CARTESIAN_POINT('',(-63.13290727798,-140.1037261843,
    51.262476192995));
#12058 = CARTESIAN_POINT('',(-63.39418156572,-139.9684369287,
    51.31016217994));
#12059 = CARTESIAN_POINT('',(-63.81563522678,-139.7286411792,
    51.381633535047));
#12060 = CARTESIAN_POINT('',(-63.97857135207,-139.6304149496,
    51.40786981037));
#12061 = CARTESIAN_POINT('',(-64.13938706667,-139.5278205298,
    51.432352950955));
#12062 = CARTESIAN_POINT('',(-64.29789975593,-139.4209204279,
    51.455055176512));
#12063 = CARTESIAN_POINT('',(-64.45392859662,-139.3097908562,
    51.475950837877));
#12064 = CARTESIAN_POINT('',(-64.94410934145,-138.9413783715,
    51.536887416663));
#12065 = CARTESIAN_POINT('',(-65.26811228064,-138.6682525087,
    51.56993596327));
#12066 = CARTESIAN_POINT('',(-65.57736369641,-138.3761384157,
    51.593905845714));
#12067 = CARTESIAN_POINT('',(-65.87010827003,-138.0663102993,
    51.608617927588));
#12068 = CARTESIAN_POINT('',(-66.14476852641,-137.7403088727,
    51.613949034869));
#12069 = CARTESIAN_POINT('',(-66.59568580012,-137.1390854147,
    51.606745663481));
#12070 = CARTESIAN_POINT('',(-66.77996677433,-136.8697395893,
    51.598088840869));
#12071 = CARTESIAN_POINT('',(-66.95224480606,-136.5927881305,
    51.583887912742));
#12072 = CARTESIAN_POINT('',(-67.11203860873,-136.3091085018,
    51.564158258875));
#12073 = CARTESIAN_POINT('',(-67.25898070408,-136.0196231245,
    51.538946044788));
#12074 = CARTESIAN_POINT('',(-67.45057417371,-135.5982633626,
    51.495116605154));
#12075 = CARTESIAN_POINT('',(-67.50589443427,-135.4703279675,
    51.480896202555));
#12076 = CARTESIAN_POINT('',(-67.55875324331,-135.3415649689,
    51.465675337259));
#12077 = CARTESIAN_POINT('',(-67.60913461827,-135.212050538,
    51.44946125615));
#12078 = CARTESIAN_POINT('',(-67.65702669459,-135.0818607943,
    51.432262215377));
#12079 = CARTESIAN_POINT('',(-67.76670684716,-134.7658580082,
    51.388349750484));
#12080 = CARTESIAN_POINT('',(-67.82598452066,-134.5794416808,
    51.360655243535));
#12081 = CARTESIAN_POINT('',(-67.88023224057,-134.3920390912,
    51.33103034071));
#12082 = CARTESIAN_POINT('',(-67.92944437283,-134.2038624269,
    51.299505029569));
#12083 = CARTESIAN_POINT('',(-67.97363042872,-134.0151193139,
    51.266112798141));
#12084 = CARTESIAN_POINT('',(-68.07593550852,-133.5213682293,
    51.174148800591));
#12085 = CARTESIAN_POINT('',(-68.12607420618,-133.2157758193,
    51.112657005912));
#12086 = CARTESIAN_POINT('',(-68.16332539767,-132.9100840157,
    51.04656965209));
#12087 = CARTESIAN_POINT('',(-68.1878796382,-132.6050821835,
    50.976059465621));
#12088 = CARTESIAN_POINT('',(-68.2,-132.3014987813,50.901314302375));
#12089 = CARTESIAN_POINT('',(-68.2,-132.,50.822534057558));
#12090 = ORIENTED_EDGE('',*,*,#12091,.F.);
#12091 = EDGE_CURVE('',#11661,#12045,#12092,.T.);
#12092 = LINE('',#12093,#12094);
#12093 = CARTESIAN_POINT('',(-59.2,-141.,36.25));
#12094 = VECTOR('',#12095,1.);
#12095 = DIRECTION('',(0.,0.,1.));
#12096 = CYLINDRICAL_SURFACE('',#12097,9.);
#12097 = AXIS2_PLACEMENT_3D('',#12098,#12099,#12100);
#12098 = CARTESIAN_POINT('',(-59.2,-132.,36.25));
#12099 = DIRECTION('',(-0.,-0.,-1.));
#12100 = DIRECTION('',(-1.,0.,0.));
#12101 = ADVANCED_FACE('',(#12102),#12178,.T.);
#12102 = FACE_BOUND('',#12103,.T.);
#12103 = EDGE_LOOP('',(#12104,#12105,#12106,#12134,#12144,#12172));
#12104 = ORIENTED_EDGE('',*,*,#11660,.F.);
#12105 = ORIENTED_EDGE('',*,*,#12091,.T.);
#12106 = ORIENTED_EDGE('',*,*,#12107,.T.);
#12107 = EDGE_CURVE('',#12045,#12108,#12110,.T.);
#12108 = VERTEX_POINT('',#12109);
#12109 = CARTESIAN_POINT('',(-41.0214387132,-141.,46.952255899284));
#12110 = B_SPLINE_CURVE_WITH_KNOTS('',8,(#12111,#12112,#12113,#12114,
    #12115,#12116,#12117,#12118,#12119,#12120,#12121,#12122,#12123,
    #12124,#12125,#12126,#12127,#12128,#12129,#12130,#12131,#12132,
    #12133),.UNSPECIFIED.,.F.,.F.,(9,7,7,9),(0.,0.147782846352,
    0.609381315302,1.),.UNSPECIFIED.);
#12111 = CARTESIAN_POINT('',(-59.2,-141.,50.229592382058));
#12112 = CARTESIAN_POINT('',(-58.87480985133,-141.,50.121768585184));
#12113 = CARTESIAN_POINT('',(-58.54901573188,-141.,50.015767393671));
#12114 = CARTESIAN_POINT('',(-58.22263186602,-141.,49.911585409741));
#12115 = CARTESIAN_POINT('',(-57.89567197272,-141.,49.809220571572));
#12116 = CARTESIAN_POINT('',(-57.56814926547,-141.,49.708672153291));
#12117 = CARTESIAN_POINT('',(-57.24007645233,-141.,49.609940764981));
#12118 = CARTESIAN_POINT('',(-56.91146573592,-141.,49.513028352677));
#12119 = CARTESIAN_POINT('',(-55.55427242347,-141.,49.120924906735));
#12120 = CARTESIAN_POINT('',(-54.5211372418,-141.,48.841706347082));
#12121 = CARTESIAN_POINT('',(-53.48321601919,-141.,48.580366209207));
#12122 = CARTESIAN_POINT('',(-52.4408091228,-141.,48.337149677875));
#12123 = CARTESIAN_POINT('',(-51.39421947998,-141.,48.112491304298));
#12124 = CARTESIAN_POINT('',(-50.34374739349,-141.,47.907040321328));
#12125 = CARTESIAN_POINT('',(-49.2896751905,-141.,47.721733819562));
#12126 = CARTESIAN_POINT('',(-47.33739074829,-141.,47.419384747306));
#12127 = CARTESIAN_POINT('',(-46.44033664606,-141.,47.296258295581));
#12128 = CARTESIAN_POINT('',(-45.54106060499,-141.,47.189399468995));
#12129 = CARTESIAN_POINT('',(-44.6397068611,-141.,47.099904098661));
#12130 = CARTESIAN_POINT('',(-43.73656965888,-141.,47.029190183326));
#12131 = CARTESIAN_POINT('',(-42.83208501611,-141.,46.979149546221));
#12132 = CARTESIAN_POINT('',(-41.9268226042,-141.,46.952255899284));
#12133 = CARTESIAN_POINT('',(-41.0214387132,-141.,46.952255899284));
#12134 = ORIENTED_EDGE('',*,*,#12135,.F.);
#12135 = EDGE_CURVE('',#12136,#12108,#12138,.T.);
#12136 = VERTEX_POINT('',#12137);
#12137 = CARTESIAN_POINT('',(41.021438713204,-141.,46.952255899284));
#12138 = B_SPLINE_CURVE_WITH_KNOTS('',4,(#12139,#12140,#12141,#12142,
    #12143),.UNSPECIFIED.,.F.,.F.,(5,5),(0.,1.),
  .PIECEWISE_BEZIER_KNOTS.);
#12139 = CARTESIAN_POINT('',(41.021438713204,-141.,46.952255899284));
#12140 = CARTESIAN_POINT('',(20.510719356602,-141.,46.952255899284));
#12141 = CARTESIAN_POINT('',(-3.765876499529E-13,-141.,46.952255899284)
  );
#12142 = CARTESIAN_POINT('',(-20.5107193566,-141.,46.952255899284));
#12143 = CARTESIAN_POINT('',(-41.0214387132,-141.,46.952255899284));
#12144 = ORIENTED_EDGE('',*,*,#12145,.F.);
#12145 = EDGE_CURVE('',#12146,#12136,#12148,.T.);
#12146 = VERTEX_POINT('',#12147);
#12147 = CARTESIAN_POINT('',(59.2,-141.,50.229592382058));
#12148 = B_SPLINE_CURVE_WITH_KNOTS('',8,(#12149,#12150,#12151,#12152,
    #12153,#12154,#12155,#12156,#12157,#12158,#12159,#12160,#12161,
    #12162,#12163,#12164,#12165,#12166,#12167,#12168,#12169,#12170,
    #12171),.UNSPECIFIED.,.F.,.F.,(9,7,7,9),(0.,0.147782846351,
    0.609381315302,1.),.UNSPECIFIED.);
#12149 = CARTESIAN_POINT('',(59.2,-141.,50.229592382058));
#12150 = CARTESIAN_POINT('',(58.874809851339,-141.,50.121768585184));
#12151 = CARTESIAN_POINT('',(58.549015731881,-141.,50.01576739367));
#12152 = CARTESIAN_POINT('',(58.222631866025,-141.,49.911585409741));
#12153 = CARTESIAN_POINT('',(57.895671972721,-141.,49.809220571572));
#12154 = CARTESIAN_POINT('',(57.568149265473,-141.,49.708672153291));
#12155 = CARTESIAN_POINT('',(57.240076452338,-141.,49.609940764981));
#12156 = CARTESIAN_POINT('',(56.911465735925,-141.,49.513028352677));
#12157 = CARTESIAN_POINT('',(55.554272423467,-141.,49.120924906734));
#12158 = CARTESIAN_POINT('',(54.521137241815,-141.,48.841706347083));
#12159 = CARTESIAN_POINT('',(53.483216019184,-141.,48.580366209205));
#12160 = CARTESIAN_POINT('',(52.440809122805,-141.,48.337149677874));
#12161 = CARTESIAN_POINT('',(51.39421947999,-141.,48.112491304299));
#12162 = CARTESIAN_POINT('',(50.343747393488,-141.,47.907040321327));
#12163 = CARTESIAN_POINT('',(49.289675190511,-141.,47.721733819562));
#12164 = CARTESIAN_POINT('',(47.337390748289,-141.,47.419384747306));
#12165 = CARTESIAN_POINT('',(46.440336646081,-141.,47.296258295584));
#12166 = CARTESIAN_POINT('',(45.541060604952,-141.,47.189399468987));
#12167 = CARTESIAN_POINT('',(44.639706861154,-141.,47.09990409867));
#12168 = CARTESIAN_POINT('',(43.736569658845,-141.,47.02919018332));
#12169 = CARTESIAN_POINT('',(42.83208501613,-141.,46.979149546222));
#12170 = CARTESIAN_POINT('',(41.926822604206,-141.,46.952255899284));
#12171 = CARTESIAN_POINT('',(41.021438713204,-141.,46.952255899284));
#12172 = ORIENTED_EDGE('',*,*,#12173,.F.);
#12173 = EDGE_CURVE('',#11652,#12146,#12174,.T.);
#12174 = LINE('',#12175,#12176);
#12175 = CARTESIAN_POINT('',(59.2,-141.,36.25));
#12176 = VECTOR('',#12177,1.);
#12177 = DIRECTION('',(0.,0.,1.));
#12178 = PLANE('',#12179);
#12179 = AXIS2_PLACEMENT_3D('',#12180,#12181,#12182);
#12180 = CARTESIAN_POINT('',(-59.2,-141.,36.25));
#12181 = DIRECTION('',(0.,1.,0.));
#12182 = DIRECTION('',(1.,0.,0.));
#12183 = ADVANCED_FACE('',(#12184),#12241,.F.);
#12184 = FACE_BOUND('',#12185,.T.);
#12185 = EDGE_LOOP('',(#12186,#12187,#12188,#12235));
#12186 = ORIENTED_EDGE('',*,*,#11651,.F.);
#12187 = ORIENTED_EDGE('',*,*,#12173,.T.);
#12188 = ORIENTED_EDGE('',*,*,#12189,.F.);
#12189 = EDGE_CURVE('',#12190,#12146,#12192,.T.);
#12190 = VERTEX_POINT('',#12191);
#12191 = CARTESIAN_POINT('',(68.2,-132.,50.822534057558));
#12192 = B_SPLINE_CURVE_WITH_KNOTS('',6,(#12193,#12194,#12195,#12196,
    #12197,#12198,#12199,#12200,#12201,#12202,#12203,#12204,#12205,
    #12206,#12207,#12208,#12209,#12210,#12211,#12212,#12213,#12214,
    #12215,#12216,#12217,#12218,#12219,#12220,#12221,#12222,#12223,
    #12224,#12225,#12226,#12227,#12228,#12229,#12230,#12231,#12232,
    #12233,#12234),.UNSPECIFIED.,.F.,.F.,(7,5,5,5,5,5,5,5,7),(0.,
    0.128873060182,0.211285181654,0.269416241385,0.406931998155,
    0.581158744028,0.660913079635,0.784975795983,1.),.UNSPECIFIED.);
#12193 = CARTESIAN_POINT('',(68.2,-132.,50.822534057558));
#12194 = CARTESIAN_POINT('',(68.2,-132.2937304276,50.899284467288));
#12195 = CARTESIAN_POINT('',(68.188496188286,-132.5894390733,
    50.972204957164));
#12196 = CARTESIAN_POINT('',(68.165198664829,-132.8865103558,
    51.041110817385));
#12197 = CARTESIAN_POINT('',(68.129862953099,-133.1842723543,
    51.105828081949));
#12198 = CARTESIAN_POINT('',(68.082309411249,-133.4819979201,
    51.166196268137));
#12199 = CARTESIAN_POINT('',(67.984158867413,-133.9687733012,
    51.25780212716));
#12200 = CARTESIAN_POINT('',(67.940839492933,-134.158307903,
    51.291695920962));
#12201 = CARTESIAN_POINT('',(67.892459610352,-134.347305658,
    51.323714828755));
#12202 = CARTESIAN_POINT('',(67.839007800066,-134.5355573358,
    51.353824585955));
#12203 = CARTESIAN_POINT('',(67.780487908516,-134.7228488938,
    51.381994446478));
#12204 = CARTESIAN_POINT('',(67.672082493496,-135.0402405785,
    51.426680008849));
#12205 = CARTESIAN_POINT('',(67.624732866985,-135.1709332412,
    51.444184093768));
#12206 = CARTESIAN_POINT('',(67.574879094653,-135.3009633907,
    51.460700059938));
#12207 = CARTESIAN_POINT('',(67.522532478614,-135.4302543684,
    51.476219430409));
#12208 = CARTESIAN_POINT('',(67.467708473244,-135.5587294128,
    51.490734743287));
#12209 = CARTESIAN_POINT('',(67.274919978941,-135.9881222436,
    51.536186740759));
#12210 = CARTESIAN_POINT('',(67.125654490145,-136.2849469482,
    51.562479910103));
#12211 = CARTESIAN_POINT('',(66.962899261747,-136.5757513452,
    51.583032044428));
#12212 = CARTESIAN_POINT('',(66.787042899375,-136.8595445745,
    51.597792258101));
#12213 = CARTESIAN_POINT('',(66.598599152453,-137.1353844419,
    51.606743471372));
#12214 = CARTESIAN_POINT('',(66.144330932878,-137.7406579788,
    51.613899386722));
#12215 = CARTESIAN_POINT('',(65.87125144786,-138.0647780132,
    51.608598029749));
#12216 = CARTESIAN_POINT('',(65.580293920471,-138.3729132427,
    51.594023412283));
#12217 = CARTESIAN_POINT('',(65.273007813198,-138.6635486554,
    51.570296231264));
#12218 = CARTESIAN_POINT('',(64.951117021865,-138.9354293308,
    51.537592031482));
#12219 = CARTESIAN_POINT('',(64.463365813162,-139.3029967316,
    51.477196954578));
#12220 = CARTESIAN_POINT('',(64.307536876727,-139.4142880385,
    51.456402680893));
#12221 = CARTESIAN_POINT('',(64.149219070468,-139.5213570432,
    51.433802494913));
#12222 = CARTESIAN_POINT('',(63.988592892491,-139.6241272166,
    51.409421942307));
#12223 = CARTESIAN_POINT('',(63.825840669915,-139.7225357129,
    51.383288702417));
#12224 = CARTESIAN_POINT('',(63.404953086338,-139.9627497651,
    51.312100398987));
#12225 = CARTESIAN_POINT('',(63.14405668477,-140.0982930744,
    51.264598539843));
#12226 = CARTESIAN_POINT('',(62.879149023101,-140.2229725788,
    51.213039089133));
#12227 = CARTESIAN_POINT('',(62.610912360449,-140.3366816072,
    51.15754311291));
#12228 = CARTESIAN_POINT('',(62.340013393231,-140.439384541,
    51.098239782669));
#12229 = CARTESIAN_POINT('',(61.594083333896,-140.690073574,
    50.926119444355));
#12230 = CARTESIAN_POINT('',(61.115002083481,-140.8160542545,
    50.805944228195));
#12231 = CARTESIAN_POINT('',(60.633204458058,-140.9091749622,
    50.675448779777));
#12232 = CARTESIAN_POINT('',(60.151720655817,-140.9701418884,
    50.535377434395));
#12233 = CARTESIAN_POINT('',(59.673220177109,-141.,50.386498722745));
#12234 = CARTESIAN_POINT('',(59.2,-141.,50.229592382058));
#12235 = ORIENTED_EDGE('',*,*,#12236,.F.);
#12236 = EDGE_CURVE('',#11644,#12190,#12237,.T.);
#12237 = LINE('',#12238,#12239);
#12238 = CARTESIAN_POINT('',(68.2,-132.,36.25));
#12239 = VECTOR('',#12240,1.);
#12240 = DIRECTION('',(0.,0.,1.));
#12241 = CYLINDRICAL_SURFACE('',#12242,9.);
#12242 = AXIS2_PLACEMENT_3D('',#12243,#12244,#12245);
#12243 = CARTESIAN_POINT('',(59.2,-132.,36.25));
#12244 = DIRECTION('',(-0.,-0.,-1.));
#12245 = DIRECTION('',(2.368475785867E-15,-1.,0.));
#12246 = ADVANCED_FACE('',(#12247),#12313,.T.);
#12247 = FACE_BOUND('',#12248,.T.);
#12248 = EDGE_LOOP('',(#12249,#12250,#12251,#12276,#12286,#12312));
#12249 = ORIENTED_EDGE('',*,*,#11643,.F.);
#12250 = ORIENTED_EDGE('',*,*,#12236,.T.);
#12251 = ORIENTED_EDGE('',*,*,#12252,.T.);
#12252 = EDGE_CURVE('',#12190,#12253,#12255,.T.);
#12253 = VERTEX_POINT('',#12254);
#12254 = CARTESIAN_POINT('',(68.2,-113.2774591995,48.892001719874));
#12255 = B_SPLINE_CURVE_WITH_KNOTS('',7,(#12256,#12257,#12258,#12259,
    #12260,#12261,#12262,#12263,#12264,#12265,#12266,#12267,#12268,
    #12269,#12270,#12271,#12272,#12273,#12274,#12275),.UNSPECIFIED.,.F.,
  .F.,(8,6,6,8),(0.,0.242637224351,0.648609584066,1.),.UNSPECIFIED.);
#12256 = CARTESIAN_POINT('',(68.2,-132.,50.822534057558));
#12257 = CARTESIAN_POINT('',(68.2,-131.3660064354,50.656874455205));
#12258 = CARTESIAN_POINT('',(68.2,-130.7300081192,50.498897733487));
#12259 = CARTESIAN_POINT('',(68.2,-130.0921392958,50.348535070696));
#12260 = CARTESIAN_POINT('',(68.2,-129.4525272448,50.20573591792));
#12261 = CARTESIAN_POINT('',(68.2,-128.8112917883,50.070470335692));
#12262 = CARTESIAN_POINT('',(68.2,-128.1685447981,49.942731330639));
#12263 = CARTESIAN_POINT('',(68.2,-126.446611286,49.621432443423));
#12264 = CARTESIAN_POINT('',(68.2,-125.3649424854,49.441459261012));
#12265 = CARTESIAN_POINT('',(68.2,-124.2798109975,49.282691622476));
#12266 = CARTESIAN_POINT('',(68.2,-123.1916725057,49.145430689077));
#12267 = CARTESIAN_POINT('',(68.2,-122.1010065642,49.03024892161));
#12268 = CARTESIAN_POINT('',(68.2,-121.0083105762,48.938041629319));
#12269 = CARTESIAN_POINT('',(68.2,-118.9669511947,48.811616508864));
#12270 = CARTESIAN_POINT('',(68.2,-118.0188228524,48.771277755482));
#12271 = CARTESIAN_POINT('',(68.2,-117.0698853522,48.75019273283));
#12272 = CARTESIAN_POINT('',(68.2,-116.1205472675,48.749632090208));
#12273 = CARTESIAN_POINT('',(68.2,-115.1714326915,48.771337216314));
#12274 = CARTESIAN_POINT('',(68.2,-114.2233808196,48.817603390205));
#12275 = CARTESIAN_POINT('',(68.2,-113.2774591995,48.892001719874));
#12276 = ORIENTED_EDGE('',*,*,#12277,.F.);
#12277 = EDGE_CURVE('',#12278,#12253,#12280,.T.);
#12278 = VERTEX_POINT('',#12279);
#12279 = CARTESIAN_POINT('',(68.2,-37.43254491861,54.857332056576));
#12280 = B_SPLINE_CURVE_WITH_KNOTS('',4,(#12281,#12282,#12283,#12284,
    #12285),.UNSPECIFIED.,.F.,.F.,(5,5),(0.,1.),
  .PIECEWISE_BEZIER_KNOTS.);
#12281 = CARTESIAN_POINT('',(68.2,-37.43254491861,54.857332056576));
#12282 = CARTESIAN_POINT('',(68.2,-56.39377348884,53.3659994724));
#12283 = CARTESIAN_POINT('',(68.2,-75.35500205907,51.874666888225));
#12284 = CARTESIAN_POINT('',(68.2,-94.3162306293,50.38333430405));
#12285 = CARTESIAN_POINT('',(68.2,-113.2774591995,48.892001719874));
#12286 = ORIENTED_EDGE('',*,*,#12287,.F.);
#12287 = EDGE_CURVE('',#11758,#12278,#12288,.T.);
#12288 = B_SPLINE_CURVE_WITH_KNOTS('',8,(#12289,#12290,#12291,#12292,
    #12293,#12294,#12295,#12296,#12297,#12298,#12299,#12300,#12301,
    #12302,#12303,#12304,#12305,#12306,#12307,#12308,#12309,#12310,
    #12311),.UNSPECIFIED.,.F.,.F.,(9,7,7,9),(0.,0.192724219871,
    0.637080283381,1.),.UNSPECIFIED.);
#12289 = CARTESIAN_POINT('',(68.2,-14.,61.640600800045));
#12290 = CARTESIAN_POINT('',(68.2,-14.53424724061,61.388713745755));
#12291 = CARTESIAN_POINT('',(68.2,-15.0705774055,61.141247185249));
#12292 = CARTESIAN_POINT('',(68.2,-15.60893795775,60.898198969752));
#12293 = CARTESIAN_POINT('',(68.2,-16.14927788522,60.659569314838));
#12294 = CARTESIAN_POINT('',(68.2,-16.69154800844,60.425361511776));
#12295 = CARTESIAN_POINT('',(68.2,-17.23570128844,60.195582638875));
#12296 = CARTESIAN_POINT('',(68.2,-17.78169313456,59.970244272825));
#12297 = CARTESIAN_POINT('',(68.2,-19.59249461355,59.240087074451));
#12298 = CARTESIAN_POINT('',(68.2,-20.86496941056,58.754541948873));
#12299 = CARTESIAN_POINT('',(68.2,-22.14648799626,58.292892545131));
#12300 = CARTESIAN_POINT('',(68.2,-23.43662551276,57.855490585037));
#12301 = CARTESIAN_POINT('',(68.2,-24.73497070855,57.442945595218));
#12302 = CARTESIAN_POINT('',(68.2,-26.0411388286,57.056166042534));
#12303 = CARTESIAN_POINT('',(68.2,-27.35481355276,56.696493531066));
#12304 = CARTESIAN_POINT('',(68.2,-29.75479061395,56.096171339899));
#12305 = CARTESIAN_POINT('',(68.2,-30.83825755285,55.845885908365));
#12306 = CARTESIAN_POINT('',(68.2,-31.92648377183,55.616248354603));
#12307 = CARTESIAN_POINT('',(68.2,-33.01947244229,55.408799813692));
#12308 = CARTESIAN_POINT('',(68.2,-34.11700679604,55.225576459655));
#12309 = CARTESIAN_POINT('',(68.2,-35.21870327668,55.069526385366));
#12310 = CARTESIAN_POINT('',(68.2,-36.32401805124,54.944519562998));
#12311 = CARTESIAN_POINT('',(68.2,-37.43254491861,54.857332056576));
#12312 = ORIENTED_EDGE('',*,*,#11757,.F.);
#12313 = PLANE('',#12314);
#12314 = AXIS2_PLACEMENT_3D('',#12315,#12316,#12317);
#12315 = CARTESIAN_POINT('',(68.2,-132.,36.25));
#12316 = DIRECTION('',(-1.,0.,0.));
#12317 = DIRECTION('',(0.,1.,0.));
#12318 = ADVANCED_FACE('',(#12319),#12370,.F.);
#12319 = FACE_BOUND('',#12320,.F.);
#12320 = EDGE_LOOP('',(#12321,#12338,#12339,#12340,#12341,#12358));
#12321 = ORIENTED_EDGE('',*,*,#12322,.F.);
#12322 = EDGE_CURVE('',#12278,#12323,#12325,.T.);
#12323 = VERTEX_POINT('',#12324);
#12324 = CARTESIAN_POINT('',(14.176261060145,-76.2209115258,
    31.958006328627));
#12325 = ( BOUNDED_CURVE() B_SPLINE_CURVE(5,(#12326,#12327,#12328,#12329
    ,#12330,#12331,#12332,#12333,#12334,#12335,#12336,#12337),
.UNSPECIFIED.,.F.,.F.) B_SPLINE_CURVE_WITH_KNOTS((6,3,3,6),(0.,
0.159756403183,0.498579743718,1.),.UNSPECIFIED.) CURVE() 
GEOMETRIC_REPRESENTATION_ITEM() RATIONAL_B_SPLINE_CURVE((1.,1.,1.,1.,1.,
1.,1.,1.,1.,1.,1.,1.)) REPRESENTATION_ITEM('') );
#12326 = CARTESIAN_POINT('',(86.7,-14.84770519288,86.839217371496));
#12327 = CARTESIAN_POINT('',(88.601487031606,-9.457286208991,
    82.59836054167));
#12328 = CARTESIAN_POINT('',(86.841721711151,-14.57598403263,
    79.802066084676));
#12329 = CARTESIAN_POINT('',(85.893720405702,-16.05665315723,
    76.685474625941));
#12330 = CARTESIAN_POINT('',(81.366908874257,-23.2310058477,
    67.776759225609));
#12331 = CARTESIAN_POINT('',(74.919821073484,-30.50714933367,
    60.380710680109));
#12332 = CARTESIAN_POINT('',(70.079959771269,-35.63127423473,
    55.993073982018));
#12333 = CARTESIAN_POINT('',(57.443488655887,-48.41136378321,
    46.288053436805));
#12334 = CARTESIAN_POINT('',(43.329680320926,-61.55518724536,
    39.314459194863));
#12335 = CARTESIAN_POINT('',(36.003752764829,-71.79702957194,
    36.146930119169));
#12336 = CARTESIAN_POINT('',(25.269784720792,-77.25450014645,
    32.910313378605));
#12337 = CARTESIAN_POINT('',(14.176261060145,-76.2209115258,
    31.958006328627));
#12338 = ORIENTED_EDGE('',*,*,#12287,.F.);
#12339 = ORIENTED_EDGE('',*,*,#11765,.F.);
#12340 = ORIENTED_EDGE('',*,*,#11836,.T.);
#12341 = ORIENTED_EDGE('',*,*,#12342,.T.);
#12342 = EDGE_CURVE('',#11837,#12343,#12345,.T.);
#12343 = VERTEX_POINT('',#12344);
#12344 = CARTESIAN_POINT('',(1.587608529757,-63.67101652348,
    32.945076722068));
#12345 = ( BOUNDED_CURVE() B_SPLINE_CURVE(5,(#12346,#12347,#12348,#12349
    ,#12350,#12351,#12352,#12353,#12354,#12355,#12356,#12357),
.UNSPECIFIED.,.F.,.F.) B_SPLINE_CURVE_WITH_KNOTS((6,3,3,6),(0.,
0.159756403183,0.498579743718,1.),.UNSPECIFIED.) CURVE() 
GEOMETRIC_REPRESENTATION_ITEM() RATIONAL_B_SPLINE_CURVE((1.,1.,1.,1.,1.,
1.,1.,1.,1.,1.,1.,1.)) REPRESENTATION_ITEM('') );
#12346 = CARTESIAN_POINT('',(59.2,12.567628714436,88.995479588925));
#12347 = CARTESIAN_POINT('',(61.100436600153,17.959094895752,
    84.754705122942));
#12348 = CARTESIAN_POINT('',(59.34291812442,12.838157144891,
    81.958234491897));
#12349 = CARTESIAN_POINT('',(58.392992509166,11.359406405592,
    78.8417939174));
#12350 = CARTESIAN_POINT('',(53.868953541675,4.182289687243,
    69.932861121616));
#12351 = CARTESIAN_POINT('',(47.415412165184,-3.087420092055,
    62.537318597989));
#12352 = CARTESIAN_POINT('',(42.597304275237,-8.233231431697,
    58.147976224954));
#12353 = CARTESIAN_POINT('',(29.849096277488,-20.90192810963,
    48.45171691675));
#12354 = CARTESIAN_POINT('',(16.180325555371,-34.48941901751,
    41.443227482446));
#12355 = CARTESIAN_POINT('',(5.644780812831,-41.53152582114,
    38.527362998446));
#12356 = CARTESIAN_POINT('',(7.008789981089E-03,-52.06950241667,
    34.891155896677));
#12357 = CARTESIAN_POINT('',(1.587608529757,-63.67101652348,
    32.945076722068));
#12358 = ORIENTED_EDGE('',*,*,#12359,.F.);
#12359 = EDGE_CURVE('',#12323,#12343,#12360,.T.);
#12360 = B_SPLINE_CURVE_WITH_KNOTS('',8,(#12361,#12362,#12363,#12364,
    #12365,#12366,#12367,#12368,#12369),.UNSPECIFIED.,.F.,.F.,(9,9),(0.,
    1.),.PIECEWISE_BEZIER_KNOTS.);
#12361 = CARTESIAN_POINT('',(14.176261060145,-76.2209115258,
    31.958006328627));
#12362 = CARTESIAN_POINT('',(14.176261060145,-73.75674540439,
    32.151817147165));
#12363 = CARTESIAN_POINT('',(13.621595097698,-71.29257850732,
    32.34562802671));
#12364 = CARTESIAN_POINT('',(12.512268620606,-68.97318107244,
    32.52805254406));
#12365 = CARTESIAN_POINT('',(10.893880136317,-66.94329176122,
    32.68770675955));
#12366 = CARTESIAN_POINT('',(8.857721968502,-65.329885918,
    32.814603848342));
#12367 = CARTESIAN_POINT('',(6.531161596312,-64.22397479866,
    32.901585621773));
#12368 = CARTESIAN_POINT('',(4.059384674011,-63.67101652348,
    32.945076722068));
#12369 = CARTESIAN_POINT('',(1.587608529757,-63.67101652348,
    32.945076722068));
#12370 = ( BOUNDED_SURFACE() B_SPLINE_SURFACE(8,5,(
    (#12371,#12372,#12373,#12374,#12375,#12376,#12377,#12378,#12379
      ,#12380,#12381,#12382)
    ,(#12383,#12384,#12385,#12386,#12387,#12388,#12389,#12390,#12391
      ,#12392,#12393,#12394)
    ,(#12395,#12396,#12397,#12398,#12399,#12400,#12401,#12402,#12403
      ,#12404,#12405,#12406)
    ,(#12407,#12408,#12409,#12410,#12411,#12412,#12413,#12414,#12415
      ,#12416,#12417,#12418)
    ,(#12419,#12420,#12421,#12422,#12423,#12424,#12425,#12426,#12427
      ,#12428,#12429,#12430)
    ,(#12431,#12432,#12433,#12434,#12435,#12436,#12437,#12438,#12439
      ,#12440,#12441,#12442)
    ,(#12443,#12444,#12445,#12446,#12447,#12448,#12449,#12450,#12451
      ,#12452,#12453,#12454)
    ,(#12455,#12456,#12457,#12458,#12459,#12460,#12461,#12462,#12463
      ,#12464,#12465,#12466)
    ,(#12467,#12468,#12469,#12470,#12471,#12472,#12473,#12474,#12475
      ,#12476,#12477,#12478
)),.UNSPECIFIED.,.F.,.F.,.F.) B_SPLINE_SURFACE_WITH_KNOTS((9,9),(6,3,3,6
    ),(0.,1.),(0.,0.159756403183,0.498579743718,1.),.UNSPECIFIED.) 
GEOMETRIC_REPRESENTATION_ITEM() RATIONAL_B_SPLINE_SURFACE((
    (1.,1.,1.,1.,1.,1.,1.,1.,1.,1.,1.,1.)
    ,(1.,1.,1.,1.,1.,1.,1.,1.,1.,1.,1.,1.)
    ,(1.,1.,1.,1.,1.,1.,1.,1.,1.,1.,1.,1.)
    ,(1.,1.,1.,1.,1.,1.,1.,1.,1.,1.,1.,1.)
    ,(1.,1.,1.,1.,1.,1.,1.,1.,1.,1.,1.,1.)
    ,(1.,1.,1.,1.,1.,1.,1.,1.,1.,1.,1.,1.)
    ,(1.,1.,1.,1.,1.,1.,1.,1.,1.,1.,1.,1.)
    ,(1.,1.,1.,1.,1.,1.,1.,1.,1.,1.,1.,1.)
,(1.,1.,1.,1.,1.,1.,1.,1.,1.,1.,1.,1.
))) REPRESENTATION_ITEM('') SURFACE() );
#12371 = CARTESIAN_POINT('',(86.7,-14.84770519288,86.839217371496));
#12372 = CARTESIAN_POINT('',(88.601487031606,-9.457286208991,
    82.59836054167));
#12373 = CARTESIAN_POINT('',(86.841721711151,-14.57598403263,
    79.802066084676));
#12374 = CARTESIAN_POINT('',(85.893720405702,-16.05665315723,
    76.685474625941));
#12375 = CARTESIAN_POINT('',(81.366908874257,-23.2310058477,
    67.776759225609));
#12376 = CARTESIAN_POINT('',(74.919821073484,-30.50714933367,
    60.380710680109));
#12377 = CARTESIAN_POINT('',(70.079959771269,-35.63127423473,
    55.993073982018));
#12378 = CARTESIAN_POINT('',(57.443488655887,-48.41136378321,
    46.288053436805));
#12379 = CARTESIAN_POINT('',(43.329680320926,-61.55518724536,
    39.314459194863));
#12380 = CARTESIAN_POINT('',(36.003752764829,-71.79702957194,
    36.146930119169));
#12381 = CARTESIAN_POINT('',(25.269784720792,-77.25450014645,
    32.910313378605));
#12382 = CARTESIAN_POINT('',(14.176261060145,-76.2209115258,
    31.958006328627));
#12383 = CARTESIAN_POINT('',(86.7,-9.464716967947,87.262598467839));
#12384 = CARTESIAN_POINT('',(88.601487031614,-4.074092367322,
    83.021757810119));
#12385 = CARTESIAN_POINT('',(86.841721711144,-9.193229999646,
    80.225428761425));
#12386 = CARTESIAN_POINT('',(85.893720405703,-10.67352245017,
    77.108866928745));
#12387 = CARTESIAN_POINT('',(81.366908874254,-17.84841785625,
    68.200108842913));
#12388 = CARTESIAN_POINT('',(74.919821073486,-25.12329808686,
    60.804159654578));
#12389 = CARTESIAN_POINT('',(70.079959771269,-30.25168111018,
    56.416188047994));
#12390 = CARTESIAN_POINT('',(57.443488655885,-43.00989871967,
    46.712887767645));
#12391 = CARTESIAN_POINT('',(43.329680320927,-56.24083608109,
    39.732441870704));
#12392 = CARTESIAN_POINT('',(36.003752764828,-65.85441180689,
    36.614327022039));
#12393 = CARTESIAN_POINT('',(25.269784720792,-72.30943740592,
    33.299250897523));
#12394 = CARTESIAN_POINT('',(14.176261060145,-73.75674540439,
    32.151817147165));
#12395 = CARTESIAN_POINT('',(85.488328303568,-4.081727048596,
    87.685979697451));
#12396 = CARTESIAN_POINT('',(87.389769052323,1.309103168826,
    83.445155211831));
#12397 = CARTESIAN_POINT('',(85.630102729644,-3.810474272314,
    80.648791571447));
#12398 = CARTESIAN_POINT('',(84.68201663757,-5.290390048655,
    77.532259364816));
#12399 = CARTESIAN_POINT('',(80.155327267491,-12.4658281705,
    68.623458593482));
#12400 = CARTESIAN_POINT('',(73.707955117065,-19.73944514537,
    61.227608762333));
#12401 = CARTESIAN_POINT('',(68.869052287362,-24.87208629228,
    56.839302247152));
#12402 = CARTESIAN_POINT('',(56.227657956794,-37.60843195591,
    47.137722232215));
#12403 = CARTESIAN_POINT('',(42.133458330163,-50.926483244,
    40.150424678112));
#12404 = CARTESIAN_POINT('',(34.666112508574,-59.91179217128,
    37.081724072034));
#12405 = CARTESIAN_POINT('',(24.156686881931,-67.36437310881,
    33.688188538867));
#12406 = CARTESIAN_POINT('',(13.621595097698,-71.29257850732,
    32.34562802671));
#12407 = CARTESIAN_POINT('',(83.064996811463,0.98501296231,
    88.084487338759));
#12408 = CARTESIAN_POINT('',(84.966344995061,6.376036716574,
    83.843678075159));
#12409 = CARTESIAN_POINT('',(83.206876666788,1.256045305317,
    81.047281875287));
#12410 = CARTESIAN_POINT('',(82.258621002407,-0.223515926386,
    77.930777554216));
#12411 = CARTESIAN_POINT('',(77.732175953792,-7.399464879535,
    69.021936605121));
#12412 = CARTESIAN_POINT('',(71.284235106944,-14.67189281475,
    61.626180293962));
#12413 = CARTESIAN_POINT('',(66.447249212811,-19.8085419211,
    57.237558546013));
#12414 = CARTESIAN_POINT('',(53.79600850021,-32.52430061262,
    47.537597731117));
#12415 = CARTESIAN_POINT('',(39.74102609767,-45.92434789633,
    40.543851053777));
#12416 = CARTESIAN_POINT('',(31.990845134067,-54.31830061203,
    37.521661610397));
#12417 = CARTESIAN_POINT('',(21.930502136794,-62.7098306508,
    34.054276147926));
#12418 = CARTESIAN_POINT('',(12.512268620606,-68.97318107244,
    32.52805254406));
#12419 = CARTESIAN_POINT('',(79.529615783948,5.419320440732,
    88.433253095487));
#12420 = CARTESIAN_POINT('',(81.430828924692,10.810513574486,
    84.192457153834));
#12421 = CARTESIAN_POINT('',(79.671649449435,5.690159865039,
    81.396032458667));
#12422 = CARTESIAN_POINT('',(78.723146396986,4.210908923567,
    78.279552542402));
#12423 = CARTESIAN_POINT('',(74.197057787358,-2.965487098715,
    69.370676430595));
#12424 = CARTESIAN_POINT('',(67.748287273169,-10.23687441069,
    61.975001966178));
#12425 = CARTESIAN_POINT('',(62.914097982766,-15.37703120135,
    57.586104332958));
#12426 = CARTESIAN_POINT('',(50.248492453639,-28.07477259495,
    47.887560608917));
#12427 = CARTESIAN_POINT('',(36.250723779585,-41.54658110101,
    40.888169790486));
#12428 = CARTESIAN_POINT('',(28.08791664481,-49.42299092607,
    37.906685967718));
#12429 = CARTESIAN_POINT('',(18.682737092147,-58.63627006042,
    34.374668553912));
#12430 = CARTESIAN_POINT('',(10.893880136317,-66.94329176122,
    32.68770675955));
#12431 = CARTESIAN_POINT('',(75.081613944213,8.943816853787,
    88.710460678539));
#12432 = CARTESIAN_POINT('',(76.982657182469,14.335144614523,
    84.469675325567));
#12433 = CARTESIAN_POINT('',(75.223841124105,9.214502941573,
    81.673227981502));
#12434 = CARTESIAN_POINT('',(74.275026823272,7.735498626392,
    78.556767462864));
#12435 = CARTESIAN_POINT('',(69.749386663375,0.558747262597,
    69.647863402814));
#12436 = CARTESIAN_POINT('',(63.299572312311,-6.711812936496,
    62.252253992256));
#12437 = CARTESIAN_POINT('',(58.46890153886,-11.85475772073,
    57.863137078621));
#12438 = CARTESIAN_POINT('',(45.785223069455,-24.53817852375,
    48.165719693172));
#12439 = CARTESIAN_POINT('',(31.859437236131,-38.06702461054,
    41.161842772876));
#12440 = CARTESIAN_POINT('',(23.177488895929,-45.5320786443,
    38.212712776408));
#12441 = CARTESIAN_POINT('',(14.596596226057,-55.39850412761,
    34.629324301431));
#12442 = CARTESIAN_POINT('',(8.857721968502,-65.329885918,
    32.814603848342));
#12443 = CARTESIAN_POINT('',(69.999226446366,11.359687472845,
    88.900472974417));
#12444 = CARTESIAN_POINT('',(71.900075550038,16.751107513815,
    84.659694879407));
#12445 = CARTESIAN_POINT('',(70.141674740332,11.630268455915,
    81.863232010752));
#12446 = CARTESIAN_POINT('',(69.192504799874,10.151433191046,
    78.746784788162));
#12447 = CARTESIAN_POINT('',(64.667377048907,2.974438257946,
    69.837861571002));
#12448 = CARTESIAN_POINT('',(58.216369986052,-4.295554995543,
    62.442296751643));
#12449 = CARTESIAN_POINT('',(53.389719549753,-9.440410813591,
    58.053029531997));
#12450 = CARTESIAN_POINT('',(40.68539053,-22.11401554928,48.356384196775
    ));
#12451 = CARTESIAN_POINT('',(26.8418539185,-35.68195811947,
    41.349432272182));
#12452 = CARTESIAN_POINT('',(17.566723096041,-42.86504779471,
    38.422479247713));
#12453 = CARTESIAN_POINT('',(9.927679260554,-53.17917328663,
    34.803878412524));
#12454 = CARTESIAN_POINT('',(6.531161596312,-64.22397479866,
    32.901585621773));
#12455 = CARTESIAN_POINT('',(64.599612373357,12.567628714436,
    88.995479588926));
#12456 = CARTESIAN_POINT('',(66.500255225252,17.959094895752,
    84.754705122951));
#12457 = CARTESIAN_POINT('',(64.742295582574,12.838157144891,
    81.95823449189));
#12458 = CARTESIAN_POINT('',(63.792747804676,11.359406405592,
    78.841793917402));
#12459 = CARTESIAN_POINT('',(59.26816444552,4.182289687243,
    69.932861121614));
#12460 = CARTESIAN_POINT('',(52.815890225665,-3.087420092055,
    62.537318597992));
#12461 = CARTESIAN_POINT('',(47.993511063202,-8.233231431697,
    58.147976224952));
#12462 = CARTESIAN_POINT('',(35.267242551005,-20.90192810963,
    48.451716916753));
#12463 = CARTESIAN_POINT('',(21.511088897942,-34.48941901751,
    41.443227482443));
#12464 = CARTESIAN_POINT('',(11.605751016267,-41.53152582114,
    38.52736299845));
#12465 = CARTESIAN_POINT('',(4.967343244574,-52.06950241667,
    34.891155896675));
#12466 = CARTESIAN_POINT('',(4.059384674011,-63.67101652348,
    32.945076722068));
#12467 = CARTESIAN_POINT('',(59.2,12.567628714436,88.995479588925));
#12468 = CARTESIAN_POINT('',(61.100436600153,17.959094895752,
    84.754705122942));
#12469 = CARTESIAN_POINT('',(59.34291812442,12.838157144891,
    81.958234491897));
#12470 = CARTESIAN_POINT('',(58.392992509166,11.359406405592,
    78.8417939174));
#12471 = CARTESIAN_POINT('',(53.868953541675,4.182289687243,
    69.932861121616));
#12472 = CARTESIAN_POINT('',(47.415412165184,-3.087420092055,
    62.537318597989));
#12473 = CARTESIAN_POINT('',(42.597304275237,-8.233231431697,
    58.147976224954));
#12474 = CARTESIAN_POINT('',(29.849096277488,-20.90192810963,
    48.45171691675));
#12475 = CARTESIAN_POINT('',(16.180325555371,-34.48941901751,
    41.443227482446));
#12476 = CARTESIAN_POINT('',(5.644780812831,-41.53152582114,
    38.527362998446));
#12477 = CARTESIAN_POINT('',(7.008789981089E-03,-52.06950241667,
    34.891155896677));
#12478 = CARTESIAN_POINT('',(1.587608529757,-63.67101652348,
    32.945076722068));
#12479 = ADVANCED_FACE('',(#12480),#12531,.F.);
#12480 = FACE_BOUND('',#12481,.F.);
#12481 = EDGE_LOOP('',(#12482,#12483,#12500,#12514,#12529,#12530));
#12482 = ORIENTED_EDGE('',*,*,#11965,.T.);
#12483 = ORIENTED_EDGE('',*,*,#12484,.T.);
#12484 = EDGE_CURVE('',#11966,#12485,#12487,.T.);
#12485 = VERTEX_POINT('',#12486);
#12486 = CARTESIAN_POINT('',(-14.17626106014,-76.2209115258,
    31.958006328627));
#12487 = ( BOUNDED_CURVE() B_SPLINE_CURVE(5,(#12488,#12489,#12490,#12491
    ,#12492,#12493,#12494,#12495,#12496,#12497,#12498,#12499),
.UNSPECIFIED.,.F.,.F.) B_SPLINE_CURVE_WITH_KNOTS((6,3,3,6),(0.,
0.159756403183,0.498579743718,1.),.UNSPECIFIED.) CURVE() 
GEOMETRIC_REPRESENTATION_ITEM() RATIONAL_B_SPLINE_CURVE((1.,1.,1.,1.,1.,
1.,1.,1.,1.,1.,1.,1.)) REPRESENTATION_ITEM('') );
#12488 = CARTESIAN_POINT('',(-86.7,-14.84770519288,86.839217371496));
#12489 = CARTESIAN_POINT('',(-88.6014870316,-9.45728620899,
    82.59836054167));
#12490 = CARTESIAN_POINT('',(-86.84172171114,-14.57598403263,
    79.802066084676));
#12491 = CARTESIAN_POINT('',(-85.8937204057,-16.05665315723,
    76.685474625941));
#12492 = CARTESIAN_POINT('',(-81.36690887425,-23.2310058477,
    67.776759225609));
#12493 = CARTESIAN_POINT('',(-74.91982107348,-30.50714933367,
    60.380710680109));
#12494 = CARTESIAN_POINT('',(-70.07995977126,-35.63127423473,
    55.993073982018));
#12495 = CARTESIAN_POINT('',(-57.44348865588,-48.4113637832,
    46.288053436805));
#12496 = CARTESIAN_POINT('',(-43.32968032092,-61.55518724536,
    39.314459194863));
#12497 = CARTESIAN_POINT('',(-36.00375276483,-71.79702957194,
    36.146930119169));
#12498 = CARTESIAN_POINT('',(-25.26978472079,-77.25450014645,
    32.910313378605));
#12499 = CARTESIAN_POINT('',(-14.17626106014,-76.2209115258,
    31.958006328627));
#12500 = ORIENTED_EDGE('',*,*,#12501,.F.);
#12501 = EDGE_CURVE('',#12502,#12485,#12504,.T.);
#12502 = VERTEX_POINT('',#12503);
#12503 = CARTESIAN_POINT('',(-1.587608529757,-63.67101652348,
    32.945076722068));
#12504 = B_SPLINE_CURVE_WITH_KNOTS('',8,(#12505,#12506,#12507,#12508,
    #12509,#12510,#12511,#12512,#12513),.UNSPECIFIED.,.F.,.F.,(9,9),(2.,
    3.),.PIECEWISE_BEZIER_KNOTS.);
#12505 = CARTESIAN_POINT('',(-1.587608529757,-63.67101652348,
    32.945076722068));
#12506 = CARTESIAN_POINT('',(-4.059384674011,-63.67101652348,
    32.945076722068));
#12507 = CARTESIAN_POINT('',(-6.531161596312,-64.22397479866,
    32.901585621773));
#12508 = CARTESIAN_POINT('',(-8.857721968502,-65.329885918,
    32.814603848342));
#12509 = CARTESIAN_POINT('',(-10.89388013631,-66.94329176121,
    32.68770675955));
#12510 = CARTESIAN_POINT('',(-12.5122686206,-68.97318107245,
    32.52805254406));
#12511 = CARTESIAN_POINT('',(-13.62159509769,-71.29257850732,
    32.34562802671));
#12512 = CARTESIAN_POINT('',(-14.17626106014,-73.75674540439,
    32.151817147165));
#12513 = CARTESIAN_POINT('',(-14.17626106014,-76.2209115258,
    31.958006328627));
#12514 = ORIENTED_EDGE('',*,*,#12515,.F.);
#12515 = EDGE_CURVE('',#11856,#12502,#12516,.T.);
#12516 = ( BOUNDED_CURVE() B_SPLINE_CURVE(5,(#12517,#12518,#12519,#12520
    ,#12521,#12522,#12523,#12524,#12525,#12526,#12527,#12528),
.UNSPECIFIED.,.F.,.F.) B_SPLINE_CURVE_WITH_KNOTS((6,3,3,6),(0.,
0.159756403183,0.498579743718,1.),.UNSPECIFIED.) CURVE() 
GEOMETRIC_REPRESENTATION_ITEM() RATIONAL_B_SPLINE_CURVE((1.,1.,1.,1.,1.,
1.,1.,1.,1.,1.,1.,1.)) REPRESENTATION_ITEM('') );
#12517 = CARTESIAN_POINT('',(-59.2,12.567628714436,88.995479588925));
#12518 = CARTESIAN_POINT('',(-61.10043660015,17.959094895752,
    84.754705122942));
#12519 = CARTESIAN_POINT('',(-59.34291812441,12.838157144891,
    81.958234491897));
#12520 = CARTESIAN_POINT('',(-58.39299250916,11.359406405592,
    78.8417939174));
#12521 = CARTESIAN_POINT('',(-53.86895354167,4.182289687243,
    69.932861121616));
#12522 = CARTESIAN_POINT('',(-47.41541216518,-3.087420092055,
    62.537318597989));
#12523 = CARTESIAN_POINT('',(-42.59730427523,-8.233231431697,
    58.147976224954));
#12524 = CARTESIAN_POINT('',(-29.84909627748,-20.90192810963,
    48.45171691675));
#12525 = CARTESIAN_POINT('',(-16.18032555537,-34.48941901751,
    41.443227482447));
#12526 = CARTESIAN_POINT('',(-5.644780812831,-41.53152582114,
    38.527362998446));
#12527 = CARTESIAN_POINT('',(-7.008789981052E-03,-52.06950241667,
    34.891155896677));
#12528 = CARTESIAN_POINT('',(-1.587608529757,-63.67101652348,
    32.945076722068));
#12529 = ORIENTED_EDGE('',*,*,#11865,.F.);
#12530 = ORIENTED_EDGE('',*,*,#11900,.F.);
#12531 = ( BOUNDED_SURFACE() B_SPLINE_SURFACE(8,5,(
    (#12532,#12533,#12534,#12535,#12536,#12537,#12538,#12539,#12540
      ,#12541,#12542,#12543)
    ,(#12544,#12545,#12546,#12547,#12548,#12549,#12550,#12551,#12552
      ,#12553,#12554,#12555)
    ,(#12556,#12557,#12558,#12559,#12560,#12561,#12562,#12563,#12564
      ,#12565,#12566,#12567)
    ,(#12568,#12569,#12570,#12571,#12572,#12573,#12574,#12575,#12576
      ,#12577,#12578,#12579)
    ,(#12580,#12581,#12582,#12583,#12584,#12585,#12586,#12587,#12588
      ,#12589,#12590,#12591)
    ,(#12592,#12593,#12594,#12595,#12596,#12597,#12598,#12599,#12600
      ,#12601,#12602,#12603)
    ,(#12604,#12605,#12606,#12607,#12608,#12609,#12610,#12611,#12612
      ,#12613,#12614,#12615)
    ,(#12616,#12617,#12618,#12619,#12620,#12621,#12622,#12623,#12624
      ,#12625,#12626,#12627)
    ,(#12628,#12629,#12630,#12631,#12632,#12633,#12634,#12635,#12636
      ,#12637,#12638,#12639
)),.UNSPECIFIED.,.F.,.F.,.F.) B_SPLINE_SURFACE_WITH_KNOTS((9,9),(6,3,3,6
    ),(2.,3.),(0.,0.159756403183,0.498579743718,1.),.UNSPECIFIED.) 
GEOMETRIC_REPRESENTATION_ITEM() RATIONAL_B_SPLINE_SURFACE((
    (1.,1.,1.,1.,1.,1.,1.,1.,1.,1.,1.,1.)
    ,(1.,1.,1.,1.,1.,1.,1.,1.,1.,1.,1.,1.)
    ,(1.,1.,1.,1.,1.,1.,1.,1.,1.,1.,1.,1.)
    ,(1.,1.,1.,1.,1.,1.,1.,1.,1.,1.,1.,1.)
    ,(1.,1.,1.,1.,1.,1.,1.,1.,1.,1.,1.,1.)
    ,(1.,1.,1.,1.,1.,1.,1.,1.,1.,1.,1.,1.)
    ,(1.,1.,1.,1.,1.,1.,1.,1.,1.,1.,1.,1.)
    ,(1.,1.,1.,1.,1.,1.,1.,1.,1.,1.,1.,1.)
,(1.,1.,1.,1.,1.,1.,1.,1.,1.,1.,1.,1.
))) REPRESENTATION_ITEM('') SURFACE() );
#12532 = CARTESIAN_POINT('',(-59.2,12.567628714436,88.995479588925));
#12533 = CARTESIAN_POINT('',(-61.10043660015,17.959094895752,
    84.754705122942));
#12534 = CARTESIAN_POINT('',(-59.34291812441,12.838157144891,
    81.958234491897));
#12535 = CARTESIAN_POINT('',(-58.39299250916,11.359406405592,
    78.8417939174));
#12536 = CARTESIAN_POINT('',(-53.86895354167,4.182289687243,
    69.932861121616));
#12537 = CARTESIAN_POINT('',(-47.41541216518,-3.087420092055,
    62.537318597989));
#12538 = CARTESIAN_POINT('',(-42.59730427523,-8.233231431697,
    58.147976224954));
#12539 = CARTESIAN_POINT('',(-29.84909627748,-20.90192810963,
    48.45171691675));
#12540 = CARTESIAN_POINT('',(-16.18032555537,-34.48941901751,
    41.443227482447));
#12541 = CARTESIAN_POINT('',(-5.644780812831,-41.53152582114,
    38.527362998446));
#12542 = CARTESIAN_POINT('',(-7.008789981052E-03,-52.06950241667,
    34.891155896677));
#12543 = CARTESIAN_POINT('',(-1.587608529757,-63.67101652348,
    32.945076722068));
#12544 = CARTESIAN_POINT('',(-64.59961237335,12.567628714436,
    88.995479588926));
#12545 = CARTESIAN_POINT('',(-66.50025522525,17.959094895751,
    84.754705122945));
#12546 = CARTESIAN_POINT('',(-64.74229558257,12.838157144891,
    81.958234491894));
#12547 = CARTESIAN_POINT('',(-63.79274780467,11.359406405592,
    78.841793917401));
#12548 = CARTESIAN_POINT('',(-59.26816444552,4.182289687243,
    69.932861121615));
#12549 = CARTESIAN_POINT('',(-52.81589022566,-3.087420092055,
    62.537318597991));
#12550 = CARTESIAN_POINT('',(-47.9935110632,-8.233231431697,
    58.147976224952));
#12551 = CARTESIAN_POINT('',(-35.267242551,-20.90192810963,
    48.451716916753));
#12552 = CARTESIAN_POINT('',(-21.51108889794,-34.48941901751,
    41.443227482443));
#12553 = CARTESIAN_POINT('',(-11.60575101626,-41.53152582114,
    38.52736299845));
#12554 = CARTESIAN_POINT('',(-4.967343244574,-52.06950241667,
    34.891155896675));
#12555 = CARTESIAN_POINT('',(-4.059384674011,-63.67101652348,
    32.945076722068));
#12556 = CARTESIAN_POINT('',(-69.99922644636,11.359687472845,
    88.900472974418));
#12557 = CARTESIAN_POINT('',(-71.90007555003,16.751107513817,
    84.659694879414));
#12558 = CARTESIAN_POINT('',(-70.14167474033,11.630268455914,
    81.863232010747));
#12559 = CARTESIAN_POINT('',(-69.19250479987,10.151433191047,
    78.746784788163));
#12560 = CARTESIAN_POINT('',(-64.6673770489,2.974438257946,
    69.837861571002));
#12561 = CARTESIAN_POINT('',(-58.21636998605,-4.295554995542,
    62.442296751642));
#12562 = CARTESIAN_POINT('',(-53.38971954975,-9.440410813592,
    58.053029532));
#12563 = CARTESIAN_POINT('',(-40.68539052999,-22.11401554928,
    48.356384196769));
#12564 = CARTESIAN_POINT('',(-26.8418539185,-35.68195811947,
    41.349432272187));
#12565 = CARTESIAN_POINT('',(-17.56672309604,-42.8650477947,
    38.422479247707));
#12566 = CARTESIAN_POINT('',(-9.927679260553,-53.17917328663,
    34.803878412527));
#12567 = CARTESIAN_POINT('',(-6.531161596312,-64.22397479866,
    32.901585621773));
#12568 = CARTESIAN_POINT('',(-75.08161394421,8.943816853786,
    88.710460678538));
#12569 = CARTESIAN_POINT('',(-76.98265718247,14.335144614519,
    84.46967532556));
#12570 = CARTESIAN_POINT('',(-75.2238411241,9.214502941574,
    81.673227981507));
#12571 = CARTESIAN_POINT('',(-74.27502682326,7.735498626392,
    78.556767462863));
#12572 = CARTESIAN_POINT('',(-69.74938666338,0.558747262597,
    69.647863402814));
#12573 = CARTESIAN_POINT('',(-63.2995723123,-6.711812936496,
    62.252253992257));
#12574 = CARTESIAN_POINT('',(-58.46890153885,-11.85475772073,
    57.863137078615));
#12575 = CARTESIAN_POINT('',(-45.78522306946,-24.53817852375,
    48.165719693182));
#12576 = CARTESIAN_POINT('',(-31.85943723612,-38.06702461054,
    41.161842772866));
#12577 = CARTESIAN_POINT('',(-23.17748889593,-45.5320786443,
    38.212712776419));
#12578 = CARTESIAN_POINT('',(-14.59659622605,-55.39850412761,
    34.629324301426));
#12579 = CARTESIAN_POINT('',(-8.857721968502,-65.329885918,
    32.814603848342));
#12580 = CARTESIAN_POINT('',(-79.52961578394,5.419320440732,
    88.433253095487));
#12581 = CARTESIAN_POINT('',(-81.43082892469,10.810513574492,
    84.192457153834));
#12582 = CARTESIAN_POINT('',(-79.67164944942,5.690159865035,
    81.396032458669));
#12583 = CARTESIAN_POINT('',(-78.72314639699,4.210908923568,
    78.279552542401));
#12584 = CARTESIAN_POINT('',(-74.19705778735,-2.965487098717,
    69.370676430597));
#12585 = CARTESIAN_POINT('',(-67.74828727317,-10.23687441068,
    61.975001966175));
#12586 = CARTESIAN_POINT('',(-62.91409798277,-15.37703120135,
    57.586104332968));
#12587 = CARTESIAN_POINT('',(-50.24849245362,-28.07477259494,
    47.887560608899));
#12588 = CARTESIAN_POINT('',(-36.25072377959,-41.54658110102,
    40.888169790503));
#12589 = CARTESIAN_POINT('',(-28.0879166448,-49.42299092606,
    37.9066859677));
#12590 = CARTESIAN_POINT('',(-18.68273709214,-58.63627006042,
    34.37466855392));
#12591 = CARTESIAN_POINT('',(-10.89388013631,-66.94329176121,
    32.68770675955));
#12592 = CARTESIAN_POINT('',(-83.06499681146,0.985012962309,
    88.08448733876));
#12593 = CARTESIAN_POINT('',(-84.96634499506,6.37603671657,
    83.843678075166));
#12594 = CARTESIAN_POINT('',(-83.20687666679,1.25604530532,
    81.047281875279));
#12595 = CARTESIAN_POINT('',(-82.2586210024,-0.223515926387,
    77.930777554219));
#12596 = CARTESIAN_POINT('',(-77.73217595379,-7.399464879533,
    69.021936605117));
#12597 = CARTESIAN_POINT('',(-71.28423510693,-14.67189281475,
    61.626180293969));
#12598 = CARTESIAN_POINT('',(-66.4472492128,-19.80854192109,
    57.237558546001));
#12599 = CARTESIAN_POINT('',(-53.79600850022,-32.52430061263,
    47.537597731138));
#12600 = CARTESIAN_POINT('',(-39.74102609765,-45.92434789633,
    40.543851053757));
#12601 = CARTESIAN_POINT('',(-31.99084513407,-54.31830061204,
    37.52166161042));
#12602 = CARTESIAN_POINT('',(-21.93050213679,-62.7098306508,
    34.054276147916));
#12603 = CARTESIAN_POINT('',(-12.5122686206,-68.97318107245,
    32.52805254406));
#12604 = CARTESIAN_POINT('',(-85.48832830356,-4.081727048596,
    87.68597969745));
#12605 = CARTESIAN_POINT('',(-87.38976905231,1.30910316883,
    83.445155211825));
#12606 = CARTESIAN_POINT('',(-85.63010272964,-3.810474272318,
    80.648791571452));
#12607 = CARTESIAN_POINT('',(-84.68201663756,-5.290390048653,
    77.532259364815));
#12608 = CARTESIAN_POINT('',(-80.15532726749,-12.4658281705,
    68.623458593483));
#12609 = CARTESIAN_POINT('',(-73.70795511706,-19.73944514536,
    61.22760876233));
#12610 = CARTESIAN_POINT('',(-68.86905228736,-24.87208629229,
    56.839302247158));
#12611 = CARTESIAN_POINT('',(-56.22765795678,-37.6084319559,
    47.137722232204));
#12612 = CARTESIAN_POINT('',(-42.13345833017,-50.926483244,
    40.150424678123));
#12613 = CARTESIAN_POINT('',(-34.66611250856,-59.91179217127,
    37.081724072022));
#12614 = CARTESIAN_POINT('',(-24.15668688193,-67.36437310881,
    33.688188538872));
#12615 = CARTESIAN_POINT('',(-13.62159509769,-71.29257850732,
    32.34562802671));
#12616 = CARTESIAN_POINT('',(-86.7,-9.464716967947,87.262598467839));
#12617 = CARTESIAN_POINT('',(-88.60148703161,-4.074092367325,
    83.021757810128));
#12618 = CARTESIAN_POINT('',(-86.84172171114,-9.193229999644,
    80.225428761418));
#12619 = CARTESIAN_POINT('',(-85.8937204057,-10.67352245017,
    77.108866928747));
#12620 = CARTESIAN_POINT('',(-81.36690887425,-17.84841785625,
    68.200108842911));
#12621 = CARTESIAN_POINT('',(-74.91982107348,-25.12329808686,
    60.804159654581));
#12622 = CARTESIAN_POINT('',(-70.07995977126,-30.25168111018,
    56.416188047991));
#12623 = CARTESIAN_POINT('',(-57.44348865588,-43.00989871967,
    46.712887767651));
#12624 = CARTESIAN_POINT('',(-43.32968032092,-56.24083608108,
    39.732441870699));
#12625 = CARTESIAN_POINT('',(-36.00375276483,-65.8544118069,
    36.614327022045));
#12626 = CARTESIAN_POINT('',(-25.26978472079,-72.30943740591,
    33.29925089752));
#12627 = CARTESIAN_POINT('',(-14.17626106014,-73.75674540439,
    32.151817147165));
#12628 = CARTESIAN_POINT('',(-86.7,-14.84770519288,86.839217371496));
#12629 = CARTESIAN_POINT('',(-88.6014870316,-9.45728620899,
    82.59836054167));
#12630 = CARTESIAN_POINT('',(-86.84172171114,-14.57598403263,
    79.802066084676));
#12631 = CARTESIAN_POINT('',(-85.8937204057,-16.05665315723,
    76.685474625941));
#12632 = CARTESIAN_POINT('',(-81.36690887425,-23.2310058477,
    67.776759225609));
#12633 = CARTESIAN_POINT('',(-74.91982107348,-30.50714933367,
    60.380710680109));
#12634 = CARTESIAN_POINT('',(-70.07995977126,-35.63127423473,
    55.993073982018));
#12635 = CARTESIAN_POINT('',(-57.44348865588,-48.4113637832,
    46.288053436805));
#12636 = CARTESIAN_POINT('',(-43.32968032092,-61.55518724536,
    39.314459194863));
#12637 = CARTESIAN_POINT('',(-36.00375276483,-71.79702957194,
    36.146930119169));
#12638 = CARTESIAN_POINT('',(-25.26978472079,-77.25450014645,
    32.910313378605));
#12639 = CARTESIAN_POINT('',(-14.17626106014,-76.2209115258,
    31.958006328627));
#12640 = ADVANCED_FACE('',(#12641),#12658,.F.);
#12641 = FACE_BOUND('',#12642,.F.);
#12642 = EDGE_LOOP('',(#12643,#12644,#12645,#12646));
#12643 = ORIENTED_EDGE('',*,*,#12342,.F.);
#12644 = ORIENTED_EDGE('',*,*,#11855,.F.);
#12645 = ORIENTED_EDGE('',*,*,#12515,.T.);
#12646 = ORIENTED_EDGE('',*,*,#12647,.F.);
#12647 = EDGE_CURVE('',#12343,#12502,#12648,.T.);
#12648 = B_SPLINE_CURVE_WITH_KNOTS('',8,(#12649,#12650,#12651,#12652,
    #12653,#12654,#12655,#12656,#12657),.UNSPECIFIED.,.F.,.F.,(9,9),(1.,
    2.),.PIECEWISE_BEZIER_KNOTS.);
#12649 = CARTESIAN_POINT('',(1.587608529757,-63.67101652348,
    32.945076722068));
#12650 = CARTESIAN_POINT('',(1.190706397317,-63.67101652348,
    32.945076722068));
#12651 = CARTESIAN_POINT('',(0.793804264878,-63.67101652348,
    32.945076722068));
#12652 = CARTESIAN_POINT('',(0.396902132439,-63.67101652348,
    32.945076722068));
#12653 = CARTESIAN_POINT('',(0.,-63.67101652348,32.945076722068));
#12654 = CARTESIAN_POINT('',(-0.396902132439,-63.67101652348,
    32.945076722068));
#12655 = CARTESIAN_POINT('',(-0.793804264878,-63.67101652348,
    32.945076722068));
#12656 = CARTESIAN_POINT('',(-1.190706397317,-63.67101652348,
    32.945076722068));
#12657 = CARTESIAN_POINT('',(-1.587608529757,-63.67101652348,
    32.945076722068));
#12658 = ( BOUNDED_SURFACE() B_SPLINE_SURFACE(8,5,(
    (#12659,#12660,#12661,#12662,#12663,#12664,#12665,#12666,#12667
      ,#12668,#12669,#12670)
    ,(#12671,#12672,#12673,#12674,#12675,#12676,#12677,#12678,#12679
      ,#12680,#12681,#12682)
    ,(#12683,#12684,#12685,#12686,#12687,#12688,#12689,#12690,#12691
      ,#12692,#12693,#12694)
    ,(#12695,#12696,#12697,#12698,#12699,#12700,#12701,#12702,#12703
      ,#12704,#12705,#12706)
    ,(#12707,#12708,#12709,#12710,#12711,#12712,#12713,#12714,#12715
      ,#12716,#12717,#12718)
    ,(#12719,#12720,#12721,#12722,#12723,#12724,#12725,#12726,#12727
      ,#12728,#12729,#12730)
    ,(#12731,#12732,#12733,#12734,#12735,#12736,#12737,#12738,#12739
      ,#12740,#12741,#12742)
    ,(#12743,#12744,#12745,#12746,#12747,#12748,#12749,#12750,#12751
      ,#12752,#12753,#12754)
    ,(#12755,#12756,#12757,#12758,#12759,#12760,#12761,#12762,#12763
      ,#12764,#12765,#12766
)),.UNSPECIFIED.,.F.,.F.,.F.) B_SPLINE_SURFACE_WITH_KNOTS((9,9),(6,3,3,6
    ),(1.,2.),(0.,0.159756403183,0.498579743718,1.),.UNSPECIFIED.) 
GEOMETRIC_REPRESENTATION_ITEM() RATIONAL_B_SPLINE_SURFACE((
    (1.,1.,1.,1.,1.,1.,1.,1.,1.,1.,1.,1.)
    ,(1.,1.,1.,1.,1.,1.,1.,1.,1.,1.,1.,1.)
    ,(1.,1.,1.,1.,1.,1.,1.,1.,1.,1.,1.,1.)
    ,(1.,1.,1.,1.,1.,1.,1.,1.,1.,1.,1.,1.)
    ,(1.,1.,1.,1.,1.,1.,1.,1.,1.,1.,1.,1.)
    ,(1.,1.,1.,1.,1.,1.,1.,1.,1.,1.,1.,1.)
    ,(1.,1.,1.,1.,1.,1.,1.,1.,1.,1.,1.,1.)
    ,(1.,1.,1.,1.,1.,1.,1.,1.,1.,1.,1.,1.)
,(1.,1.,1.,1.,1.,1.,1.,1.,1.,1.,1.,1.
))) REPRESENTATION_ITEM('') SURFACE() );
#12659 = CARTESIAN_POINT('',(59.2,12.567628714436,88.995479588925));
#12660 = CARTESIAN_POINT('',(61.100436600153,17.959094895752,
    84.754705122942));
#12661 = CARTESIAN_POINT('',(59.34291812442,12.838157144891,
    81.958234491897));
#12662 = CARTESIAN_POINT('',(58.392992509166,11.359406405592,
    78.8417939174));
#12663 = CARTESIAN_POINT('',(53.868953541675,4.182289687243,
    69.932861121616));
#12664 = CARTESIAN_POINT('',(47.415412165184,-3.087420092055,
    62.537318597989));
#12665 = CARTESIAN_POINT('',(42.597304275237,-8.233231431697,
    58.147976224954));
#12666 = CARTESIAN_POINT('',(29.849096277488,-20.90192810963,
    48.45171691675));
#12667 = CARTESIAN_POINT('',(16.180325555371,-34.48941901751,
    41.443227482446));
#12668 = CARTESIAN_POINT('',(5.644780812831,-41.53152582114,
    38.527362998446));
#12669 = CARTESIAN_POINT('',(7.008789981089E-03,-52.06950241667,
    34.891155896677));
#12670 = CARTESIAN_POINT('',(1.587608529757,-63.67101652348,
    32.945076722068));
#12671 = CARTESIAN_POINT('',(44.4,12.567628714436,88.995479588925));
#12672 = CARTESIAN_POINT('',(45.825327450113,17.959094895752,
    84.754705122942));
#12673 = CARTESIAN_POINT('',(44.507188593316,12.838157144891,
    81.958234491897));
#12674 = CARTESIAN_POINT('',(43.794744381874,11.359406405592,
    78.8417939174));
#12675 = CARTESIAN_POINT('',(40.401715156257,4.182289687243,
    69.932861121616));
#12676 = CARTESIAN_POINT('',(35.561559123888,-3.087420092055,
    62.537318597989));
#12677 = CARTESIAN_POINT('',(31.947978206427,-8.233231431697,
    58.147976224954));
#12678 = CARTESIAN_POINT('',(22.386822208117,-20.90192810963,
    48.45171691675));
#12679 = CARTESIAN_POINT('',(12.135244166527,-34.48941901751,
    41.443227482446));
#12680 = CARTESIAN_POINT('',(4.233585609624,-41.53152582114,
    38.527362998446));
#12681 = CARTESIAN_POINT('',(5.256592485283E-03,-52.06950241667,
    34.891155896677));
#12682 = CARTESIAN_POINT('',(1.190706397317,-63.67101652348,
    32.945076722068));
#12683 = CARTESIAN_POINT('',(29.6,12.567628714436,88.995479588925));
#12684 = CARTESIAN_POINT('',(30.550218300075,17.959094895752,
    84.754705122942));
#12685 = CARTESIAN_POINT('',(29.671459062211,12.838157144891,
    81.958234491897));
#12686 = CARTESIAN_POINT('',(29.196496254583,11.359406405592,
    78.8417939174));
#12687 = CARTESIAN_POINT('',(26.934476770838,4.182289687243,
    69.932861121616));
#12688 = CARTESIAN_POINT('',(23.707706082592,-3.087420092055,
    62.537318597989));
#12689 = CARTESIAN_POINT('',(21.298652137618,-8.233231431697,
    58.147976224954));
#12690 = CARTESIAN_POINT('',(14.924548138744,-20.90192810963,
    48.45171691675));
#12691 = CARTESIAN_POINT('',(8.090162777685,-34.48941901751,
    41.443227482446));
#12692 = CARTESIAN_POINT('',(2.822390406416,-41.53152582114,
    38.527362998446));
#12693 = CARTESIAN_POINT('',(3.504394990395E-03,-52.06950241667,
    34.891155896677));
#12694 = CARTESIAN_POINT('',(0.793804264878,-63.67101652348,
    32.945076722068));
#12695 = CARTESIAN_POINT('',(14.8,12.567628714436,88.995479588925));
#12696 = CARTESIAN_POINT('',(15.275109150038,17.959094895752,
    84.754705122942));
#12697 = CARTESIAN_POINT('',(14.835729531105,12.83815714489,
    81.958234491897));
#12698 = CARTESIAN_POINT('',(14.598248127291,11.359406405592,
    78.8417939174));
#12699 = CARTESIAN_POINT('',(13.467238385419,4.182289687243,
    69.932861121616));
#12700 = CARTESIAN_POINT('',(11.853853041296,-3.087420092055,
    62.537318597989));
#12701 = CARTESIAN_POINT('',(10.649326068809,-8.233231431697,
    58.147976224954));
#12702 = CARTESIAN_POINT('',(7.462274069372,-20.90192810963,
    48.45171691675));
#12703 = CARTESIAN_POINT('',(4.045081388842,-34.48941901751,
    41.443227482446));
#12704 = CARTESIAN_POINT('',(1.411195203208,-41.53152582114,
    38.527362998446));
#12705 = CARTESIAN_POINT('',(1.752197495151E-03,-52.06950241667,
    34.891155896677));
#12706 = CARTESIAN_POINT('',(0.396902132439,-63.67101652348,
    32.945076722068));
#12707 = CARTESIAN_POINT('',(4.440892098501E-16,12.567628714436,
    88.995479588925));
#12708 = CARTESIAN_POINT('',(-1.972692949182E-14,17.959094895752,
    84.754705122942));
#12709 = CARTESIAN_POINT('',(1.86263854369E-14,12.83815714489,
    81.958234491897));
#12710 = CARTESIAN_POINT('',(-5.432821912579E-15,11.359406405592,
    78.8417939174));
#12711 = CARTESIAN_POINT('',(9.165330668913E-15,4.182289687243,
    69.932861121616));
#12712 = CARTESIAN_POINT('',(-1.056729012877E-14,-3.087420092055,
    62.537318597989));
#12713 = CARTESIAN_POINT('',(5.197021688901E-15,-8.233231431697,
    58.147976224954));
#12714 = CARTESIAN_POINT('',(-3.009494100993E-15,-20.90192810963,
    48.45171691675));
#12715 = CARTESIAN_POINT('',(-8.609558965141E-15,-34.48941901751,
    41.443227482446));
#12716 = CARTESIAN_POINT('',(2.735459662913E-14,-41.53152582114,
    38.527362998446));
#12717 = CARTESIAN_POINT('',(-9.025377098028E-15,-52.06950241667,
    34.891155896677));
#12718 = CARTESIAN_POINT('',(0.,-63.67101652348,32.945076722068));
#12719 = CARTESIAN_POINT('',(-14.8,12.567628714436,88.995479588925));
#12720 = CARTESIAN_POINT('',(-15.27510915003,17.959094895752,
    84.754705122942));
#12721 = CARTESIAN_POINT('',(-14.8357295311,12.838157144891,
    81.958234491897));
#12722 = CARTESIAN_POINT('',(-14.59824812729,11.359406405592,
    78.8417939174));
#12723 = CARTESIAN_POINT('',(-13.46723838541,4.182289687243,
    69.932861121616));
#12724 = CARTESIAN_POINT('',(-11.85385304129,-3.087420092055,
    62.537318597989));
#12725 = CARTESIAN_POINT('',(-10.6493260688,-8.233231431697,
    58.147976224954));
#12726 = CARTESIAN_POINT('',(-7.462274069372,-20.90192810963,
    48.45171691675));
#12727 = CARTESIAN_POINT('',(-4.045081388843,-34.48941901751,
    41.443227482446));
#12728 = CARTESIAN_POINT('',(-1.411195203208,-41.53152582114,
    38.527362998446));
#12729 = CARTESIAN_POINT('',(-1.752197495291E-03,-52.06950241667,
    34.891155896677));
#12730 = CARTESIAN_POINT('',(-0.396902132439,-63.67101652348,
    32.945076722068));
#12731 = CARTESIAN_POINT('',(-29.6,12.567628714436,88.995479588925));
#12732 = CARTESIAN_POINT('',(-30.55021830007,17.959094895752,
    84.754705122942));
#12733 = CARTESIAN_POINT('',(-29.67145906221,12.83815714489,
    81.958234491897));
#12734 = CARTESIAN_POINT('',(-29.19649625458,11.359406405592,
    78.8417939174));
#12735 = CARTESIAN_POINT('',(-26.93447677083,4.182289687243,
    69.932861121616));
#12736 = CARTESIAN_POINT('',(-23.70770608259,-3.087420092055,
    62.537318597989));
#12737 = CARTESIAN_POINT('',(-21.29865213761,-8.233231431697,
    58.147976224954));
#12738 = CARTESIAN_POINT('',(-14.92454813874,-20.90192810963,
    48.45171691675));
#12739 = CARTESIAN_POINT('',(-8.090162777685,-34.48941901751,
    41.443227482446));
#12740 = CARTESIAN_POINT('',(-2.822390406415,-41.53152582114,
    38.527362998446));
#12741 = CARTESIAN_POINT('',(-3.504394990545E-03,-52.06950241667,
    34.891155896677));
#12742 = CARTESIAN_POINT('',(-0.793804264878,-63.67101652348,
    32.945076722068));
#12743 = CARTESIAN_POINT('',(-44.4,12.567628714436,88.995479588925));
#12744 = CARTESIAN_POINT('',(-45.82532745011,17.959094895752,
    84.754705122942));
#12745 = CARTESIAN_POINT('',(-44.50718859331,12.83815714489,
    81.958234491897));
#12746 = CARTESIAN_POINT('',(-43.79474438187,11.359406405592,
    78.8417939174));
#12747 = CARTESIAN_POINT('',(-40.40171515625,4.182289687243,
    69.932861121616));
#12748 = CARTESIAN_POINT('',(-35.56155912388,-3.087420092055,
    62.537318597989));
#12749 = CARTESIAN_POINT('',(-31.94797820642,-8.233231431697,
    58.147976224954));
#12750 = CARTESIAN_POINT('',(-22.38682220811,-20.90192810963,
    48.45171691675));
#12751 = CARTESIAN_POINT('',(-12.13524416652,-34.48941901751,
    41.443227482446));
#12752 = CARTESIAN_POINT('',(-4.233585609623,-41.53152582114,
    38.527362998446));
#12753 = CARTESIAN_POINT('',(-5.256592486033E-03,-52.06950241667,
    34.891155896677));
#12754 = CARTESIAN_POINT('',(-1.190706397317,-63.67101652348,
    32.945076722068));
#12755 = CARTESIAN_POINT('',(-59.2,12.567628714436,88.995479588925));
#12756 = CARTESIAN_POINT('',(-61.10043660015,17.959094895752,
    84.754705122942));
#12757 = CARTESIAN_POINT('',(-59.34291812441,12.838157144891,
    81.958234491897));
#12758 = CARTESIAN_POINT('',(-58.39299250916,11.359406405592,
    78.8417939174));
#12759 = CARTESIAN_POINT('',(-53.86895354167,4.182289687243,
    69.932861121616));
#12760 = CARTESIAN_POINT('',(-47.41541216518,-3.087420092055,
    62.537318597989));
#12761 = CARTESIAN_POINT('',(-42.59730427523,-8.233231431697,
    58.147976224954));
#12762 = CARTESIAN_POINT('',(-29.84909627748,-20.90192810963,
    48.45171691675));
#12763 = CARTESIAN_POINT('',(-16.18032555537,-34.48941901751,
    41.443227482447));
#12764 = CARTESIAN_POINT('',(-5.644780812831,-41.53152582114,
    38.527362998446));
#12765 = CARTESIAN_POINT('',(-7.008789981052E-03,-52.06950241667,
    34.891155896677));
#12766 = CARTESIAN_POINT('',(-1.587608529757,-63.67101652348,
    32.945076722068));
#12767 = ADVANCED_FACE('',(#12768),#12819,.F.);
#12768 = FACE_BOUND('',#12769,.F.);
#12769 = EDGE_LOOP('',(#12770,#12787,#12788,#12789,#12790,#12807));
#12770 = ORIENTED_EDGE('',*,*,#12771,.F.);
#12771 = EDGE_CURVE('',#11994,#12772,#12774,.T.);
#12772 = VERTEX_POINT('',#12773);
#12773 = CARTESIAN_POINT('',(-14.17626106014,-79.00977708187,
    31.738657352307));
#12774 = ( BOUNDED_CURVE() B_SPLINE_CURVE(5,(#12775,#12776,#12777,#12778
    ,#12779,#12780,#12781,#12782,#12783,#12784,#12785,#12786),
.UNSPECIFIED.,.F.,.F.) B_SPLINE_CURVE_WITH_KNOTS((6,3,3,6),(0.,
0.159756403183,0.498579743718,1.),.UNSPECIFIED.) CURVE() 
GEOMETRIC_REPRESENTATION_ITEM() RATIONAL_B_SPLINE_CURVE((1.,1.,1.,1.,1.,
1.,1.,1.,1.,1.,1.,1.)) REPRESENTATION_ITEM('') );
#12775 = CARTESIAN_POINT('',(-86.7,-132.484410686,77.586892220344));
#12776 = CARTESIAN_POINT('',(-88.6014870316,-134.0740985807,
    72.797038220297));
#12777 = CARTESIAN_POINT('',(-86.84172171115,-132.0199143833,
    70.56490302338));
#12778 = CARTESIAN_POINT('',(-85.8937204057,-130.88075527,
    67.654365470998));
#12779 = CARTESIAN_POINT('',(-81.36690887425,-125.9526286012,
    59.69753046971));
#12780 = CARTESIAN_POINT('',(-74.91982107348,-119.6237521161,
    53.371539674748));
#12781 = CARTESIAN_POINT('',(-70.07995977126,-115.0245503304,
    49.748659008201));
#12782 = CARTESIAN_POINT('',(-57.44348865588,-103.0634423885,
    41.989575344252));
#12783 = CARTESIAN_POINT('',(-43.32968032092,-90.6453150338,
    37.026471615996));
#12784 = CARTESIAN_POINT('',(-36.00375276482,-80.83198894885,
    35.436315336716));
#12785 = CARTESIAN_POINT('',(-25.26978472079,-76.25796425034,
    32.988692606389));
#12786 = CARTESIAN_POINT('',(-14.17626106014,-79.00977708187,
    31.738657352307));
#12787 = ORIENTED_EDGE('',*,*,#12003,.F.);
#12788 = ORIENTED_EDGE('',*,*,#12044,.F.);
#12789 = ORIENTED_EDGE('',*,*,#12107,.T.);
#12790 = ORIENTED_EDGE('',*,*,#12791,.T.);
#12791 = EDGE_CURVE('',#12108,#12792,#12794,.T.);
#12792 = VERTEX_POINT('',#12793);
#12793 = CARTESIAN_POINT('',(-1.587608529757,-91.55967208419,
    30.751586958866));
#12794 = ( BOUNDED_CURVE() B_SPLINE_CURVE(5,(#12795,#12796,#12797,#12798
    ,#12799,#12800,#12801,#12802,#12803,#12804,#12805,#12806),
.UNSPECIFIED.,.F.,.F.) B_SPLINE_CURVE_WITH_KNOTS((6,3,3,6),(0.,
0.159756403183,0.498579743718,1.),.UNSPECIFIED.) CURVE() 
GEOMETRIC_REPRESENTATION_ITEM() RATIONAL_B_SPLINE_CURVE((1.,1.,1.,1.,1.,
1.,1.,1.,1.,1.,1.,1.)) REPRESENTATION_ITEM('') );
#12795 = CARTESIAN_POINT('',(-59.2,-159.8997445934,75.430630002915));
#12796 = CARTESIAN_POINT('',(-61.10043660015,-161.4904796854,
    70.640693639025));
#12797 = CARTESIAN_POINT('',(-59.34291812442,-159.4340555609,
    68.40873461616));
#12798 = CARTESIAN_POINT('',(-58.39299250916,-158.2968148329,
    65.49804617954));
#12799 = CARTESIAN_POINT('',(-53.86895354167,-153.3659241362,
    57.541428573702));
#12800 = CARTESIAN_POINT('',(-47.41541216518,-147.0434813577,
    51.214931756868));
#12801 = CARTESIAN_POINT('',(-42.59730427523,-142.4225931334,
    47.593756765266));
#12802 = CARTESIAN_POINT('',(-29.84909627748,-130.5728780621,
    39.825911864308));
#12803 = CARTESIAN_POINT('',(-16.18032555537,-117.7110832616,
    34.897703328413));
#12804 = CARTESIAN_POINT('',(-5.64478081283,-111.0974926996,
    33.05588245744));
#12805 = CARTESIAN_POINT('',(-7.008789981277E-03,-101.4429619801,
    31.007850088316));
#12806 = CARTESIAN_POINT('',(-1.587608529757,-91.55967208419,
    30.751586958866));
#12807 = ORIENTED_EDGE('',*,*,#12808,.F.);
#12808 = EDGE_CURVE('',#12772,#12792,#12809,.T.);
#12809 = B_SPLINE_CURVE_WITH_KNOTS('',8,(#12810,#12811,#12812,#12813,
    #12814,#12815,#12816,#12817,#12818),.UNSPECIFIED.,.F.,.F.,(9,9),(4.,
    5.),.PIECEWISE_BEZIER_KNOTS.);
#12810 = CARTESIAN_POINT('',(-14.17626106014,-79.00977708187,
    31.738657352307));
#12811 = CARTESIAN_POINT('',(-14.17626106014,-81.47394320328,
    31.544846533769));
#12812 = CARTESIAN_POINT('',(-13.62159509769,-83.93811010035,
    31.351035654224));
#12813 = CARTESIAN_POINT('',(-12.5122686206,-86.25750753523,
    31.168611136875));
#12814 = CARTESIAN_POINT('',(-10.89388013631,-88.28739684645,
    31.008956921385));
#12815 = CARTESIAN_POINT('',(-8.857721968502,-89.90080268967,
    30.882059832592));
#12816 = CARTESIAN_POINT('',(-6.531161596312,-91.00671380901,
    30.795078059161));
#12817 = CARTESIAN_POINT('',(-4.059384674011,-91.55967208419,
    30.751586958866));
#12818 = CARTESIAN_POINT('',(-1.587608529757,-91.55967208419,
    30.751586958866));
#12819 = ( BOUNDED_SURFACE() B_SPLINE_SURFACE(8,5,(
    (#12820,#12821,#12822,#12823,#12824,#12825,#12826,#12827,#12828
      ,#12829,#12830,#12831)
    ,(#12832,#12833,#12834,#12835,#12836,#12837,#12838,#12839,#12840
      ,#12841,#12842,#12843)
    ,(#12844,#12845,#12846,#12847,#12848,#12849,#12850,#12851,#12852
      ,#12853,#12854,#12855)
    ,(#12856,#12857,#12858,#12859,#12860,#12861,#12862,#12863,#12864
      ,#12865,#12866,#12867)
    ,(#12868,#12869,#12870,#12871,#12872,#12873,#12874,#12875,#12876
      ,#12877,#12878,#12879)
    ,(#12880,#12881,#12882,#12883,#12884,#12885,#12886,#12887,#12888
      ,#12889,#12890,#12891)
    ,(#12892,#12893,#12894,#12895,#12896,#12897,#12898,#12899,#12900
      ,#12901,#12902,#12903)
    ,(#12904,#12905,#12906,#12907,#12908,#12909,#12910,#12911,#12912
      ,#12913,#12914,#12915)
    ,(#12916,#12917,#12918,#12919,#12920,#12921,#12922,#12923,#12924
      ,#12925,#12926,#12927
)),.UNSPECIFIED.,.F.,.F.,.F.) B_SPLINE_SURFACE_WITH_KNOTS((9,9),(6,3,3,6
    ),(4.,5.),(0.,0.159756403183,0.498579743718,1.),.UNSPECIFIED.) 
GEOMETRIC_REPRESENTATION_ITEM() RATIONAL_B_SPLINE_SURFACE((
    (1.,1.,1.,1.,1.,1.,1.,1.,1.,1.,1.,1.)
    ,(1.,1.,1.,1.,1.,1.,1.,1.,1.,1.,1.,1.)
    ,(1.,1.,1.,1.,1.,1.,1.,1.,1.,1.,1.,1.)
    ,(1.,1.,1.,1.,1.,1.,1.,1.,1.,1.,1.,1.)
    ,(1.,1.,1.,1.,1.,1.,1.,1.,1.,1.,1.,1.)
    ,(1.,1.,1.,1.,1.,1.,1.,1.,1.,1.,1.,1.)
    ,(1.,1.,1.,1.,1.,1.,1.,1.,1.,1.,1.,1.)
    ,(1.,1.,1.,1.,1.,1.,1.,1.,1.,1.,1.,1.)
,(1.,1.,1.,1.,1.,1.,1.,1.,1.,1.,1.,1.
))) REPRESENTATION_ITEM('') SURFACE() );
#12820 = CARTESIAN_POINT('',(-86.7,-132.484410686,77.586892220344));
#12821 = CARTESIAN_POINT('',(-88.6014870316,-134.0740985807,
    72.797038220297));
#12822 = CARTESIAN_POINT('',(-86.84172171115,-132.0199143833,
    70.56490302338));
#12823 = CARTESIAN_POINT('',(-85.8937204057,-130.88075527,
    67.654365470998));
#12824 = CARTESIAN_POINT('',(-81.36690887425,-125.9526286012,
    59.69753046971));
#12825 = CARTESIAN_POINT('',(-74.91982107348,-119.6237521161,
    53.371539674748));
#12826 = CARTESIAN_POINT('',(-70.07995977126,-115.0245503304,
    49.748659008201));
#12827 = CARTESIAN_POINT('',(-57.44348865588,-103.0634423885,
    41.989575344252));
#12828 = CARTESIAN_POINT('',(-43.32968032092,-90.6453150338,
    37.026471615996));
#12829 = CARTESIAN_POINT('',(-36.00375276482,-80.83198894885,
    35.436315336716));
#12830 = CARTESIAN_POINT('',(-25.26978472079,-76.25796425034,
    32.988692606389));
#12831 = CARTESIAN_POINT('',(-14.17626106014,-79.00977708187,
    31.738657352307));
#12832 = CARTESIAN_POINT('',(-86.7,-137.867398911,77.163511124002));
#12833 = CARTESIAN_POINT('',(-88.6014870316,-139.4572924223,
    72.373640951852));
#12834 = CARTESIAN_POINT('',(-86.84172171115,-137.4026684163,
    70.141540346629));
#12835 = CARTESIAN_POINT('',(-85.8937204057,-136.2638859771,
    67.230973168196));
#12836 = CARTESIAN_POINT('',(-81.36690887425,-131.3352165927,
    59.274180852404));
#12837 = CARTESIAN_POINT('',(-74.91982107348,-125.0076033629,
    52.948090700281));
#12838 = CARTESIAN_POINT('',(-70.07995977127,-120.4041434549,
    49.325544942226));
#12839 = CARTESIAN_POINT('',(-57.44348865588,-108.464907452,
    41.564741013412));
#12840 = CARTESIAN_POINT('',(-43.32968032093,-95.95966619809,
    36.608488940155));
#12841 = CARTESIAN_POINT('',(-36.00375276482,-86.77460671388,
    34.968918433847));
#12842 = CARTESIAN_POINT('',(-25.26978472079,-81.20302699088,
    32.59975508747));
#12843 = CARTESIAN_POINT('',(-14.17626106014,-81.47394320328,
    31.544846533769));
#12844 = CARTESIAN_POINT('',(-85.48832830356,-143.2503888303,
    76.740129894387));
#12845 = CARTESIAN_POINT('',(-87.38976905235,-144.8404879585,
    71.950243550143));
#12846 = CARTESIAN_POINT('',(-85.6301027296,-142.7854241437,
    69.718177536602));
#12847 = CARTESIAN_POINT('',(-84.68201663758,-141.6470183786,
    66.807580732122));
#12848 = CARTESIAN_POINT('',(-80.15532726747,-136.7178062784,
    58.850831101839));
#12849 = CARTESIAN_POINT('',(-73.70795511708,-130.3914563044,
    52.524641592524));
#12850 = CARTESIAN_POINT('',(-68.86905228734,-125.7837382728,
    48.902430743061));
#12851 = CARTESIAN_POINT('',(-56.22765795681,-113.8663742158,
    41.139906548854));
#12852 = CARTESIAN_POINT('',(-42.13345833014,-101.2740190351,
    36.190506132738));
#12853 = CARTESIAN_POINT('',(-34.6661125086,-92.71722634952,
    34.50152138386));
#12854 = CARTESIAN_POINT('',(-24.15668688191,-86.14809128798,
    32.210817446122));
#12855 = CARTESIAN_POINT('',(-13.62159509769,-83.93811010035,
    31.351035654224));
#12856 = CARTESIAN_POINT('',(-83.06499681146,-148.3171288412,
    76.341622253086));
#12857 = CARTESIAN_POINT('',(-84.966344995,-149.9074215062,
    71.551720686815));
#12858 = CARTESIAN_POINT('',(-83.20687666685,-147.8519437213,
    69.31968723277));
#12859 = CARTESIAN_POINT('',(-82.25862100239,-146.7138925009,
    66.40906254273));
#12860 = CARTESIAN_POINT('',(-77.73217595381,-141.7841695694,
    58.452353090189));
#12861 = CARTESIAN_POINT('',(-71.28423510691,-135.459008635,
    52.126070060901));
#12862 = CARTESIAN_POINT('',(-66.44724921283,-130.847282644,
    48.504174444211));
#12863 = CARTESIAN_POINT('',(-53.79600850017,-118.950505559,
    40.74003104993));
#12864 = CARTESIAN_POINT('',(-39.7410260977,-106.2761543828,
    35.797079757089));
#12865 = CARTESIAN_POINT('',(-31.99084513402,-98.31071790872,
    34.061583845484));
#12866 = CARTESIAN_POINT('',(-21.93050213681,-90.802633746,
    31.84472983707));
#12867 = CARTESIAN_POINT('',(-12.5122686206,-86.25750753523,
    31.168611136875));
#12868 = CARTESIAN_POINT('',(-79.52961578394,-152.7514363197,
    75.992856496347));
#12869 = CARTESIAN_POINT('',(-81.43082892476,-154.3418983641,
    71.202941608125));
#12870 = CARTESIAN_POINT('',(-79.67164944936,-152.286058281,
    68.970936649391));
#12871 = CARTESIAN_POINT('',(-78.723146397,-151.1483173508,
    66.060287554529));
#12872 = CARTESIAN_POINT('',(-74.19705778732,-146.2181473502,
    58.103613264736));
#12873 = CARTESIAN_POINT('',(-67.7482872732,-139.894027039,
    51.777248388669));
#12874 = CARTESIAN_POINT('',(-62.91409798273,-135.2787933637,
    48.155628657259));
#12875 = CARTESIAN_POINT('',(-50.24849245368,-123.4000335767,
    40.390068172149));
#12876 = CARTESIAN_POINT('',(-36.25072377954,-110.6539211781,
    35.452761020371));
#12877 = CARTESIAN_POINT('',(-28.08791664485,-103.2060275947,
    33.676559488165));
#12878 = CARTESIAN_POINT('',(-18.68273709212,-94.87619433637,
    31.524337431082));
#12879 = CARTESIAN_POINT('',(-10.89388013631,-88.28739684645,
    31.008956921385));
#12880 = CARTESIAN_POINT('',(-75.08161394421,-156.2759327327,
    75.715648913307));
#12881 = CARTESIAN_POINT('',(-76.98265718243,-157.8665294042,
    70.925723436422));
#12882 = CARTESIAN_POINT('',(-75.22384112414,-155.8104013575,
    68.69374112654));
#12883 = CARTESIAN_POINT('',(-74.27502682325,-154.6729070537,
    65.783072634086));
#12884 = CARTESIAN_POINT('',(-69.7493866634,-149.7423817115,
    57.826426292491));
#12885 = CARTESIAN_POINT('',(-63.29957231228,-143.4190885133,
    51.499996362614));
#12886 = CARTESIAN_POINT('',(-58.46890153888,-138.8010668444,
    47.878595911595));
#12887 = CARTESIAN_POINT('',(-45.78522306941,-126.9366276479,
    40.111909087889));
#12888 = CARTESIAN_POINT('',(-31.85943723616,-114.1334776686,
    35.179088037976));
#12889 = CARTESIAN_POINT('',(-23.17748889589,-107.0969398764,
    33.370532679489));
#12890 = CARTESIAN_POINT('',(-14.59659622607,-98.11396026918,
    31.269681683558));
#12891 = CARTESIAN_POINT('',(-8.857721968502,-89.90080268967,
    30.882059832592));
#12892 = CARTESIAN_POINT('',(-69.99922644636,-158.6918033518,
    75.52563661742));
#12893 = CARTESIAN_POINT('',(-71.90007555005,-160.2824923035,
    70.73570388255));
#12894 = CARTESIAN_POINT('',(-70.14167474031,-158.2261668719,
    68.503737097312));
#12895 = CARTESIAN_POINT('',(-69.19250479988,-157.0888416183,
    65.593055308772));
#12896 = CARTESIAN_POINT('',(-64.66737704889,-152.1580727069,
    57.636428124323));
#12897 = CARTESIAN_POINT('',(-58.21636998606,-145.8353464542,
    51.309953603208));
#12898 = CARTESIAN_POINT('',(-53.38971954974,-141.2154137515,
    47.688703458224));
#12899 = CARTESIAN_POINT('',(-40.68539053002,-129.3607906224,
    39.921244584281));
#12900 = CARTESIAN_POINT('',(-26.84185391847,-116.5185441597,
    34.991498538681));
#12901 = CARTESIAN_POINT('',(-17.56672309606,-109.763970726,
    33.160766208167));
#12902 = CARTESIAN_POINT('',(-9.927679260543,-100.3332911101,
    31.095127572471));
#12903 = CARTESIAN_POINT('',(-6.531161596312,-91.00671380901,
    30.795078059161));
#12904 = CARTESIAN_POINT('',(-64.59961237335,-159.8997445934,
    75.430630002916));
#12905 = CARTESIAN_POINT('',(-66.50025522524,-161.4904796854,
    70.64069363903));
#12906 = CARTESIAN_POINT('',(-64.74229558258,-159.4340555609,
    68.408734616156));
#12907 = CARTESIAN_POINT('',(-63.79274780467,-158.2968148329,
    65.498046179542));
#12908 = CARTESIAN_POINT('',(-59.26816444552,-153.3659241362,
    57.541428573699));
#12909 = CARTESIAN_POINT('',(-52.81589022566,-147.0434813577,
    51.214931756871));
#12910 = CARTESIAN_POINT('',(-47.9935110632,-142.4225931334,
    47.593756765263));
#12911 = CARTESIAN_POINT('',(-35.26724255099,-130.5728780621,
    39.825911864312));
#12912 = CARTESIAN_POINT('',(-21.51108889794,-117.7110832616,
    34.897703328408));
#12913 = CARTESIAN_POINT('',(-11.60575101626,-111.0974926996,
    33.055882457445));
#12914 = CARTESIAN_POINT('',(-4.967343244578,-101.4429619801,
    31.007850088314));
#12915 = CARTESIAN_POINT('',(-4.059384674011,-91.55967208419,
    30.751586958866));
#12916 = CARTESIAN_POINT('',(-59.2,-159.8997445934,75.430630002915));
#12917 = CARTESIAN_POINT('',(-61.10043660015,-161.4904796854,
    70.640693639025));
#12918 = CARTESIAN_POINT('',(-59.34291812442,-159.4340555609,
    68.40873461616));
#12919 = CARTESIAN_POINT('',(-58.39299250916,-158.2968148329,
    65.49804617954));
#12920 = CARTESIAN_POINT('',(-53.86895354167,-153.3659241362,
    57.541428573702));
#12921 = CARTESIAN_POINT('',(-47.41541216518,-147.0434813577,
    51.214931756868));
#12922 = CARTESIAN_POINT('',(-42.59730427523,-142.4225931334,
    47.593756765266));
#12923 = CARTESIAN_POINT('',(-29.84909627748,-130.5728780621,
    39.825911864308));
#12924 = CARTESIAN_POINT('',(-16.18032555537,-117.7110832616,
    34.897703328413));
#12925 = CARTESIAN_POINT('',(-5.64478081283,-111.0974926996,
    33.05588245744));
#12926 = CARTESIAN_POINT('',(-7.008789981277E-03,-101.4429619801,
    31.007850088316));
#12927 = CARTESIAN_POINT('',(-1.587608529757,-91.55967208419,
    30.751586958866));
#12928 = ADVANCED_FACE('',(#12929),#12946,.F.);
#12929 = FACE_BOUND('',#12930,.F.);
#12930 = EDGE_LOOP('',(#12931,#12932,#12933,#12945));
#12931 = ORIENTED_EDGE('',*,*,#11993,.F.);
#12932 = ORIENTED_EDGE('',*,*,#12771,.T.);
#12933 = ORIENTED_EDGE('',*,*,#12934,.F.);
#12934 = EDGE_CURVE('',#12485,#12772,#12935,.T.);
#12935 = B_SPLINE_CURVE_WITH_KNOTS('',8,(#12936,#12937,#12938,#12939,
    #12940,#12941,#12942,#12943,#12944),.UNSPECIFIED.,.F.,.F.,(9,9),(3.,
    4.),.PIECEWISE_BEZIER_KNOTS.);
#12936 = CARTESIAN_POINT('',(-14.17626106014,-76.2209115258,
    31.958006328627));
#12937 = CARTESIAN_POINT('',(-14.17626106014,-76.56951972031,
    31.930587706587));
#12938 = CARTESIAN_POINT('',(-14.17626106014,-76.91812791482,
    31.903169084547));
#12939 = CARTESIAN_POINT('',(-14.17626106014,-77.26673610933,
    31.875750462507));
#12940 = CARTESIAN_POINT('',(-14.17626106014,-77.61534430383,
    31.848331840467));
#12941 = CARTESIAN_POINT('',(-14.17626106014,-77.96395249834,
    31.820913218427));
#12942 = CARTESIAN_POINT('',(-14.17626106014,-78.31256069285,
    31.793494596387));
#12943 = CARTESIAN_POINT('',(-14.17626106014,-78.66116888736,
    31.766075974347));
#12944 = CARTESIAN_POINT('',(-14.17626106014,-79.00977708187,
    31.738657352307));
#12945 = ORIENTED_EDGE('',*,*,#12484,.F.);
#12946 = ( BOUNDED_SURFACE() B_SPLINE_SURFACE(8,5,(
    (#12947,#12948,#12949,#12950,#12951,#12952,#12953,#12954,#12955
      ,#12956,#12957,#12958)
    ,(#12959,#12960,#12961,#12962,#12963,#12964,#12965,#12966,#12967
      ,#12968,#12969,#12970)
    ,(#12971,#12972,#12973,#12974,#12975,#12976,#12977,#12978,#12979
      ,#12980,#12981,#12982)
    ,(#12983,#12984,#12985,#12986,#12987,#12988,#12989,#12990,#12991
      ,#12992,#12993,#12994)
    ,(#12995,#12996,#12997,#12998,#12999,#13000,#13001,#13002,#13003
      ,#13004,#13005,#13006)
    ,(#13007,#13008,#13009,#13010,#13011,#13012,#13013,#13014,#13015
      ,#13016,#13017,#13018)
    ,(#13019,#13020,#13021,#13022,#13023,#13024,#13025,#13026,#13027
      ,#13028,#13029,#13030)
    ,(#13031,#13032,#13033,#13034,#13035,#13036,#13037,#13038,#13039
      ,#13040,#13041,#13042)
    ,(#13043,#13044,#13045,#13046,#13047,#13048,#13049,#13050,#13051
      ,#13052,#13053,#13054
)),.UNSPECIFIED.,.F.,.F.,.F.) B_SPLINE_SURFACE_WITH_KNOTS((9,9),(6,3,3,6
    ),(3.,4.),(0.,0.159756403183,0.498579743718,1.),.UNSPECIFIED.) 
GEOMETRIC_REPRESENTATION_ITEM() RATIONAL_B_SPLINE_SURFACE((
    (1.,1.,1.,1.,1.,1.,1.,1.,1.,1.,1.,1.)
    ,(1.,1.,1.,1.,1.,1.,1.,1.,1.,1.,1.,1.)
    ,(1.,1.,1.,1.,1.,1.,1.,1.,1.,1.,1.,1.)
    ,(1.,1.,1.,1.,1.,1.,1.,1.,1.,1.,1.,1.)
    ,(1.,1.,1.,1.,1.,1.,1.,1.,1.,1.,1.,1.)
    ,(1.,1.,1.,1.,1.,1.,1.,1.,1.,1.,1.,1.)
    ,(1.,1.,1.,1.,1.,1.,1.,1.,1.,1.,1.,1.)
    ,(1.,1.,1.,1.,1.,1.,1.,1.,1.,1.,1.,1.)
,(1.,1.,1.,1.,1.,1.,1.,1.,1.,1.,1.,1.
))) REPRESENTATION_ITEM('') SURFACE() );
#12947 = CARTESIAN_POINT('',(-86.7,-14.84770519288,86.839217371496));
#12948 = CARTESIAN_POINT('',(-88.6014870316,-9.45728620899,
    82.59836054167));
#12949 = CARTESIAN_POINT('',(-86.84172171114,-14.57598403263,
    79.802066084676));
#12950 = CARTESIAN_POINT('',(-85.8937204057,-16.05665315723,
    76.685474625941));
#12951 = CARTESIAN_POINT('',(-81.36690887425,-23.2310058477,
    67.776759225609));
#12952 = CARTESIAN_POINT('',(-74.91982107348,-30.50714933367,
    60.380710680109));
#12953 = CARTESIAN_POINT('',(-70.07995977126,-35.63127423473,
    55.993073982018));
#12954 = CARTESIAN_POINT('',(-57.44348865588,-48.4113637832,
    46.288053436805));
#12955 = CARTESIAN_POINT('',(-43.32968032092,-61.55518724536,
    39.314459194863));
#12956 = CARTESIAN_POINT('',(-36.00375276483,-71.79702957194,
    36.146930119169));
#12957 = CARTESIAN_POINT('',(-25.26978472079,-77.25450014645,
    32.910313378605));
#12958 = CARTESIAN_POINT('',(-14.17626106014,-76.2209115258,
    31.958006328627));
#12959 = CARTESIAN_POINT('',(-86.7,-29.55229337953,85.682676727602));
#12960 = CARTESIAN_POINT('',(-88.6014870316,-25.03438775545,
    81.373195251499));
#12961 = CARTESIAN_POINT('',(-86.84172171114,-29.25647532647,
    78.647420702014));
#12962 = CARTESIAN_POINT('',(-85.8937204057,-30.40966592134,
    75.556585981573));
#12963 = CARTESIAN_POINT('',(-81.36690887425,-36.0712086919,
    66.766855631122));
#12964 = CARTESIAN_POINT('',(-74.91982107348,-41.64672468147,
    59.504564304439));
#12965 = CARTESIAN_POINT('',(-70.07995977126,-45.55543374669,
    55.212522110291));
#12966 = CARTESIAN_POINT('',(-57.44348865588,-55.24287360887,
    45.750743675236));
#12967 = CARTESIAN_POINT('',(-43.32968032092,-65.19145321892,
    39.028460747504));
#12968 = CARTESIAN_POINT('',(-36.00375276483,-72.92639949405,
    36.058103271363));
#12969 = CARTESIAN_POINT('',(-25.26978472079,-77.12993315944,
    32.920110782078));
#12970 = CARTESIAN_POINT('',(-14.17626106014,-76.56951972031,
    31.930587706587));
#12971 = CARTESIAN_POINT('',(-86.7,-44.25688156618,84.526136083708));
#12972 = CARTESIAN_POINT('',(-88.6014870316,-40.61148930192,
    80.148029961327));
#12973 = CARTESIAN_POINT('',(-86.84172171114,-43.93696662032,
    77.492775319352));
#12974 = CARTESIAN_POINT('',(-85.8937204057,-44.76267868545,
    74.427697337206));
#12975 = CARTESIAN_POINT('',(-81.36690887425,-48.9114115361,
    65.756952036634));
#12976 = CARTESIAN_POINT('',(-74.91982107348,-52.78630002928,
    58.628417928769));
#12977 = CARTESIAN_POINT('',(-70.07995977126,-55.47959325865,
    54.431970238564));
#12978 = CARTESIAN_POINT('',(-57.44348865588,-62.07438343453,
    45.213433913667));
#12979 = CARTESIAN_POINT('',(-43.32968032092,-68.82771919247,
    38.742462300146));
#12980 = CARTESIAN_POINT('',(-36.00375276483,-74.05576941616,
    35.969276423556));
#12981 = CARTESIAN_POINT('',(-25.26978472079,-77.00536617242,
    32.929908185551));
#12982 = CARTESIAN_POINT('',(-14.17626106014,-76.91812791482,
    31.903169084547));
#12983 = CARTESIAN_POINT('',(-86.7,-58.96146975283,83.369595439814));
#12984 = CARTESIAN_POINT('',(-88.6014870316,-56.18859084838,
    78.922864671156));
#12985 = CARTESIAN_POINT('',(-86.84172171114,-58.61745791417,
    76.33812993669));
#12986 = CARTESIAN_POINT('',(-85.8937204057,-59.11569144955,
    73.298808692838));
#12987 = CARTESIAN_POINT('',(-81.36690887425,-61.7516143803,
    64.747048442146));
#12988 = CARTESIAN_POINT('',(-74.91982107348,-63.92587537708,
    57.752271553099));
#12989 = CARTESIAN_POINT('',(-70.07995977126,-65.40375277061,
    53.651418366836));
#12990 = CARTESIAN_POINT('',(-57.44348865588,-68.90589326019,
    44.676124152099));
#12991 = CARTESIAN_POINT('',(-43.32968032092,-72.46398516603,
    38.456463852787));
#12992 = CARTESIAN_POINT('',(-36.00375276483,-75.18513933827,
    35.88044957575));
#12993 = CARTESIAN_POINT('',(-25.26978472079,-76.88079918541,
    32.939705589023));
#12994 = CARTESIAN_POINT('',(-14.17626106014,-77.26673610933,
    31.875750462507));
#12995 = CARTESIAN_POINT('',(-86.7,-73.66605793948,82.21305479592));
#12996 = CARTESIAN_POINT('',(-88.6014870316,-71.76569239486,
    77.697699380984));
#12997 = CARTESIAN_POINT('',(-86.84172171114,-73.29794920801,
    75.183484554028));
#12998 = CARTESIAN_POINT('',(-85.8937204057,-73.46870421366,
    72.16992004847));
#12999 = CARTESIAN_POINT('',(-81.36690887425,-74.59181722449,
    63.737144847659));
#13000 = CARTESIAN_POINT('',(-74.91982107348,-75.06545072489,
    56.876125177429));
#13001 = CARTESIAN_POINT('',(-70.07995977126,-75.32791228256,
    52.87086649511));
#13002 = CARTESIAN_POINT('',(-57.44348865588,-75.73740308586,
    44.138814390529));
#13003 = CARTESIAN_POINT('',(-43.32968032092,-76.10025113958,
    38.17046540543));
#13004 = CARTESIAN_POINT('',(-36.00375276483,-76.3145092604,
    35.791622727942));
#13005 = CARTESIAN_POINT('',(-25.26978472079,-76.75623219839,
    32.949502992497));
#13006 = CARTESIAN_POINT('',(-14.17626106014,-77.61534430383,
    31.848331840467));
#13007 = CARTESIAN_POINT('',(-86.7,-88.37064612614,81.056514152026));
#13008 = CARTESIAN_POINT('',(-88.6014870316,-87.34279394132,
    76.472534090812));
#13009 = CARTESIAN_POINT('',(-86.84172171114,-87.97844050185,
    74.028839171366));
#13010 = CARTESIAN_POINT('',(-85.8937204057,-87.82171697776,
    71.041031404102));
#13011 = CARTESIAN_POINT('',(-81.36690887425,-87.43202006869,
    62.727241253172));
#13012 = CARTESIAN_POINT('',(-74.91982107348,-86.2050260727,
    55.999978801759));
#13013 = CARTESIAN_POINT('',(-70.07995977126,-85.25207179453,
    52.090314623382));
#13014 = CARTESIAN_POINT('',(-57.44348865588,-82.56891291152,
    43.60150462896));
#13015 = CARTESIAN_POINT('',(-43.32968032092,-79.73651711314,
    37.884466958071));
#13016 = CARTESIAN_POINT('',(-36.00375276483,-77.4438791825,
    35.702795880136));
#13017 = CARTESIAN_POINT('',(-25.26978472079,-76.63166521138,
    32.959300395969));
#13018 = CARTESIAN_POINT('',(-14.17626106014,-77.96395249834,
    31.820913218427));
#13019 = CARTESIAN_POINT('',(-86.7,-103.0752343127,79.899973508132));
#13020 = CARTESIAN_POINT('',(-88.6014870316,-102.9198954877,
    75.247368800641));
#13021 = CARTESIAN_POINT('',(-86.84172171114,-102.6589317957,
    72.874193788704));
#13022 = CARTESIAN_POINT('',(-85.8937204057,-102.1747297418,
    69.912142759734));
#13023 = CARTESIAN_POINT('',(-81.36690887425,-100.2722229128,
    61.717337658684));
#13024 = CARTESIAN_POINT('',(-74.91982107348,-97.3446014205,
    55.123832426089));
#13025 = CARTESIAN_POINT('',(-70.07995977126,-95.17623130649,
    51.309762751655));
#13026 = CARTESIAN_POINT('',(-57.44348865588,-89.40042273718,
    43.064194867391));
#13027 = CARTESIAN_POINT('',(-43.32968032092,-83.3727830867,
    37.598468510712));
#13028 = CARTESIAN_POINT('',(-36.00375276483,-78.57324910461,
    35.61396903233));
#13029 = CARTESIAN_POINT('',(-25.26978472079,-76.50709822437,
    32.969097799442));
#13030 = CARTESIAN_POINT('',(-14.17626106014,-78.31256069285,
    31.793494596387));
#13031 = CARTESIAN_POINT('',(-86.7,-117.7798224994,78.743432864238));
#13032 = CARTESIAN_POINT('',(-88.6014870316,-118.4969970342,
    74.02220351047));
#13033 = CARTESIAN_POINT('',(-86.84172171114,-117.3394230895,
    71.719548406042));
#13034 = CARTESIAN_POINT('',(-85.8937204057,-116.5277425059,
    68.783254115367));
#13035 = CARTESIAN_POINT('',(-81.36690887425,-113.112425757,
    60.707434064197));
#13036 = CARTESIAN_POINT('',(-74.91982107348,-108.4841767683,
    54.247686050419));
#13037 = CARTESIAN_POINT('',(-70.07995977126,-105.1003908184,
    50.529210879928));
#13038 = CARTESIAN_POINT('',(-57.44348865588,-96.23193256284,
    42.526885105822));
#13039 = CARTESIAN_POINT('',(-43.32968032092,-87.00904906026,
    37.312470063354));
#13040 = CARTESIAN_POINT('',(-36.00375276483,-79.70261902672,
    35.525142184523));
#13041 = CARTESIAN_POINT('',(-25.26978472079,-76.38253123736,
    32.978895202915));
#13042 = CARTESIAN_POINT('',(-14.17626106014,-78.66116888736,
    31.766075974347));
#13043 = CARTESIAN_POINT('',(-86.7,-132.484410686,77.586892220344));
#13044 = CARTESIAN_POINT('',(-88.6014870316,-134.0740985807,
    72.797038220297));
#13045 = CARTESIAN_POINT('',(-86.84172171115,-132.0199143833,
    70.56490302338));
#13046 = CARTESIAN_POINT('',(-85.8937204057,-130.88075527,
    67.654365470998));
#13047 = CARTESIAN_POINT('',(-81.36690887425,-125.9526286012,
    59.69753046971));
#13048 = CARTESIAN_POINT('',(-74.91982107348,-119.6237521161,
    53.371539674748));
#13049 = CARTESIAN_POINT('',(-70.07995977126,-115.0245503304,
    49.748659008201));
#13050 = CARTESIAN_POINT('',(-57.44348865588,-103.0634423885,
    41.989575344252));
#13051 = CARTESIAN_POINT('',(-43.32968032092,-90.6453150338,
    37.026471615996));
#13052 = CARTESIAN_POINT('',(-36.00375276482,-80.83198894885,
    35.436315336716));
#13053 = CARTESIAN_POINT('',(-25.26978472079,-76.25796425034,
    32.988692606389));
#13054 = CARTESIAN_POINT('',(-14.17626106014,-79.00977708187,
    31.738657352307));
#13055 = ADVANCED_FACE('',(#13056),#13107,.F.);
#13056 = FACE_BOUND('',#13057,.F.);
#13057 = EDGE_LOOP('',(#13058,#13075,#13076,#13077,#13078,#13095));
#13058 = ORIENTED_EDGE('',*,*,#13059,.F.);
#13059 = EDGE_CURVE('',#12136,#13060,#13062,.T.);
#13060 = VERTEX_POINT('',#13061);
#13061 = CARTESIAN_POINT('',(1.587608529757,-91.55967208419,
    30.751586958866));
#13062 = ( BOUNDED_CURVE() B_SPLINE_CURVE(5,(#13063,#13064,#13065,#13066
    ,#13067,#13068,#13069,#13070,#13071,#13072,#13073,#13074),
.UNSPECIFIED.,.F.,.F.) B_SPLINE_CURVE_WITH_KNOTS((6,3,3,6),(0.,
0.159756403183,0.498579743718,1.),.UNSPECIFIED.) CURVE() 
GEOMETRIC_REPRESENTATION_ITEM() RATIONAL_B_SPLINE_CURVE((1.,1.,1.,1.,1.,
1.,1.,1.,1.,1.,1.,1.)) REPRESENTATION_ITEM('') );
#13063 = CARTESIAN_POINT('',(59.2,-159.8997445934,75.430630002915));
#13064 = CARTESIAN_POINT('',(61.100436600156,-161.4904796854,
    70.640693639025));
#13065 = CARTESIAN_POINT('',(59.342918124418,-159.4340555609,
    68.408734616159));
#13066 = CARTESIAN_POINT('',(58.392992509166,-158.2968148329,
    65.49804617954));
#13067 = CARTESIAN_POINT('',(53.868953541675,-153.3659241362,
    57.541428573702));
#13068 = CARTESIAN_POINT('',(47.415412165184,-147.0434813577,
    51.214931756868));
#13069 = CARTESIAN_POINT('',(42.597304275236,-142.4225931334,
    47.593756765265));
#13070 = CARTESIAN_POINT('',(29.849096277488,-130.572878062,
    39.825911864308));
#13071 = CARTESIAN_POINT('',(16.18032555537,-117.7110832616,
    34.897703328412));
#13072 = CARTESIAN_POINT('',(5.644780812831,-111.0974926996,
    33.05588245744));
#13073 = CARTESIAN_POINT('',(7.008789980865E-03,-101.4429619801,
    31.007850088316));
#13074 = CARTESIAN_POINT('',(1.587608529757,-91.55967208419,
    30.751586958866));
#13075 = ORIENTED_EDGE('',*,*,#12145,.F.);
#13076 = ORIENTED_EDGE('',*,*,#12189,.F.);
#13077 = ORIENTED_EDGE('',*,*,#12252,.T.);
#13078 = ORIENTED_EDGE('',*,*,#13079,.T.);
#13079 = EDGE_CURVE('',#12253,#13080,#13082,.T.);
#13080 = VERTEX_POINT('',#13081);
#13081 = CARTESIAN_POINT('',(14.176261060145,-79.00977708187,
    31.738657352307));
#13082 = ( BOUNDED_CURVE() B_SPLINE_CURVE(5,(#13083,#13084,#13085,#13086
    ,#13087,#13088,#13089,#13090,#13091,#13092,#13093,#13094),
.UNSPECIFIED.,.F.,.F.) B_SPLINE_CURVE_WITH_KNOTS((6,3,3,6),(0.,
0.159756403183,0.498579743718,1.),.UNSPECIFIED.) CURVE() 
GEOMETRIC_REPRESENTATION_ITEM() RATIONAL_B_SPLINE_CURVE((1.,1.,1.,1.,1.,
1.,1.,1.,1.,1.,1.,1.)) REPRESENTATION_ITEM('') );
#13083 = CARTESIAN_POINT('',(86.7,-132.484410686,77.586892220344));
#13084 = CARTESIAN_POINT('',(88.601487031608,-134.0740985807,
    72.797038220296));
#13085 = CARTESIAN_POINT('',(86.84172171115,-132.0199143833,
    70.564903023381));
#13086 = CARTESIAN_POINT('',(85.893720405703,-130.88075527,
    67.654365470998));
#13087 = CARTESIAN_POINT('',(81.366908874255,-125.9526286012,
    59.69753046971));
#13088 = CARTESIAN_POINT('',(74.919821073485,-119.6237521161,
    53.371539674748));
#13089 = CARTESIAN_POINT('',(70.079959771267,-115.0245503304,
    49.748659008201));
#13090 = CARTESIAN_POINT('',(57.44348865589,-103.0634423885,
    41.989575344252));
#13091 = CARTESIAN_POINT('',(43.329680320923,-90.6453150338,
    37.026471615997));
#13092 = CARTESIAN_POINT('',(36.003752764832,-80.83198894885,
    35.436315336715));
#13093 = CARTESIAN_POINT('',(25.26978472079,-76.25796425034,
    32.988692606389));
#13094 = CARTESIAN_POINT('',(14.176261060145,-79.00977708187,
    31.738657352307));
#13095 = ORIENTED_EDGE('',*,*,#13096,.F.);
#13096 = EDGE_CURVE('',#13060,#13080,#13097,.T.);
#13097 = B_SPLINE_CURVE_WITH_KNOTS('',8,(#13098,#13099,#13100,#13101,
    #13102,#13103,#13104,#13105,#13106),.UNSPECIFIED.,.F.,.F.,(9,9),(6.,
    7.),.PIECEWISE_BEZIER_KNOTS.);
#13098 = CARTESIAN_POINT('',(1.587608529757,-91.55967208419,
    30.751586958866));
#13099 = CARTESIAN_POINT('',(4.059384674011,-91.55967208419,
    30.751586958866));
#13100 = CARTESIAN_POINT('',(6.531161596312,-91.00671380901,
    30.795078059161));
#13101 = CARTESIAN_POINT('',(8.857721968502,-89.90080268967,
    30.882059832592));
#13102 = CARTESIAN_POINT('',(10.893880136317,-88.28739684646,
    31.008956921385));
#13103 = CARTESIAN_POINT('',(12.512268620606,-86.25750753522,
    31.168611136875));
#13104 = CARTESIAN_POINT('',(13.621595097698,-83.93811010035,
    31.351035654224));
#13105 = CARTESIAN_POINT('',(14.176261060145,-81.47394320328,
    31.544846533769));
#13106 = CARTESIAN_POINT('',(14.176261060145,-79.00977708187,
    31.738657352307));
#13107 = ( BOUNDED_SURFACE() B_SPLINE_SURFACE(8,5,(
    (#13108,#13109,#13110,#13111,#13112,#13113,#13114,#13115,#13116
      ,#13117,#13118,#13119)
    ,(#13120,#13121,#13122,#13123,#13124,#13125,#13126,#13127,#13128
      ,#13129,#13130,#13131)
    ,(#13132,#13133,#13134,#13135,#13136,#13137,#13138,#13139,#13140
      ,#13141,#13142,#13143)
    ,(#13144,#13145,#13146,#13147,#13148,#13149,#13150,#13151,#13152
      ,#13153,#13154,#13155)
    ,(#13156,#13157,#13158,#13159,#13160,#13161,#13162,#13163,#13164
      ,#13165,#13166,#13167)
    ,(#13168,#13169,#13170,#13171,#13172,#13173,#13174,#13175,#13176
      ,#13177,#13178,#13179)
    ,(#13180,#13181,#13182,#13183,#13184,#13185,#13186,#13187,#13188
      ,#13189,#13190,#13191)
    ,(#13192,#13193,#13194,#13195,#13196,#13197,#13198,#13199,#13200
      ,#13201,#13202,#13203)
    ,(#13204,#13205,#13206,#13207,#13208,#13209,#13210,#13211,#13212
      ,#13213,#13214,#13215
)),.UNSPECIFIED.,.F.,.F.,.F.) B_SPLINE_SURFACE_WITH_KNOTS((9,9),(6,3,3,6
    ),(6.,7.),(0.,0.159756403183,0.498579743718,1.),.UNSPECIFIED.) 
GEOMETRIC_REPRESENTATION_ITEM() RATIONAL_B_SPLINE_SURFACE((
    (1.,1.,1.,1.,1.,1.,1.,1.,1.,1.,1.,1.)
    ,(1.,1.,1.,1.,1.,1.,1.,1.,1.,1.,1.,1.)
    ,(1.,1.,1.,1.,1.,1.,1.,1.,1.,1.,1.,1.)
    ,(1.,1.,1.,1.,1.,1.,1.,1.,1.,1.,1.,1.)
    ,(1.,1.,1.,1.,1.,1.,1.,1.,1.,1.,1.,1.)
    ,(1.,1.,1.,1.,1.,1.,1.,1.,1.,1.,1.,1.)
    ,(1.,1.,1.,1.,1.,1.,1.,1.,1.,1.,1.,1.)
    ,(1.,1.,1.,1.,1.,1.,1.,1.,1.,1.,1.,1.)
,(1.,1.,1.,1.,1.,1.,1.,1.,1.,1.,1.,1.
))) REPRESENTATION_ITEM('') SURFACE() );
#13108 = CARTESIAN_POINT('',(59.2,-159.8997445934,75.430630002915));
#13109 = CARTESIAN_POINT('',(61.100436600156,-161.4904796854,
    70.640693639025));
#13110 = CARTESIAN_POINT('',(59.342918124418,-159.4340555609,
    68.408734616159));
#13111 = CARTESIAN_POINT('',(58.392992509166,-158.2968148329,
    65.49804617954));
#13112 = CARTESIAN_POINT('',(53.868953541675,-153.3659241362,
    57.541428573702));
#13113 = CARTESIAN_POINT('',(47.415412165184,-147.0434813577,
    51.214931756868));
#13114 = CARTESIAN_POINT('',(42.597304275236,-142.4225931334,
    47.593756765265));
#13115 = CARTESIAN_POINT('',(29.849096277488,-130.572878062,
    39.825911864308));
#13116 = CARTESIAN_POINT('',(16.18032555537,-117.7110832616,
    34.897703328412));
#13117 = CARTESIAN_POINT('',(5.644780812831,-111.0974926996,
    33.05588245744));
#13118 = CARTESIAN_POINT('',(7.008789980865E-03,-101.4429619801,
    31.007850088316));
#13119 = CARTESIAN_POINT('',(1.587608529757,-91.55967208419,
    30.751586958866));
#13120 = CARTESIAN_POINT('',(64.599612373358,-159.8997445934,
    75.430630002915));
#13121 = CARTESIAN_POINT('',(66.500255225258,-161.4904796854,
    70.640693639033));
#13122 = CARTESIAN_POINT('',(64.742295582573,-159.4340555609,
    68.408734616154));
#13123 = CARTESIAN_POINT('',(63.792747804675,-158.2968148329,
    65.498046179541));
#13124 = CARTESIAN_POINT('',(59.268164445522,-153.3659241362,
    57.541428573701));
#13125 = CARTESIAN_POINT('',(52.815890225663,-147.0434813577,
    51.214931756869));
#13126 = CARTESIAN_POINT('',(47.993511063205,-142.4225931334,
    47.593756765265));
#13127 = CARTESIAN_POINT('',(35.267242551003,-130.5728780621,
    39.825911864309));
#13128 = CARTESIAN_POINT('',(21.511088897943,-117.7110832616,
    34.897703328412));
#13129 = CARTESIAN_POINT('',(11.605751016266,-111.0974926996,
    33.055882457442));
#13130 = CARTESIAN_POINT('',(4.967343244575,-101.4429619801,
    31.007850088315));
#13131 = CARTESIAN_POINT('',(4.059384674011,-91.55967208419,
    30.751586958866));
#13132 = CARTESIAN_POINT('',(69.999226446364,-158.6918033518,
    75.52563661742));
#13133 = CARTESIAN_POINT('',(71.900075550026,-160.2824923034,
    70.735703882537));
#13134 = CARTESIAN_POINT('',(70.14167474033,-158.2261668719,
    68.50373709732));
#13135 = CARTESIAN_POINT('',(69.192504799878,-157.0888416183,
    65.593055308773));
#13136 = CARTESIAN_POINT('',(64.667377048895,-152.1580727069,
    57.636428124321));
#13137 = CARTESIAN_POINT('',(58.216369986069,-145.8353464542,
    51.30995360321));
#13138 = CARTESIAN_POINT('',(53.389719549738,-141.2154137515,
    47.688703458221));
#13139 = CARTESIAN_POINT('',(40.685390530017,-129.3607906224,
    39.921244584285));
#13140 = CARTESIAN_POINT('',(26.841853918485,-116.5185441597,
    34.991498538677));
#13141 = CARTESIAN_POINT('',(17.566723096056,-109.763970726,
    33.160766208169));
#13142 = CARTESIAN_POINT('',(9.927679260547,-100.3332911101,
    31.095127572471));
#13143 = CARTESIAN_POINT('',(6.531161596312,-91.00671380901,
    30.795078059161));
#13144 = CARTESIAN_POINT('',(75.081613944218,-156.2759327327,
    75.715648913307));
#13145 = CARTESIAN_POINT('',(76.982657182482,-157.8665294043,
    70.925723436463));
#13146 = CARTESIAN_POINT('',(75.223841124117,-155.8104013575,
    68.693741126509));
#13147 = CARTESIAN_POINT('',(74.275026823262,-154.6729070537,
    65.78307263409));
#13148 = CARTESIAN_POINT('',(69.7493866634,-149.7423817115,
    57.826426292489));
#13149 = CARTESIAN_POINT('',(63.299572312277,-143.4190885133,
    51.499996362615));
#13150 = CARTESIAN_POINT('',(58.46890153889,-138.8010668443,
    47.878595911596));
#13151 = CARTESIAN_POINT('',(45.78522306942,-126.9366276479,
    40.11190908789));
#13152 = CARTESIAN_POINT('',(31.85943723616,-114.1334776686,
    35.179088037975));
#13153 = CARTESIAN_POINT('',(23.177488895899,-107.0969398765,
    33.370532679495));
#13154 = CARTESIAN_POINT('',(14.596596226073,-98.11396026916,
    31.269681683554));
#13155 = CARTESIAN_POINT('',(8.857721968502,-89.90080268967,
    30.882059832592));
#13156 = CARTESIAN_POINT('',(79.529615783942,-152.7514363196,
    75.992856496348));
#13157 = CARTESIAN_POINT('',(81.4308289247,-154.3418983641,
    71.20294160807));
#13158 = CARTESIAN_POINT('',(79.671649449401,-152.286058281,
    68.970936649435));
#13159 = CARTESIAN_POINT('',(78.723146397002,-151.1483173508,
    66.060287554523));
#13160 = CARTESIAN_POINT('',(74.197057787325,-146.2181473503,
    58.103613264741));
#13161 = CARTESIAN_POINT('',(67.748287273211,-139.894027039,
    51.777248388665));
#13162 = CARTESIAN_POINT('',(62.914097982734,-135.2787933637,
    48.155628657261));
#13163 = CARTESIAN_POINT('',(50.248492453678,-123.4000335767,
    40.390068172143));
#13164 = CARTESIAN_POINT('',(36.250723779553,-110.6539211781,
    35.452761020377));
#13165 = CARTESIAN_POINT('',(28.087916644843,-103.2060275946,
    33.676559488153));
#13166 = CARTESIAN_POINT('',(18.68273709213,-94.8761943364,
    31.524337431089));
#13167 = CARTESIAN_POINT('',(10.893880136317,-88.28739684646,
    31.008956921385));
#13168 = CARTESIAN_POINT('',(83.064996811468,-148.3171288412,
    76.341622253086));
#13169 = CARTESIAN_POINT('',(84.966344995053,-149.9074215063,
    71.551720686868));
#13170 = CARTESIAN_POINT('',(83.206876666816,-147.8519437213,
    69.319687232726));
#13171 = CARTESIAN_POINT('',(82.258621002395,-146.7138925009,
    66.409062542737));
#13172 = CARTESIAN_POINT('',(77.732175953816,-141.7841695694,
    58.452353090181));
#13173 = CARTESIAN_POINT('',(71.28423510691,-135.459008635,
    52.126070060908));
#13174 = CARTESIAN_POINT('',(66.447249212835,-130.847282644,
    48.504174444206));
#13175 = CARTESIAN_POINT('',(53.796008500181,-118.9505055591,
    40.740031049939));
#13176 = CARTESIAN_POINT('',(39.741026097695,-106.2761543828,
    35.797079757079));
#13177 = CARTESIAN_POINT('',(31.99084513404,-98.31071790878,
    34.061583845499));
#13178 = CARTESIAN_POINT('',(21.930502136808,-90.80263374598,
    31.844729837062));
#13179 = CARTESIAN_POINT('',(12.512268620606,-86.25750753522,
    31.168611136875));
#13180 = CARTESIAN_POINT('',(85.488328303565,-143.2503888303,
    76.740129894387));
#13181 = CARTESIAN_POINT('',(87.389769052321,-144.8404879585,
    71.950243550104));
#13182 = CARTESIAN_POINT('',(85.630102729634,-142.7854241437,
    69.718177536634));
#13183 = CARTESIAN_POINT('',(84.682016637574,-141.6470183786,
    66.807580732116));
#13184 = CARTESIAN_POINT('',(80.15532726748,-136.7178062785,
    58.850831101846));
#13185 = CARTESIAN_POINT('',(73.707955117082,-130.3914563044,
    52.524641592517));
#13186 = CARTESIAN_POINT('',(68.86905228735,-125.7837382728,
    48.902430743067));
#13187 = CARTESIAN_POINT('',(56.227657956809,-113.8663742158,
    41.139906548845));
#13188 = CARTESIAN_POINT('',(42.13345833015,-101.2740190351,
    36.190506132747));
#13189 = CARTESIAN_POINT('',(34.666112508589,-92.71722634949,
    34.501521383848));
#13190 = CARTESIAN_POINT('',(24.156686881923,-86.14809128799,
    32.210817446128));
#13191 = CARTESIAN_POINT('',(13.621595097698,-83.93811010035,
    31.351035654224));
#13192 = CARTESIAN_POINT('',(86.700000000001,-137.867398911,
    77.163511124002));
#13193 = CARTESIAN_POINT('',(88.601487031618,-139.4572924224,
    72.373640951861));
#13194 = CARTESIAN_POINT('',(86.841721711143,-137.4026684163,
    70.141540346622));
#13195 = CARTESIAN_POINT('',(85.893720405704,-136.2638859771,
    67.230973168198));
#13196 = CARTESIAN_POINT('',(81.366908874253,-131.3352165927,
    59.274180852402));
#13197 = CARTESIAN_POINT('',(74.919821073486,-125.0076033629,
    52.948090700282));
#13198 = CARTESIAN_POINT('',(70.079959771268,-120.4041434549,
    49.325544942224));
#13199 = CARTESIAN_POINT('',(57.443488655888,-108.464907452,
    41.564741013415));
#13200 = CARTESIAN_POINT('',(43.329680320924,-95.95966619807,
    36.608488940152));
#13201 = CARTESIAN_POINT('',(36.003752764832,-86.7746067139,
    34.968918433851));
#13202 = CARTESIAN_POINT('',(25.26978472079,-81.20302699087,
    32.599755087468));
#13203 = CARTESIAN_POINT('',(14.176261060145,-81.47394320328,
    31.544846533769));
#13204 = CARTESIAN_POINT('',(86.7,-132.484410686,77.586892220344));
#13205 = CARTESIAN_POINT('',(88.601487031608,-134.0740985807,
    72.797038220296));
#13206 = CARTESIAN_POINT('',(86.84172171115,-132.0199143833,
    70.564903023381));
#13207 = CARTESIAN_POINT('',(85.893720405703,-130.88075527,
    67.654365470998));
#13208 = CARTESIAN_POINT('',(81.366908874255,-125.9526286012,
    59.69753046971));
#13209 = CARTESIAN_POINT('',(74.919821073485,-119.6237521161,
    53.371539674748));
#13210 = CARTESIAN_POINT('',(70.079959771267,-115.0245503304,
    49.748659008201));
#13211 = CARTESIAN_POINT('',(57.44348865589,-103.0634423885,
    41.989575344252));
#13212 = CARTESIAN_POINT('',(43.329680320923,-90.6453150338,
    37.026471615997));
#13213 = CARTESIAN_POINT('',(36.003752764832,-80.83198894885,
    35.436315336715));
#13214 = CARTESIAN_POINT('',(25.26978472079,-76.25796425034,
    32.988692606389));
#13215 = CARTESIAN_POINT('',(14.176261060145,-79.00977708187,
    31.738657352307));
#13216 = ADVANCED_FACE('',(#13217),#13234,.F.);
#13217 = FACE_BOUND('',#13218,.F.);
#13218 = EDGE_LOOP('',(#13219,#13220,#13221,#13222));
#13219 = ORIENTED_EDGE('',*,*,#12791,.F.);
#13220 = ORIENTED_EDGE('',*,*,#12135,.F.);
#13221 = ORIENTED_EDGE('',*,*,#13059,.T.);
#13222 = ORIENTED_EDGE('',*,*,#13223,.F.);
#13223 = EDGE_CURVE('',#12792,#13060,#13224,.T.);
#13224 = B_SPLINE_CURVE_WITH_KNOTS('',8,(#13225,#13226,#13227,#13228,
    #13229,#13230,#13231,#13232,#13233),.UNSPECIFIED.,.F.,.F.,(9,9),(5.,
    6.),.PIECEWISE_BEZIER_KNOTS.);
#13225 = CARTESIAN_POINT('',(-1.587608529757,-91.55967208419,
    30.751586958866));
#13226 = CARTESIAN_POINT('',(-1.190706397317,-91.55967208419,
    30.751586958866));
#13227 = CARTESIAN_POINT('',(-0.793804264878,-91.55967208419,
    30.751586958866));
#13228 = CARTESIAN_POINT('',(-0.396902132439,-91.55967208419,
    30.751586958866));
#13229 = CARTESIAN_POINT('',(-1.7763568394E-15,-91.55967208419,
    30.751586958866));
#13230 = CARTESIAN_POINT('',(0.396902132439,-91.55967208419,
    30.751586958866));
#13231 = CARTESIAN_POINT('',(0.793804264878,-91.55967208419,
    30.751586958866));
#13232 = CARTESIAN_POINT('',(1.190706397317,-91.55967208419,
    30.751586958866));
#13233 = CARTESIAN_POINT('',(1.587608529757,-91.55967208419,
    30.751586958866));
#13234 = ( BOUNDED_SURFACE() B_SPLINE_SURFACE(8,5,(
    (#13235,#13236,#13237,#13238,#13239,#13240,#13241,#13242,#13243
      ,#13244,#13245,#13246)
    ,(#13247,#13248,#13249,#13250,#13251,#13252,#13253,#13254,#13255
      ,#13256,#13257,#13258)
    ,(#13259,#13260,#13261,#13262,#13263,#13264,#13265,#13266,#13267
      ,#13268,#13269,#13270)
    ,(#13271,#13272,#13273,#13274,#13275,#13276,#13277,#13278,#13279
      ,#13280,#13281,#13282)
    ,(#13283,#13284,#13285,#13286,#13287,#13288,#13289,#13290,#13291
      ,#13292,#13293,#13294)
    ,(#13295,#13296,#13297,#13298,#13299,#13300,#13301,#13302,#13303
      ,#13304,#13305,#13306)
    ,(#13307,#13308,#13309,#13310,#13311,#13312,#13313,#13314,#13315
      ,#13316,#13317,#13318)
    ,(#13319,#13320,#13321,#13322,#13323,#13324,#13325,#13326,#13327
      ,#13328,#13329,#13330)
    ,(#13331,#13332,#13333,#13334,#13335,#13336,#13337,#13338,#13339
      ,#13340,#13341,#13342
)),.UNSPECIFIED.,.F.,.F.,.F.) B_SPLINE_SURFACE_WITH_KNOTS((9,9),(6,3,3,6
    ),(5.,6.),(0.,0.159756403183,0.498579743718,1.),.UNSPECIFIED.) 
GEOMETRIC_REPRESENTATION_ITEM() RATIONAL_B_SPLINE_SURFACE((
    (1.,1.,1.,1.,1.,1.,1.,1.,1.,1.,1.,1.)
    ,(1.,1.,1.,1.,1.,1.,1.,1.,1.,1.,1.,1.)
    ,(1.,1.,1.,1.,1.,1.,1.,1.,1.,1.,1.,1.)
    ,(1.,1.,1.,1.,1.,1.,1.,1.,1.,1.,1.,1.)
    ,(1.,1.,1.,1.,1.,1.,1.,1.,1.,1.,1.,1.)
    ,(1.,1.,1.,1.,1.,1.,1.,1.,1.,1.,1.,1.)
    ,(1.,1.,1.,1.,1.,1.,1.,1.,1.,1.,1.,1.)
    ,(1.,1.,1.,1.,1.,1.,1.,1.,1.,1.,1.,1.)
,(1.,1.,1.,1.,1.,1.,1.,1.,1.,1.,1.,1.
))) REPRESENTATION_ITEM('') SURFACE() );
#13235 = CARTESIAN_POINT('',(-59.2,-159.8997445934,75.430630002915));
#13236 = CARTESIAN_POINT('',(-61.10043660015,-161.4904796854,
    70.640693639025));
#13237 = CARTESIAN_POINT('',(-59.34291812442,-159.4340555609,
    68.40873461616));
#13238 = CARTESIAN_POINT('',(-58.39299250916,-158.2968148329,
    65.49804617954));
#13239 = CARTESIAN_POINT('',(-53.86895354167,-153.3659241362,
    57.541428573702));
#13240 = CARTESIAN_POINT('',(-47.41541216518,-147.0434813577,
    51.214931756868));
#13241 = CARTESIAN_POINT('',(-42.59730427523,-142.4225931334,
    47.593756765266));
#13242 = CARTESIAN_POINT('',(-29.84909627748,-130.5728780621,
    39.825911864308));
#13243 = CARTESIAN_POINT('',(-16.18032555537,-117.7110832616,
    34.897703328413));
#13244 = CARTESIAN_POINT('',(-5.64478081283,-111.0974926996,
    33.05588245744));
#13245 = CARTESIAN_POINT('',(-7.008789981277E-03,-101.4429619801,
    31.007850088316));
#13246 = CARTESIAN_POINT('',(-1.587608529757,-91.55967208419,
    30.751586958866));
#13247 = CARTESIAN_POINT('',(-44.4,-159.8997445934,75.430630002915));
#13248 = CARTESIAN_POINT('',(-45.82532745011,-161.4904796854,
    70.640693639025));
#13249 = CARTESIAN_POINT('',(-44.50718859331,-159.4340555609,
    68.40873461616));
#13250 = CARTESIAN_POINT('',(-43.79474438187,-158.2968148329,
    65.49804617954));
#13251 = CARTESIAN_POINT('',(-40.40171515625,-153.3659241362,
    57.541428573702));
#13252 = CARTESIAN_POINT('',(-35.56155912388,-147.0434813577,
    51.214931756868));
#13253 = CARTESIAN_POINT('',(-31.94797820642,-142.4225931334,
    47.593756765266));
#13254 = CARTESIAN_POINT('',(-22.38682220811,-130.5728780621,
    39.825911864308));
#13255 = CARTESIAN_POINT('',(-12.13524416652,-117.7110832616,
    34.897703328413));
#13256 = CARTESIAN_POINT('',(-4.233585609625,-111.0974926996,
    33.05588245744));
#13257 = CARTESIAN_POINT('',(-5.256592484871E-03,-101.4429619801,
    31.007850088316));
#13258 = CARTESIAN_POINT('',(-1.190706397317,-91.55967208419,
    30.751586958866));
#13259 = CARTESIAN_POINT('',(-29.6,-159.8997445934,75.430630002915));
#13260 = CARTESIAN_POINT('',(-30.55021830007,-161.4904796854,
    70.640693639025));
#13261 = CARTESIAN_POINT('',(-29.6714590622,-159.4340555609,
    68.40873461616));
#13262 = CARTESIAN_POINT('',(-29.19649625458,-158.2968148329,
    65.49804617954));
#13263 = CARTESIAN_POINT('',(-26.93447677083,-153.3659241362,
    57.541428573702));
#13264 = CARTESIAN_POINT('',(-23.70770608259,-147.0434813577,
    51.214931756868));
#13265 = CARTESIAN_POINT('',(-21.29865213761,-142.4225931334,
    47.593756765266));
#13266 = CARTESIAN_POINT('',(-14.92454813874,-130.5728780621,
    39.825911864308));
#13267 = CARTESIAN_POINT('',(-8.090162777685,-117.7110832616,
    34.897703328413));
#13268 = CARTESIAN_POINT('',(-2.822390406416,-111.0974926996,
    33.05588245744));
#13269 = CARTESIAN_POINT('',(-3.504394990489E-03,-101.4429619801,
    31.007850088316));
#13270 = CARTESIAN_POINT('',(-0.793804264878,-91.55967208419,
    30.751586958866));
#13271 = CARTESIAN_POINT('',(-14.8,-159.8997445934,75.430630002915));
#13272 = CARTESIAN_POINT('',(-15.27510915003,-161.4904796854,
    70.640693639025));
#13273 = CARTESIAN_POINT('',(-14.8357295311,-159.4340555609,
    68.40873461616));
#13274 = CARTESIAN_POINT('',(-14.59824812729,-158.2968148329,
    65.49804617954));
#13275 = CARTESIAN_POINT('',(-13.46723838541,-153.3659241362,
    57.541428573702));
#13276 = CARTESIAN_POINT('',(-11.85385304129,-147.0434813577,
    51.214931756868));
#13277 = CARTESIAN_POINT('',(-10.6493260688,-142.4225931334,
    47.593756765266));
#13278 = CARTESIAN_POINT('',(-7.462274069372,-130.5728780621,
    39.825911864308));
#13279 = CARTESIAN_POINT('',(-4.045081388843,-117.7110832616,
    34.897703328413));
#13280 = CARTESIAN_POINT('',(-1.411195203208,-111.0974926996,
    33.05588245744));
#13281 = CARTESIAN_POINT('',(-1.752197495244E-03,-101.4429619801,
    31.007850088316));
#13282 = CARTESIAN_POINT('',(-0.396902132439,-91.55967208419,
    30.751586958866));
#13283 = CARTESIAN_POINT('',(-7.549516567451E-15,-159.8997445934,
    75.430630002915));
#13284 = CARTESIAN_POINT('',(1.231547030767E-14,-161.4904796854,
    70.640693639025));
#13285 = CARTESIAN_POINT('',(-2.472673563766E-14,-159.4340555609,
    68.40873461616));
#13286 = CARTESIAN_POINT('',(-3.152560296514E-15,-158.2968148329,
    65.49804617954));
#13287 = CARTESIAN_POINT('',(-1.019131177452E-14,-153.3659241362,
    57.541428573702));
#13288 = CARTESIAN_POINT('',(-5.452174468748E-15,-147.0434813577,
    51.214931756868));
#13289 = CARTESIAN_POINT('',(-9.213056037714E-15,-142.4225931334,
    47.593756765266));
#13290 = CARTESIAN_POINT('',(-5.319636143237E-15,-130.5728780621,
    39.825911864308));
#13291 = CARTESIAN_POINT('',(5.646920452159E-16,-117.7110832616,
    34.897703328413));
#13292 = CARTESIAN_POINT('',(-5.652408262202E-15,-111.0974926996,
    33.05588245744));
#13293 = CARTESIAN_POINT('',(-7.496665786554E-15,-101.4429619801,
    31.007850088316));
#13294 = CARTESIAN_POINT('',(-1.7763568394E-15,-91.55967208419,
    30.751586958866));
#13295 = CARTESIAN_POINT('',(14.8,-159.8997445934,75.430630002915));
#13296 = CARTESIAN_POINT('',(15.275109150037,-161.4904796854,
    70.640693639025));
#13297 = CARTESIAN_POINT('',(14.835729531106,-159.4340555609,
    68.40873461616));
#13298 = CARTESIAN_POINT('',(14.598248127291,-158.2968148329,
    65.49804617954));
#13299 = CARTESIAN_POINT('',(13.467238385419,-153.3659241362,
    57.541428573702));
#13300 = CARTESIAN_POINT('',(11.853853041296,-147.0434813577,
    51.214931756868));
#13301 = CARTESIAN_POINT('',(10.649326068809,-142.4225931334,
    47.593756765266));
#13302 = CARTESIAN_POINT('',(7.462274069372,-130.5728780621,
    39.825911864308));
#13303 = CARTESIAN_POINT('',(4.045081388843,-117.7110832616,
    34.897703328413));
#13304 = CARTESIAN_POINT('',(1.411195203207,-111.0974926996,
    33.05588245744));
#13305 = CARTESIAN_POINT('',(1.752197495375E-03,-101.4429619801,
    31.007850088316));
#13306 = CARTESIAN_POINT('',(0.396902132439,-91.55967208419,
    30.751586958866));
#13307 = CARTESIAN_POINT('',(29.6,-159.8997445934,75.430630002915));
#13308 = CARTESIAN_POINT('',(30.550218300075,-161.4904796854,
    70.640693639025));
#13309 = CARTESIAN_POINT('',(29.671459062211,-159.4340555609,
    68.40873461616));
#13310 = CARTESIAN_POINT('',(29.196496254583,-158.2968148329,
    65.49804617954));
#13311 = CARTESIAN_POINT('',(26.934476770838,-153.3659241362,
    57.541428573702));
#13312 = CARTESIAN_POINT('',(23.707706082592,-147.0434813577,
    51.214931756868));
#13313 = CARTESIAN_POINT('',(21.298652137618,-142.4225931334,
    47.593756765266));
#13314 = CARTESIAN_POINT('',(14.924548138744,-130.5728780621,
    39.825911864308));
#13315 = CARTESIAN_POINT('',(8.090162777685,-117.7110832616,
    34.897703328413));
#13316 = CARTESIAN_POINT('',(2.822390406415,-111.0974926996,
    33.05588245744));
#13317 = CARTESIAN_POINT('',(3.504394990657E-03,-101.4429619801,
    31.007850088316));
#13318 = CARTESIAN_POINT('',(0.793804264878,-91.55967208419,
    30.751586958866));
#13319 = CARTESIAN_POINT('',(44.4,-159.8997445934,75.430630002915));
#13320 = CARTESIAN_POINT('',(45.825327450112,-161.4904796854,
    70.640693639025));
#13321 = CARTESIAN_POINT('',(44.507188593317,-159.4340555609,
    68.40873461616));
#13322 = CARTESIAN_POINT('',(43.794744381873,-158.2968148329,
    65.49804617954));
#13323 = CARTESIAN_POINT('',(40.401715156258,-153.3659241362,
    57.541428573702));
#13324 = CARTESIAN_POINT('',(35.561559123887,-147.0434813577,
    51.214931756868));
#13325 = CARTESIAN_POINT('',(31.947978206428,-142.4225931334,
    47.593756765266));
#13326 = CARTESIAN_POINT('',(22.386822208114,-130.5728780621,
    39.825911864308));
#13327 = CARTESIAN_POINT('',(12.13524416653,-117.7110832616,
    34.897703328413));
#13328 = CARTESIAN_POINT('',(4.233585609621,-111.0974926996,
    33.05588245744));
#13329 = CARTESIAN_POINT('',(5.25659248682E-03,-101.4429619801,
    31.007850088316));
#13330 = CARTESIAN_POINT('',(1.190706397317,-91.55967208419,
    30.751586958866));
#13331 = CARTESIAN_POINT('',(59.2,-159.8997445934,75.430630002915));
#13332 = CARTESIAN_POINT('',(61.100436600156,-161.4904796854,
    70.640693639025));
#13333 = CARTESIAN_POINT('',(59.342918124418,-159.4340555609,
    68.408734616159));
#13334 = CARTESIAN_POINT('',(58.392992509166,-158.2968148329,
    65.49804617954));
#13335 = CARTESIAN_POINT('',(53.868953541675,-153.3659241362,
    57.541428573702));
#13336 = CARTESIAN_POINT('',(47.415412165184,-147.0434813577,
    51.214931756868));
#13337 = CARTESIAN_POINT('',(42.597304275236,-142.4225931334,
    47.593756765265));
#13338 = CARTESIAN_POINT('',(29.849096277488,-130.572878062,
    39.825911864308));
#13339 = CARTESIAN_POINT('',(16.18032555537,-117.7110832616,
    34.897703328412));
#13340 = CARTESIAN_POINT('',(5.644780812831,-111.0974926996,
    33.05588245744));
#13341 = CARTESIAN_POINT('',(7.008789980865E-03,-101.4429619801,
    31.007850088316));
#13342 = CARTESIAN_POINT('',(1.587608529757,-91.55967208419,
    30.751586958866));
#13343 = ADVANCED_FACE('',(#13344),#13361,.F.);
#13344 = FACE_BOUND('',#13345,.F.);
#13345 = EDGE_LOOP('',(#13346,#13347,#13348,#13349));
#13346 = ORIENTED_EDGE('',*,*,#13079,.F.);
#13347 = ORIENTED_EDGE('',*,*,#12277,.F.);
#13348 = ORIENTED_EDGE('',*,*,#12322,.T.);
#13349 = ORIENTED_EDGE('',*,*,#13350,.F.);
#13350 = EDGE_CURVE('',#13080,#12323,#13351,.T.);
#13351 = B_SPLINE_CURVE_WITH_KNOTS('',8,(#13352,#13353,#13354,#13355,
    #13356,#13357,#13358,#13359,#13360),.UNSPECIFIED.,.F.,.F.,(9,9),(7.,
    8.),.PIECEWISE_BEZIER_KNOTS.);
#13352 = CARTESIAN_POINT('',(14.176261060145,-79.00977708187,
    31.738657352307));
#13353 = CARTESIAN_POINT('',(14.176261060145,-78.66116888736,
    31.766075974347));
#13354 = CARTESIAN_POINT('',(14.176261060145,-78.31256069285,
    31.793494596387));
#13355 = CARTESIAN_POINT('',(14.176261060145,-77.96395249834,
    31.820913218427));
#13356 = CARTESIAN_POINT('',(14.176261060145,-77.61534430383,
    31.848331840467));
#13357 = CARTESIAN_POINT('',(14.176261060145,-77.26673610933,
    31.875750462507));
#13358 = CARTESIAN_POINT('',(14.176261060145,-76.91812791482,
    31.903169084547));
#13359 = CARTESIAN_POINT('',(14.176261060145,-76.56951972031,
    31.930587706587));
#13360 = CARTESIAN_POINT('',(14.176261060145,-76.2209115258,
    31.958006328627));
#13361 = ( BOUNDED_SURFACE() B_SPLINE_SURFACE(8,5,(
    (#13362,#13363,#13364,#13365,#13366,#13367,#13368,#13369,#13370
      ,#13371,#13372,#13373)
    ,(#13374,#13375,#13376,#13377,#13378,#13379,#13380,#13381,#13382
      ,#13383,#13384,#13385)
    ,(#13386,#13387,#13388,#13389,#13390,#13391,#13392,#13393,#13394
      ,#13395,#13396,#13397)
    ,(#13398,#13399,#13400,#13401,#13402,#13403,#13404,#13405,#13406
      ,#13407,#13408,#13409)
    ,(#13410,#13411,#13412,#13413,#13414,#13415,#13416,#13417,#13418
      ,#13419,#13420,#13421)
    ,(#13422,#13423,#13424,#13425,#13426,#13427,#13428,#13429,#13430
      ,#13431,#13432,#13433)
    ,(#13434,#13435,#13436,#13437,#13438,#13439,#13440,#13441,#13442
      ,#13443,#13444,#13445)
    ,(#13446,#13447,#13448,#13449,#13450,#13451,#13452,#13453,#13454
      ,#13455,#13456,#13457)
    ,(#13458,#13459,#13460,#13461,#13462,#13463,#13464,#13465,#13466
      ,#13467,#13468,#13469
)),.UNSPECIFIED.,.F.,.F.,.F.) B_SPLINE_SURFACE_WITH_KNOTS((9,9),(6,3,3,6
    ),(7.,8.),(0.,0.159756403183,0.498579743718,1.),.UNSPECIFIED.) 
GEOMETRIC_REPRESENTATION_ITEM() RATIONAL_B_SPLINE_SURFACE((
    (1.,1.,1.,1.,1.,1.,1.,1.,1.,1.,1.,1.)
    ,(1.,1.,1.,1.,1.,1.,1.,1.,1.,1.,1.,1.)
    ,(1.,1.,1.,1.,1.,1.,1.,1.,1.,1.,1.,1.)
    ,(1.,1.,1.,1.,1.,1.,1.,1.,1.,1.,1.,1.)
    ,(1.,1.,1.,1.,1.,1.,1.,1.,1.,1.,1.,1.)
    ,(1.,1.,1.,1.,1.,1.,1.,1.,1.,1.,1.,1.)
    ,(1.,1.,1.,1.,1.,1.,1.,1.,1.,1.,1.,1.)
    ,(1.,1.,1.,1.,1.,1.,1.,1.,1.,1.,1.,1.)
,(1.,1.,1.,1.,1.,1.,1.,1.,1.,1.,1.,1.
))) REPRESENTATION_ITEM('') SURFACE() );
#13362 = CARTESIAN_POINT('',(86.7,-132.484410686,77.586892220344));
#13363 = CARTESIAN_POINT('',(88.601487031608,-134.0740985807,
    72.797038220296));
#13364 = CARTESIAN_POINT('',(86.84172171115,-132.0199143833,
    70.564903023381));
#13365 = CARTESIAN_POINT('',(85.893720405703,-130.88075527,
    67.654365470998));
#13366 = CARTESIAN_POINT('',(81.366908874255,-125.9526286012,
    59.69753046971));
#13367 = CARTESIAN_POINT('',(74.919821073485,-119.6237521161,
    53.371539674748));
#13368 = CARTESIAN_POINT('',(70.079959771267,-115.0245503304,
    49.748659008201));
#13369 = CARTESIAN_POINT('',(57.44348865589,-103.0634423885,
    41.989575344252));
#13370 = CARTESIAN_POINT('',(43.329680320923,-90.6453150338,
    37.026471615997));
#13371 = CARTESIAN_POINT('',(36.003752764832,-80.83198894885,
    35.436315336715));
#13372 = CARTESIAN_POINT('',(25.26978472079,-76.25796425034,
    32.988692606389));
#13373 = CARTESIAN_POINT('',(14.176261060145,-79.00977708187,
    31.738657352307));
#13374 = CARTESIAN_POINT('',(86.7,-117.7798224994,78.743432864238));
#13375 = CARTESIAN_POINT('',(88.60148703161,-118.4969970342,
    74.02220351047));
#13376 = CARTESIAN_POINT('',(86.841721711149,-117.3394230895,
    71.719548406041));
#13377 = CARTESIAN_POINT('',(85.893720405703,-116.5277425059,
    68.783254115367));
#13378 = CARTESIAN_POINT('',(81.366908874255,-113.112425757,
    60.707434064197));
#13379 = CARTESIAN_POINT('',(74.919821073486,-108.4841767683,
    54.247686050419));
#13380 = CARTESIAN_POINT('',(70.079959771267,-105.1003908184,
    50.529210879928));
#13381 = CARTESIAN_POINT('',(57.44348865589,-96.23193256284,
    42.526885105822));
#13382 = CARTESIAN_POINT('',(43.329680320923,-87.00904906026,
    37.312470063354));
#13383 = CARTESIAN_POINT('',(36.003752764832,-79.70261902672,
    35.525142184523));
#13384 = CARTESIAN_POINT('',(25.26978472079,-76.38253123736,
    32.978895202915));
#13385 = CARTESIAN_POINT('',(14.176261060145,-78.66116888736,
    31.766075974347));
#13386 = CARTESIAN_POINT('',(86.7,-103.0752343127,79.899973508132));
#13387 = CARTESIAN_POINT('',(88.60148703161,-102.9198954877,
    75.247368800641));
#13388 = CARTESIAN_POINT('',(86.841721711149,-102.6589317957,
    72.874193788704));
#13389 = CARTESIAN_POINT('',(85.893720405703,-102.1747297418,
    69.912142759734));
#13390 = CARTESIAN_POINT('',(81.366908874255,-100.2722229128,
    61.717337658684));
#13391 = CARTESIAN_POINT('',(74.919821073486,-97.3446014205,
    55.123832426089));
#13392 = CARTESIAN_POINT('',(70.079959771267,-95.17623130649,
    51.309762751655));
#13393 = CARTESIAN_POINT('',(57.44348865589,-89.40042273719,
    43.064194867391));
#13394 = CARTESIAN_POINT('',(43.329680320923,-83.37278308669,
    37.598468510713));
#13395 = CARTESIAN_POINT('',(36.003752764832,-78.57324910462,
    35.613969032329));
#13396 = CARTESIAN_POINT('',(25.26978472079,-76.50709822437,
    32.969097799443));
#13397 = CARTESIAN_POINT('',(14.176261060145,-78.31256069285,
    31.793494596387));
#13398 = CARTESIAN_POINT('',(86.7,-88.37064612614,81.056514152026));
#13399 = CARTESIAN_POINT('',(88.60148703161,-87.34279394132,
    76.472534090813));
#13400 = CARTESIAN_POINT('',(86.841721711149,-87.97844050186,
    74.028839171366));
#13401 = CARTESIAN_POINT('',(85.893720405703,-87.82171697776,
    71.041031404102));
#13402 = CARTESIAN_POINT('',(81.366908874255,-87.4320200687,
    62.727241253171));
#13403 = CARTESIAN_POINT('',(74.919821073486,-86.20502607269,
    55.999978801759));
#13404 = CARTESIAN_POINT('',(70.079959771267,-85.25207179453,
    52.090314623382));
#13405 = CARTESIAN_POINT('',(57.44348865589,-82.56891291151,
    43.601504628961));
#13406 = CARTESIAN_POINT('',(43.329680320923,-79.73651711315,
    37.88446695807));
#13407 = CARTESIAN_POINT('',(36.003752764832,-77.44387918249,
    35.702795880137));
#13408 = CARTESIAN_POINT('',(25.26978472079,-76.63166521139,
    32.959300395969));
#13409 = CARTESIAN_POINT('',(14.176261060145,-77.96395249834,
    31.820913218427));
#13410 = CARTESIAN_POINT('',(86.7,-73.66605793948,82.21305479592));
#13411 = CARTESIAN_POINT('',(88.60148703161,-71.76569239485,
    77.697699380984));
#13412 = CARTESIAN_POINT('',(86.841721711149,-73.29794920801,
    75.183484554028));
#13413 = CARTESIAN_POINT('',(85.893720405703,-73.46870421366,
    72.16992004847));
#13414 = CARTESIAN_POINT('',(81.366908874255,-74.5918172245,
    63.737144847659));
#13415 = CARTESIAN_POINT('',(74.919821073486,-75.06545072489,
    56.876125177429));
#13416 = CARTESIAN_POINT('',(70.079959771267,-75.32791228257,
    52.87086649511));
#13417 = CARTESIAN_POINT('',(57.44348865589,-75.73740308586,
    44.138814390529));
#13418 = CARTESIAN_POINT('',(43.329680320923,-76.10025113958,
    38.170465405429));
#13419 = CARTESIAN_POINT('',(36.003752764832,-76.31450926039,
    35.791622727943));
#13420 = CARTESIAN_POINT('',(25.26978472079,-76.7562321984,
    32.949502992497));
#13421 = CARTESIAN_POINT('',(14.176261060145,-77.61534430383,
    31.848331840467));
#13422 = CARTESIAN_POINT('',(86.7,-58.96146975283,83.369595439814));
#13423 = CARTESIAN_POINT('',(88.601487031609,-56.18859084839,
    78.922864671156));
#13424 = CARTESIAN_POINT('',(86.841721711149,-58.61745791416,
    76.33812993669));
#13425 = CARTESIAN_POINT('',(85.893720405703,-59.11569144955,
    73.298808692838));
#13426 = CARTESIAN_POINT('',(81.366908874255,-61.7516143803,
    64.747048442147));
#13427 = CARTESIAN_POINT('',(74.919821073485,-63.92587537708,
    57.752271553099));
#13428 = CARTESIAN_POINT('',(70.079959771267,-65.40375277061,
    53.651418366837));
#13429 = CARTESIAN_POINT('',(57.443488655889,-68.90589326019,
    44.676124152098));
#13430 = CARTESIAN_POINT('',(43.329680320923,-72.46398516603,
    38.456463852787));
#13431 = CARTESIAN_POINT('',(36.003752764832,-75.18513933827,
    35.88044957575));
#13432 = CARTESIAN_POINT('',(25.26978472079,-76.88079918541,
    32.939705589023));
#13433 = CARTESIAN_POINT('',(14.176261060145,-77.26673610933,
    31.875750462507));
#13434 = CARTESIAN_POINT('',(86.7,-44.25688156618,84.526136083708));
#13435 = CARTESIAN_POINT('',(88.60148703161,-40.61148930192,
    80.148029961327));
#13436 = CARTESIAN_POINT('',(86.841721711148,-43.93696662032,
    77.492775319352));
#13437 = CARTESIAN_POINT('',(85.893720405703,-44.76267868545,
    74.427697337206));
#13438 = CARTESIAN_POINT('',(81.366908874254,-48.9114115361,
    65.756952036634));
#13439 = CARTESIAN_POINT('',(74.919821073486,-52.78630002928,
    58.628417928769));
#13440 = CARTESIAN_POINT('',(70.079959771266,-55.47959325865,
    54.431970238564));
#13441 = CARTESIAN_POINT('',(57.443488655892,-62.07438343453,
    45.213433913667));
#13442 = CARTESIAN_POINT('',(43.329680320921,-68.82771919247,
    38.742462300146));
#13443 = CARTESIAN_POINT('',(36.003752764835,-74.05576941617,
    35.969276423556));
#13444 = CARTESIAN_POINT('',(25.269784720789,-77.00536617242,
    32.929908185551));
#13445 = CARTESIAN_POINT('',(14.176261060145,-76.91812791482,
    31.903169084547));
#13446 = CARTESIAN_POINT('',(86.7,-29.55229337953,85.682676727602));
#13447 = CARTESIAN_POINT('',(88.601487031609,-25.03438775545,
    81.373195251499));
#13448 = CARTESIAN_POINT('',(86.841721711149,-29.25647532647,
    78.647420702014));
#13449 = CARTESIAN_POINT('',(85.893720405703,-30.40966592134,
    75.556585981573));
#13450 = CARTESIAN_POINT('',(81.366908874255,-36.0712086919,
    66.766855631122));
#13451 = CARTESIAN_POINT('',(74.919821073485,-41.64672468147,
    59.504564304439));
#13452 = CARTESIAN_POINT('',(70.079959771267,-45.55543374669,
    55.212522110291));
#13453 = CARTESIAN_POINT('',(57.443488655888,-55.24287360887,
    45.750743675236));
#13454 = CARTESIAN_POINT('',(43.329680320924,-65.19145321892,
    39.028460747504));
#13455 = CARTESIAN_POINT('',(36.003752764831,-72.92639949405,
    36.058103271363));
#13456 = CARTESIAN_POINT('',(25.269784720791,-77.12993315944,
    32.920110782078));
#13457 = CARTESIAN_POINT('',(14.176261060145,-76.56951972031,
    31.930587706587));
#13458 = CARTESIAN_POINT('',(86.7,-14.84770519288,86.839217371496));
#13459 = CARTESIAN_POINT('',(88.601487031609,-9.45728620899,
    82.59836054167));
#13460 = CARTESIAN_POINT('',(86.841721711149,-14.57598403263,
    79.802066084676));
#13461 = CARTESIAN_POINT('',(85.893720405703,-16.05665315723,
    76.685474625941));
#13462 = CARTESIAN_POINT('',(81.366908874255,-23.2310058477,
    67.776759225609));
#13463 = CARTESIAN_POINT('',(74.919821073485,-30.50714933367,
    60.380710680109));
#13464 = CARTESIAN_POINT('',(70.079959771267,-35.63127423473,
    55.993073982018));
#13465 = CARTESIAN_POINT('',(57.443488655888,-48.4113637832,
    46.288053436805));
#13466 = CARTESIAN_POINT('',(43.329680320924,-61.55518724536,
    39.314459194863));
#13467 = CARTESIAN_POINT('',(36.003752764831,-71.79702957194,
    36.146930119169));
#13468 = CARTESIAN_POINT('',(25.269784720791,-77.25450014645,
    32.910313378605));
#13469 = CARTESIAN_POINT('',(14.176261060145,-76.2209115258,
    31.958006328627));
#13470 = ADVANCED_FACE('',(#13471),#13481,.T.);
#13471 = FACE_BOUND('',#13472,.F.);
#13472 = EDGE_LOOP('',(#13473,#13474,#13475,#13476,#13477,#13478,#13479,
    #13480));
#13473 = ORIENTED_EDGE('',*,*,#12359,.T.);
#13474 = ORIENTED_EDGE('',*,*,#12647,.T.);
#13475 = ORIENTED_EDGE('',*,*,#12501,.T.);
#13476 = ORIENTED_EDGE('',*,*,#12934,.T.);
#13477 = ORIENTED_EDGE('',*,*,#12808,.T.);
#13478 = ORIENTED_EDGE('',*,*,#13223,.T.);
#13479 = ORIENTED_EDGE('',*,*,#13096,.T.);
#13480 = ORIENTED_EDGE('',*,*,#13350,.T.);
#13481 = PLANE('',#13482);
#13482 = AXIS2_PLACEMENT_3D('',#13483,#13484,#13485);
#13483 = CARTESIAN_POINT('',(14.176261060145,-76.2209115258,
    31.958006328627));
#13484 = DIRECTION('',(1.412140535728E-16,7.840953517925E-02,
    -0.996921232993));
#13485 = DIRECTION('',(-0.9829818506,-0.183137120568,-1.440404319074E-02
    ));
#13486 = ( GEOMETRIC_REPRESENTATION_CONTEXT(3) 
GLOBAL_UNCERTAINTY_ASSIGNED_CONTEXT((#13490)) 
GLOBAL_UNIT_ASSIGNED_CONTEXT((#13487,#13488,#13489)) 
REPRESENTATION_CONTEXT('Context #1',
  '3D Context with UNIT and UNCERTAINTY') );
#13487 = ( LENGTH_UNIT() NAMED_UNIT(*) SI_UNIT(.MILLI.,.METRE.) );
#13488 = ( NAMED_UNIT(*) PLANE_ANGLE_UNIT() SI_UNIT($,.RADIAN.) );
#13489 = ( NAMED_UNIT(*) SI_UNIT($,.STERADIAN.) SOLID_ANGLE_UNIT() );
#13490 = UNCERTAINTY_MEASURE_WITH_UNIT(LENGTH_MEASURE(0.2),#13487,
  'distance_accuracy_value','confusion accuracy');
#13491 = PRODUCT_RELATED_PRODUCT_CATEGORY('part',$,(#7));
ENDSEC;
END-ISO-10303-21;
